period_min,frequency_cpd,power
90.0,16.0,0.016549831663781434
86.49961321980956,16.6474732822299,0.018482032267522437
83.2613153578123,17.294946564459803,0.020456051130701012
80.25673305519454,17.942419846689702,0.022509623451742518
77.46144585198533,18.589893128919602,0.024667379893361
74.8543209721998,19.2373664111495,0.026915218438927944
72.41697806995363,19.884839693379405,0.029186338914030868
70.13335524889969,20.532312975609305,0.03136582677526225
67.98935468326634,21.179786257839204,0.03331484253051146
65.97255131165407,21.827259540069107,0.034907443443979336
64.07195188417364,22.474732822299007,0.03606621632469767
62.27779449288577,23.122206104528907,0.03678283717159817
60.58138086633889,23.76967938675881,0.03711766346136446
58.97493534653159,24.417152668988706,0.03718262593540983
57.451485723447995,25.06462595121861,0.03711682575458775
56.004762074297076,25.71209923344851,0.03706272097987015
54.62911051169371,26.35957251567841,0.03714631166173574
53.31941933876855,27.00704579790831,0.03746152301246055
52.07105557782866,27.65451908013821,0.03805859281603771
50.879810211337045,28.30199236236811,0.03893762363027924
49.741850771214665,28.949465644598014,0.0400493729423483
48.653680151183586,29.596938926827914,0.04130424889549663
47.612100709589534,30.244412209057813,0.042587707350053704
46.61418288650966,30.891885491287717,0.043777888876300436
45.6572376864273,31.539358773517616,0.044761242483505034
44.73879248215306,32.186832055747516,0.045443870345573345
43.856569681541,32.83430533797741,0.045758533905413755
43.00846786947316,33.48177862020732,0.045668083617364616
42.19254509640065,34.12925190243722,0.045165485347952464
41.40700403368885,34.776725184667114,0.0442698654471319
40.650178756920695,35.42419846689702,0.04301833627202479
39.92052295260903,36.07167174912692,0.04145492960619406
39.21659937262407,36.71914503135682,0.039619664165605015
38.53707038499675,37.36661831358672,0.037541278744695164
37.88068949038018,38.01409159581662,0.03523605421046916
37.246293690964535,38.66156487804652,0.03271307381477327
36.63279661355809,39.30903816027642,0.029984183357410616
36.03918230128836,39.956511442506326,0.027075399064828098
35.46449959929037,40.60398472473622,0.024035832774079818
34.9078570691205,41.251458006966125,0.020940627636710375
34.36841837470244,41.89893128919603,0.017886145467325375
33.84539808957443,42.546404571425924,0.01497839692968581
33.33805788123101,43.19387785365583,0.012318310100532822
32.845703033575255,43.84135113588573,0.00998849197948967
32.36767927303647,44.48882441811563,0.008045090570292481
31.903369867860842,45.13629770034553,0.006515975027220401
31.452192973532934,45.78377098257543,0.005404140573249022
31.01359920030214,46.43124426480533,0.004694013037020533
30.587069381431856,47.07871754703523,0.004358276856593618
30.172112523109824,47.726190829265136,0.004363495880465764
29.768263918999118,48.37366411149503,0.004673610043861218
29.37508341420757,49.021137393724935,0.005251088498925137
28.99215380504132,49.66861067595483,0.00605604239576522
28.61907936231115,50.316083958184734,0.007043983964749126
28.255484467204045,50.96355724041464,0.008163198752710099
27.901012349834687,51.61103052264453,0.0093528733537611
27.55532392157166,52.25850380487444,0.010543133782523468
27.21809669310493,52.90597708710434,0.011657885016259167
26.889023770998193,53.553450369334236,0.01262069393732704
26.567812926163004,54.20092365156414,0.01336297145237119
26.254185728311874,54.848396933794035,0.013832703668285441
25.947876741001405,55.49587021602394,0.01400147563450419
25.648632772374636,56.14334349825384,0.013867920176662505
25.356212177157108,56.79081678048374,0.01345693000184024
25.070384205862407,57.43829006271364,0.012815413685298446
24.79092839752366,58.085763344943544,0.012006357438509854
24.51763401259197,58.73323662717344,0.011103117946466737
24.250299502936155,59.38070990940334,0.010185343310420387
23.988732016142507,60.02818319163325,0.009337091909731596
23.732746931552352,60.67565647386314,0.008646947805033124
23.482167425691802,61.323129756093046,0.008209383315909752
23.236824064944095,61.97060303832294,0.008126302895790274
22.996554423492494,62.618076320552845,0.008507568000339702
22.761202724723685,63.26554960278275,0.009469325344721995
22.530619504427705,63.913022885012644,0.011129175958544107
22.3046612942644,64.56049616724255,0.01359771507896146
22.08319032408776,65.20796944947244,0.016966815766578235
21.866074241830194,65.85544273170234,0.02129616641105902
21.653185849750145,66.50291601393225,0.026600705538924362
21.44440285593847,67.15038929616216,0.03284219451029126
21.239607640063632,67.79786257839206,0.039927702950097815
21.038687032412714,68.44533586062195,0.04771613118849537
20.84153210535627,69.09280914285185,0.05603159885672875
20.648037976429407,69.74028242508174,0.06468059076307897
20.458103622281243,70.38775570731165,0.07346902086514252
20.271631702799322,71.03522898954155,0.08221600246526663
20.088528394765465,71.68270227177146,0.09076252463927754
19.908703234446087,72.33017555400136,0.09897462383251743
19.732068968561816,72.97764883623125,0.10674151738238088
19.55854141312082,73.62512211846115,0.11396956992665007
19.38803931963581,74.27259540069106,0.12057325509164249
19.220484248278158,74.92006868292096,0.1264647618014473
19.055800447552972,75.56754196515087,0.13154457180965434
18.89391474010743,76.21501524738076,0.13569588283621015
18.734756414310624,76.86248852961066,0.13878573289518692
18.578257121267516,77.50996181184055,0.1406747656676803
18.424350776951837,78.15743509407046,0.14123568447860493
18.27297346916354,78.80490837630036,0.14037783578377694
18.12406336903554,79.45238165853027,0.13807272034038454
17.97756064683248,80.09985494076017,0.134373593142662
17.83340739180035,80.74732822299006,0.129422718144115
17.69154753584172,81.39480150521996,0.1234426673734924
17.551926780804948,82.04227478744987,0.11671251160016831
17.4144925291895,82.68974806967977,0.10953409658070154
17.279193818081417,83.33722135190966,0.1021960757766369
17.14598125614478,83.98469463413957,0.09494321417891752
17.014806963505382,84.63216791636947,0.08795620573118411
16.885624514372964,85.27964119859936,0.08134409230974533
16.758388882257538,85.92711448082927,0.0751484676217234
16.633056387644032,86.57458776305917,0.06935659222594354
16.509584647997443,87.22206104528907,0.06391947351392337
16.38793252997838,87.86953432751898,0.058770820697065525
16.26806010375575,88.51700760974887,0.05384345426373799
16.149928599310023,89.16448089197877,0.04908101555849739
16.033500364626576,89.81195417420868,0.04444432134613755
15.918738825684507,90.45942745643858,0.03991301584987838
15.805608448151517,91.10690073866847,0.03548397715445903
15.694074700700586,91.75437402089837,0.03116815123009531
15.584104019868967,92.40184730312828,0.026987231968646566
15.475663776384325,93.04932058535817,0.02297108350524639
15.36872224288701,93.69679386758807,0.019156199754793442
15.26324856298148,94.34426714981798,0.015584949698478573
15.159212721553414,94.99174043204788,0.01230495808745306
15.056585516292525,95.63921371427777,0.009367790764562971
14.955338530364315,96.28668699650768,0.0068262022432871725
14.855444106177114,96.93416027873758,0.004729572831230398
14.756875320193432,97.58163356096748,0.0031177608733750266
14.659605958737512,98.22910684319739,0.0020142824082896404
14.56361049475342,98.87658012542728,0.001420281187129856
14.468864065470319,99.52405340765718,0.001310916795604128
14.375342450933978,100.17152668988709,0.0016354210412755697
14.283022053365475,100.81899997211698,0.0023212097287833413
14.191879877310209,101.46647325434688,0.0032813802642813793
14.101893510542148,102.11394653657679,0.004424073191238013
14.01304110568995,102.76141981880669,0.005661823377498809
13.925301362553366,103.40889310103658,0.006919227559087466
13.83865351107983,104.0563663832665,0.008137841567657431
13.753077294972696,104.70383966549639,0.009277942035641988
13.668552955903891,105.35131294772629,0.01031744225376792
13.585061218305189,105.9987862299562,0.011248731941884802
13.502583274713507,106.64625951218609,0.012074469097714877
13.421100771646781,107.29373279441599,0.012803363823347957
13.340595795988218,107.94120607664588,0.013446757344278604
13.261050861857616,108.5886793588758,0.014016367564730736
13.18244889794962,109.23615264110569,0.014523069699296929
13.104773235319609,109.88362592333559,0.01497617269039911
13.028007595598874,110.5310992055655,0.015382485728972018
12.9521360796216,111.17857248779539,0.015744615000828358
12.877143156446909,111.82604577002529,0.01605835642194726
12.80301365276013,112.4735190522552,0.016309624275028696
12.729732742638026,113.1209923344851,0.016471881019342525
12.657285937663499,113.76846561671499,0.016505307354333972
12.585659077375968,114.4159388989449,0.016358839770593263
12.51483832004414,115.0634121811748,0.015975693630002133
12.444810133748579,115.7108854634047,0.015302196304636919
12.375561287762011,116.3583587456346,0.014298869942212498
12.30707884421581,117.0058320278645,0.012951945119762344
12.23935015004165,117.6533053100944,0.011283062474124349
12.172362829177791,118.3007785923243,0.009354996369731906
12.106104775029902,118.9482518745542,0.007271883614974508
12.04056414317678,119.5957251567841,0.005173559637178379
11.975729344311743,120.24319843901401,0.0032248887852790913
11.911589037410826,120.8906717212439,0.0016019986773151834
11.84813212311939,121.5381450034738,0.00047773457205247934
11.785347737348943,122.18561828570371,8.336789747797447e-06
11.72322524507656,122.83309156793361,0.00032251461715555597
11.661754234339279,123.4805648501635,0.0015131317758242684
11.600924510416528,124.1280381323934,0.0036310051162729232
11.540726090193658,124.77551141462331,0.006680056181317476
11.48114919670006,125.4229846968532,0.0106132468479155
11.422184253815566,126.0704579790831,0.015329235157774165
11.363821881139183,126.71793126131301,0.020670317847143044
11.306052889014312,127.36540454354291,0.026422812024788304
11.24886827370492,128.01287782577282,0.03232142707347603
11.19225921271741,128.66035110800271,0.03805924479127748
11.136217060262997,129.3078243902326,0.043304500981404176
11.080733342855753,129.9552976724625,0.04772432224456036
11.025799755041586,130.6027709546924,0.051013957868727325
10.971408155253629,131.2502442369223,0.05292818969267586
10.917550561789707,131.8977175191522,0.05331012755507632
10.864219148907697,132.54519080138212,0.052112207610342604
10.8114062430348,133.19266408361202,0.04940530867111513
10.759104319086797,133.8401373658419,0.04537427965142844
10.707305996893666,134.48761064807184,0.04030102174499677
10.656004037727945,135.13508393030173,0.034538573334449076
10.60519134093241,135.78255721253163,0.028480695547660733
10.554860940643794,136.43003049476152,0.022531160609566527
10.505006002609345,137.07750377699142,0.017075751411116228
10.455619821093196,137.72497705922132,0.012458535973576641
10.406695815869568,138.3724503414512,0.00896279567724589
10.35822752930002,139.0199236236811,0.006796291421862898
10.310208623491976,139.667396905911,0.006080347729535387
10.262632877535921,140.31487018814093,0.006842420515748295
10.215494184818773,140.96234347037083,0.009012271285750799
10.168786550410912,141.60981675260072,0.012422456954286202
10.122504088524579,142.25729003483062,0.01681434782065821
10.076641020041402,142.90476331706054,0.021851020742299648
10.03119167010678,143.55223659929044,0.027137877821393108
9.986150465789118,144.19970988152033,0.03225064268928822
9.941511933801813,144.84718316375023,0.03676874338121073
9.897270698286087,145.49465644598013,0.040310561487195126
9.853421478652743,146.14212972821002,0.04256624195414576
9.809959087481044,146.78960301043992,0.04332408575862999
9.766878428472964,147.43707629266984,0.04248787378267832
9.7241744944611,148.08454957489974,0.040084248112549944
9.681842365468588,148.73202285712964,0.036260832333636944
9.639877206819543,149.37949613935953,0.031276653817321774
9.598274267298363,150.02696942158943,0.02548658523031641
9.55702887735651,150.67444270381932,0.019321217424393584
9.516136447365348,151.32191598604922,0.013263170163196943
9.47559246591362,151.96938926827914,0.007820581613898099
9.43539249814828,152.61686255050904,0.003498450735223207
9.395532184157355,153.26433583273894,0.000768595571676927
9.35600723739366,153.91180911496883,3.921308004543727e-05
9.316813443138106,154.55928239719873,0.0016254253653578909
9.277946657001479,155.20675567942862,0.005722800276838935
9.239402803463562,155.85422896165855,0.012386515293997626
9.201177874448542,156.50170224388845,0.021519251634292642
9.163267927935586,157.14917552611834,0.03287061702963345
9.125669086603674,157.79664880834824,0.046049620453692035
9.088377536509633,158.44412209057813,0.0605496074575441
9.051389525798452,159.09159537280803,0.07578274139150046
9.014701363444967,159.73906865503795,0.09111944341756685
8.978309418026038,160.38654193726785,0.10592782272421994
8.942210116522308,161.03401521949775,0.11960909879187638
8.906399943148797,161.68148850172764,0.13162679752419904
8.870875438213458,162.32896178395754,0.14152926803311136
8.835633197002942,162.97643506618743,0.14896615616526948
8.800669868694824,163.62390834841736,0.15369968293262604
8.765982155295557,164.27138163064726,0.15561117084307644
8.731566810603427,164.91885491287715,0.15470272037698526
8.697420639195864,165.56632819510705,0.15109366008481803
8.6635404954404,166.21380147733694,0.1450115024056381
8.629923282528672,166.86127475956684,0.13677750383623383
8.59656595153282,167.50874804179674,0.12678733985998766
8.563465500483677,168.15622132402666,0.11548774743790212
8.530618973470192,168.80369460625656,0.10335030205473664
8.498023459759478,169.45116788848645,0.09084388580349317
8.465676092936985,170.09864117071635,0.07840787722547578
8.433574050066197,170.74611445294624,0.06642848216427413
8.401714550867412,171.39358773517614,0.055220642465662696
8.370094856915056,172.04106101740607,0.0450173892588645
8.338712270853037,172.68853429963596,0.03596737668895147
8.3075641356277,173.33600758186586,0.02813994687676492
8.276647833737915,173.98348086409575,0.02153588635204786
8.245960786501827,174.63095414632565,0.01610140732218265
8.215500453339883,175.27842742855555,0.011742947288527626
8.185264331073668,175.92590071078547,0.008340982423882799
8.155249953240183,176.57337399301537,0.0057618857595845875
8.125454889421148,177.22084727524526,0.003867613737519088
8.09587674458695,177.86832055747516,0.0025234687667677795
8.066513158454883,178.51579383970505,0.0016043134451619852
8.037361804861288,179.16326712193495,0.0009994885355632704
8.008420391147258,179.81074040416487,0.0006164608904847977
7.979686657557584,180.45821368639477,0.00038304203443336674
7.95115837665258,181.10568696862467,0.00024796257782886755
7.92283335273247,181.75316025085456,0.00017968503616860033
7.894709421274065,182.40063353308446,0.000163554792755177
7.866784448379366,183.04810681531436,0.0001976559309105061
7.839056330235845,183.69558009754425,0.00028796983306978596
7.811522992588093,184.34305337977418,0.0004435521334625454
7.784182390220566,184.99052666200407,0.000672403896393967
7.757032506451153,185.63799994423397,0.0009785243021975167
7.730071352635308,186.28547322646386,0.0013603544188512588
7.70329696768049,186.93294650869376,0.0018105409872113294
7.67670741757065,187.58041979092366,0.0023167417391064854
7.650300794900538,188.22789307315358,0.0028630978560436893
7.624075218419588,188.87536635538348,0.003432008747698991
7.59802883258516,189.52283963761337,0.004005922800783483
7.572159807124889,190.17031291984327,0.004568959752360182
7.546466336607961,190.81778620207317,0.005108269414763439
7.520946640025084,191.46525948430306,0.0056150880725396495
7.495598960376953,192.112732766533,0.006085474855602222
7.470421564271003,192.76020604876288,0.006520704319535827
7.445412741526267,193.40767933099278,0.0069272732698142684
7.420570804786145,194.05515261322267,0.007316466479104842
7.395894089138898,194.70262589545257,0.007703432413229061
7.37138095174569,195.35009917768247,0.008105755496294458
7.347029771475996,195.9975724599124,0.00854157515539725
7.322838948550224,196.6450457421423,0.009027382021454011
7.298806904189368,197.29251902437218,0.009575698182163118
7.274932080271533,197.93999230660208,0.010192900469873853
7.251212938995187,198.58746558883198,0.010877459954763196
7.227647962548977,199.23493887106187,0.011618844741790911
7.204235652787949,199.88241215329177,0.012397272704336238
7.180974530916076,200.5298854355217,0.01318441362821369
7.157863137174871,201.1773587177516,0.013945032308110818
7.134900030538026,201.82483199998148,0.014639442540648839
7.112083788411897,202.47230528221138,0.015226521799017585
7.08941300634172,203.11977856444128,0.01566694380340634
7.066886297723432,203.76725184667117,0.01592625166008758
7.044502293520957,204.4147251289011,0.01597743749801867
7.022259641988874,205.062198411131,0.01580281080745375
7.000157008400275,205.7096716933609,0.015395095128991076
6.978193074779806,206.35714497559078,0.01475784421148882
6.956366539641666,207.00461825782068,0.013905371105926755
6.934676117732541,207.65209154005058,0.012862413359940286
6.913120539779315,208.2995648222805,0.011663715246334931
6.891698552241482,208.9470381045104,0.010353612953264346
6.870408917068137,209.5945113867403,0.008985588308577422
6.849250411459471,210.2419846689702,0.007621638528234334
6.828221827632638,210.8894579512001,0.006331218440718933
6.807321972591949,211.53693123342998,0.005189470236539002
6.786549667903247,212.1844045156599,0.004274484804178455
6.765903749472426,212.8318777978898,0.0036634530535142747
6.745383067327959,213.4793510801197,0.003427764532446963
6.724986485407377,214.1268243623496,0.0036273659797644753
6.7047128813476204,214.7742976445795,0.004304944123949569
6.684561146279162,215.4217709268094,0.0054806650334079925
6.664530184623829,216.06924420903928,0.007148217307832248
6.644618913896261,216.7167174912692,0.00927274631030265
6.624826264508901,217.3641907734991,0.011790976346363148
6.6051511795804725,218.011664055729,0.014613493715547288
6.58559261474786,218.6591373379589,0.017628907669268095
6.56614953798131,219.3066106201888,0.020709475215788316
6.546820929402917,219.9540839024187,0.023717758721817694
6.527605781108275,220.6015571846486,0.02651392287862387
6.508503096991294,221.2490304668785,0.028963306260162046
6.489511892572062,221.8965037491084,0.030943894965591877
6.470631194827715,222.5439770313383,0.03235330110291587
6.45186004202626,223.1914503135682,0.03311485051317964
6.433197483563273,223.8389235957981,0.033182441192101
6.414642579801424,224.48639687802802,0.03254393500875087
6.396194401912779,225.1338701602579,0.03122294405081053
6.3778520317238,225.7813434424878,0.029278920827877728
6.359614561563024,226.4288167247177,0.02680544626486535
6.34148109411133,227.0762900069476,0.023926570110634753
6.323450742254774,227.7237632891775,0.020791066906639236
6.305522628939913,228.37123657140742,0.01756458911457315
6.287695887031606,229.01870985363732,0.01441994038264011
6.269969659173186,229.66618313586721,0.011526008218827998
6.252343097649031,230.3136564180971,0.00903619975277119
6.234815364249412,230.961129700327,0.007077431961358024
6.217385630137627,231.6086029825569,0.005740788124598683
6.200053075719353,232.2560762647868,0.005074854954002606
6.182816890514174,232.90354954701672,0.005082513316136448
6.165676273029256,233.55102282924662,0.005721590491085318
6.148630430635097,234.19849611147652,0.006909323169375159
6.131678579443357,234.8459693937064,0.0085300849036617
6.114819944186689,235.4934426759363,0.010445395789674568
6.098053758100544,236.1409159581662,0.012504973040295707
6.081379262806927,236.78838924039613,0.014557587121629663
6.064795708200053,237.43586252262602,0.01646076457090419
6.048302352333851,238.08333580485592,0.018088828022628425
6.031898461311323,238.73080908708582,0.01933921923675363
6.015583309175685,239.3782823693157,0.0201373467212746
5.999356177803277,240.0257556515456,0.020440244044701697
5.983216356798186,240.67322893377553,0.020239136368481073
5.967163143388587,241.32070221600543,0.019560706180324475
5.951195842324736,241.96817549823533,0.01846658340195415
5.935313765778595,242.61564878046522,0.01705049534362024
5.9195162332450675,243.26312206269512,0.015432659906092966
5.903802571444798,243.910595344925,0.013751365104795585
5.888172114228526,244.55806862715494,0.012152159199140944
5.872624202482948,245.20554190938483,0.010775563552696018
5.857158184038061,245.85301519161473,0.009744606789036004
5.841773413575989,246.50048847384463,0.009153675856584907
5.826469252541214,247.14796175607452,0.009060123975593182
5.811245069052235,247.79543503830442,0.009479741100251194
5.796100237814602,248.44290832053431,0.010386614228398667
5.781034140035296,249.09038160276424,0.0117171943242369
5.766046163338469,249.73785488499414,0.013377716449135355
5.751135701682456,250.38532816722403,0.015253668317975626
5.736302155278093,251.03280144945393,0.01721988265563743
5.721544930508293,251.68027473168382,0.01915003985156223
5.706863439848861,252.32774801391372,0.02092479950050765
5.692257101790512,252.97522129614364,0.02243826475099326
5.677725340762107,253.62269457837354,0.02360286599812711
5.663267587055041,254.27016786060344,0.02435293923743864
5.648883276748788,254.91764114283333,0.024647261063796225
5.634571851637586,255.56511442506323,0.024470646201389768
5.620332759158228,256.2125877072931,0.023834508222028695
5.60616545231894,256.86006098952305,0.02277612344137298
5.592069389629349,257.50753427175295,0.021356291515325435
5.5780440350314775,258.15500755398284,0.019655187450819234
5.564088857831804,258.80248083621274,0.01776644133580495
5.550203332634313,259.44995411844263,0.01578981525595792
5.536386939274574,260.09742740067253,0.01382318613989802
5.52263916275477,260.7449006829024,0.0119547840001458
5.508959493179722,261.3923739651324,0.010256686116716816
5.4953474256938435,262.0398472473622,0.008780390156528359
5.481802460419027,262.68732052959217,0.007554920008295005
5.468324102393466,263.334793811822,0.006587461505300734
5.454911861511345,263.98226709405196,0.005866111787052569
5.441565252463452,264.62974037628186,0.0053640602995860265
5.428283794678631,265.27721365851176,0.005044443525766753
5.415067012266101,265.92468694074165,0.0048652049994717846
5.401914433958621,266.57216022297155,0.004783479227683484
5.388825593056471,267.21963350520144,0.004759225671751961
5.375800027372254,267.86710678743134,0.004758007902880711
5.36283727917649,268.51458006966124,0.004752915454901186
5.349936895143999,269.16205335189113,0.004725663864919453
5.337098426301054,269.8095266341211,0.004666904814289754
5.324321427973299,270.4569999163509,0.004575764695371787
5.311605459734398,271.1044731985809,0.004458635192672641
5.298950085355443,271.7519464808107,0.004327280919221942
5.286354872755056,272.39941976304067,0.004196407095822097
5.273819393950222,273.04689304527056,0.004080926950363419
5.261343225007809,273.69436632750046,0.003993252998867363
5.248925945996777,274.34183960973036,0.003940975274678512
5.236567140941064,274.98931289196025,0.003925260595001656
5.2242663977731345,275.63678617419015,0.003940208993847551
5.212023308288179,276.28425945642005,0.0039732577192034815
5.199837468098963,276.93173273864994,0.0040065643957300145
5.187708476591296,277.57920602087984,0.004019163619938234
5.175635936880138,278.22667930310973,0.003989598804019587
5.1636194557663,278.8741525853397,0.0038986923310653306
5.151658643693766,279.5216258675696,0.003732129200521702
5.139753114707585,280.1690991497995,0.0034825827238594755
5.12790248641236,280.8165724320294,0.003151192120930748
5.116106379931311,281.46404571425927,0.002748294985027471
5.104364419865892,282.11151899648917,0.0022934051678788797
5.09267623425597,282.75899227871906,0.001814493687406492
5.081041454540548,283.40646556094896,0.0013466688944029164
5.0694597155190255,284.05393884317886,0.0009303642668625702
5.0579306553129815,284.70141212540875,0.0006091378436086444
5.046453915328495,285.34888540763865,0.00042717912719108706
5.035029140218953,285.99635868986854,0.00042661678433755324
5.023655977848383,286.64383197209844,0.0006447273345576869
5.0123340792552735,287.2913052543284,0.001111160662398708
5.001063098616881,287.9387785365583,0.0018453213111674675
