flat,sequence,file,jd,minutes,target_rate,dn_rate,ensemble_rate,diff_flux,check_diff_flux,n_comps,n_sources,good,reject_reason,minutes_combined,diff_flux_norm,check_diff_flux_norm
flat_4s_masked,V_8 generic,light_V_8s_2026_05_20-0001_flat_4s_masked_cal.fits,2461181.672184375,0.0,188135.58784484863,275806.6961669922,1210.229712486267,155.4544446428665,227.89615336776146,8,19,True,ok,0.0,0.9852961235307116,0.9919919715649247
flat_4s_masked,V_8 generic,light_V_8s_2026_05_20-0002_flat_4s_masked_cal.fits,2461181.672376852,0.2771667391061783,169996.4757080078,244303.95166015625,1049.7983503341675,161.93250413652797,232.7151224636526,8,17,True,ok,0.2771667391061783,1.0263551419574253,1.0129680985582983
flat_4s_masked,V_8 generic,light_V_8s_2026_05_20-0003_flat_4s_masked_cal.fits,2461181.6725682872,0.5528334528207779,198309.7179260254,299039.36169433594,1282.992862701416,154.56806011256583,233.07952085149654,8,20,True,ok,0.5528334528207779,0.9796780709644487,1.0145542608074216
flat_4s_masked,V_8 generic,light_V_8s_2026_05_20-0004_flat_4s_masked_cal.fits,2461181.6727600694,0.8289997279644012,170312.2891845703,252445.99759674072,1073.089539527893,158.7120952269271,235.2515687626632,8,17,True,ok,0.8289997279644012,1.0059436547072333,1.0240088042821185
flat_4s_masked,V_8 generic,light_V_8s_2026_05_20-0005_flat_4s_masked_cal.fits,2461181.6729527777,1.10649973154068,195335.7695236206,285557.8159561157,1245.524088859558,156.83018198586294,229.26719644385332,8,21,True,ok,1.10649973154068,0.9940157756073372,0.9979598815276612
flat_4s_masked,V_8 generic,light_V_8s_2026_05_20-0006_flat_4s_masked_cal.fits,2461181.6731434027,1.3809996843338013,188502.72843170166,277019.76753234863,1201.8246641159058,156.84711261136357,230.49931974572326,8,20,True,ok,1.3809996843338013,0.9941230847274659,1.0033230980864798
flat_4s_masked,V_8 generic,light_V_8s_2026_05_20-0007_flat_4s_masked_cal.fits,2461181.6733350693,1.6569996625185013,201056.61463546753,283591.8405303955,1287.157874584198,156.2019847024722,220.32405358356425,8,21,True,ok,1.6569996625185013,0.9900341567507044,0.959031949718085
flat_4s_masked,V_8 generic,light_V_8s_2026_05_20-0008_flat_4s_masked_cal.fits,2461181.6735259257,1.931832879781723,156399.76360702515,228912.46083068848,973.5340008735657,160.65156786171357,235.13555831155577,8,15,True,ok,1.931832879781723,1.018236354817154,1.023503831142311
flat_4s_masked,V_8 generic,light_V_8s_2026_05_20-0009_flat_4s_masked_cal.fits,2461181.6737177083,2.2079998254776,200712.26094818115,292147.20095825195,1271.9849591255188,157.79452383318235,229.6781883011425,8,20,True,ok,2.2079998254776,1.0001279346138237,0.9997488569745242
flat_4s_masked,V_8 generic,light_V_8s_2026_05_20-0010_flat_4s_masked_cal.fits,2461181.6739096064,2.4843330681324005,178136.8524169922,251383.29122924805,1110.4018445014954,160.4255732274698,226.3894755525233,8,19,True,ok,2.4843330681324005,1.0168039632405048,0.9854336673795997
flat_4s_masked,V_8 generic,light_V_8s_2026_05_20-0011_flat_4s_masked_cal.fits,2461181.67410081,2.7596665173768997,222028.05809020996,322535.9979248047,1415.2174000740051,156.88618446791256,227.90561924121235,8,23,True,ok,2.7596665173768997,0.9943707286522524,0.9920331748512828
flat_4s_masked,V_8 generic,light_V_8s_2026_05_20-0012_flat_4s_masked_cal.fits,2461181.674292361,3.0354995280504227,174685.39957427979,251553.83024597168,1116.3591213226318,156.47778231732212,225.33414690779574,8,21,True,ok,3.0354995280504227,0.9917822079010908,0.9808400069449593
flat_4s_masked,V_8 generic,light_V_8s_2026_05_20-0013_flat_4s_masked_cal.fits,2461181.6744832178,3.310333415865898,187057.0044822693,277269.74864959717,1211.3520131111145,154.4200219735062,228.89279552810208,8,22,True,ok,3.310333415865898,0.9787397806190987,0.9963301800294861
flat_4s_masked,V_8 generic,light_V_8s_2026_05_20-0014_flat_4s_masked_cal.fits,2461181.674675,3.5864996910095215,156347.1926422119,233144.97511291504,1006.90673828125,155.27475057828136,231.54574922289655,7,17,True,ok,3.5864996910095215,0.9841571926647338,1.0078780220061023
flat_4s_masked,V_8 generic,light_V_8s_2026_05_20-0015_flat_4s_masked_cal.fits,2461181.6748667825,3.8626666367053986,170881.40197753906,250924.82153320312,1071.4833636283875,159.48115274406095,234.18452404477,8,20,True,ok,3.8626666367053986,1.010818069151574,1.0193641458365559
flat_4s_masked,V_8 generic,light_V_8s_2026_05_20-0016_flat_4s_masked_cal.fits,2461181.675058449,4.138666614890099,185348.79667663574,274649.9433898926,1169.2116413116455,158.52459052555076,234.90182075315693,8,22,True,ok,4.138666614890099,1.0047552187262982,1.0224864125595117
flat_4s_masked,V_8 generic,light_V_8s_2026_05_20-0017_flat_4s_masked_cal.fits,2461181.6752502313,4.414832890033722,209355.04541015625,298801.5670928955,1332.520426273346,157.11207219213787,224.23788874182782,8,23,True,ok,4.414832890033722,0.9958024426154246,0.9760681874853839
flat_4s_masked,V_8 generic,light_V_8s_2026_05_20-0018_flat_4s_masked_cal.fits,2461181.67544213,4.691166803240776,127827.3238067627,188341.1004333496,819.609926700592,155.96117084787178,229.79358143151387,8,16,True,ok,4.691166803240776,0.9885078384908735,1.0002511430254757
flat_4s_masked,V_8 generic,light_V_8s_2026_05_20-0019_flat_4s_masked_cal.fits,2461181.6756346063,4.968332871794701,219841.7055091858,322758.43811035156,1385.7389850616455,158.64582571400052,232.91430896417586,8,24,True,ok,4.968332871794701,1.0055236275131263,1.0138351224480975
flat_4s_masked,V_8 generic,light_V_8s_2026_05_20-0020_flat_4s_masked_cal.fits,2461181.6758256946,5.2435000240802765,196512.7699508667,287910.02225494385,1219.8399300575256,161.0971776777298,236.02278885998302,8,23,True,ok,5.2435000240802765,1.0210607039397328,1.02736579005632
flat_4s_masked,V_8 generic,light_V_8s_2026_05_20-0021_flat_4s_masked_cal.fits,2461181.676017361,5.5195000022649765,203650.44956970215,295539.75286865234,1271.0919089317322,160.21693485631323,232.50856274982803,8,23,True,ok,5.5195000022649765,1.0154815785457951,1.012068980364618
flat_4s_masked,V_8 generic,light_V_8s_2026_05_20-0022_flat_4s_masked_cal.fits,2461181.676209028,5.7954999804496765,208467.42932891846,297931.3826904297,1307.9056825637817,159.3902619340843,227.79271216745454,8,23,True,ok,5.7954999804496765,1.0102419880820344,0.9915417101685952
flat_4s_masked,V_8 generic,light_V_8s_2026_05_20-0023_flat_4s_masked_cal.fits,2461181.6764001157,6.070666462182999,220504.83405303955,325993.0580215454,1393.4989795684814,158.23824580145893,233.9384978398005,8,24,True,ok,6.070666462182999,1.0029403182434635,1.0182932369312596
flat_4s_masked,V_8 generic,light_V_8s_2026_05_20-0024_flat_4s_masked_cal.fits,2461181.6765917824,6.346666440367699,158852.69470214844,227951.02865600586,980.915566444397,161.9432906727686,232.38598351770293,8,19,True,ok,6.346666440367699,1.0264235088180103,1.0115354144735234
flat_4s_masked,V_8 generic,light_V_8s_2026_05_20-0025_flat_4s_masked_cal.fits,2461181.676783449,6.622666418552399,220984.98141479492,335429.98388671875,1480.1222524642944,149.30184384895992,226.6231612478311,8,23,True,ok,6.622666418552399,0.9462999164695692,0.986450860211463
flat_4s_masked,V_8 generic,light_V_8s_2026_05_20-0026_flat_4s_masked_cal.fits,2461181.6769761574,6.900166422128677,226999.95192337036,329587.94651794434,1418.2909979820251,160.0517469590872,232.38386691228325,8,24,True,ok,6.900166422128677,1.0144345901810372,1.0115262012614867
flat_4s_masked,V_8 generic,light_V_8s_2026_05_20-0027_flat_4s_masked_cal.fits,2461181.6771674766,7.1756661683321,197353.84757232666,289590.4050292969,1255.589837551117,157.18018868107643,230.64092776834633,8,24,True,ok,7.1756661683321,0.9962341762506634,1.0039394929640388
flat_4s_masked,V_8 generic,light_V_8s_2026_05_20-0028_flat_4s_masked_cal.fits,2461181.677359375,7.452000081539154,172893.57830810547,248976.24514770508,1059.765592098236,163.14322676375298,234.93520359984095,8,19,True,ok,7.452000081539154,1.0340289033221535,1.0226317222341559
flat_4s_masked,V_8 generic,light_V_8s_2026_05_20-0029_flat_4s_masked_cal.fits,2461181.677550463,7.727166563272476,224343.76306152344,334225.5635986328,1438.7670426368713,155.92778845584476,232.2999858170838,8,24,True,ok,7.727166563272476,0.9882962553384331,1.0111610815708985
flat_4s_masked,V_8 generic,light_V_8s_2026_05_20-0030_flat_4s_masked_cal.fits,2461181.677741667,8.002500012516975,193334.08770751953,275613.6522369385,1200.5286326408386,161.04079690480748,229.5769086578659,8,23,True,ok,8.002500012516975,1.0207033532243532,0.9993080044567056
flat_4s_masked,V_8 generic,light_V_8s_2026_05_20-0031_flat_4s_masked_cal.fits,2461181.6779328706,8.277833461761475,207405.14782714844,303370.0628051758,1303.2655515670776,159.14266097017568,232.77685997331577,8,26,True,ok,8.277833461761475,1.0086726519946547,1.0132368311061066
flat_4s_masked,V_8 generic,light_V_8s_2026_05_20-0032_flat_4s_masked_cal.fits,2461181.6781244213,8.553666472434998,152348.06826782227,232030.0732421875,994.8324785232544,153.13941950706135,233.23532177660377,8,16,True,ok,8.553666472434998,0.9706231092117888,1.0152324348993702
flat_4s_masked,V_8 generic,light_V_8s_2026_05_20-0033_flat_4s_masked_cal.fits,2461181.678316204,8.829833418130875,216801.9701461792,312695.51164245605,1394.0120944976807,155.5237368469904,224.31334195499429,8,25,True,ok,8.829833418130875,0.9857353090443265,0.9763966220841422
flat_4s_masked,V_8 generic,light_V_8s_2026_05_20-0034_flat_4s_masked_cal.fits,2461181.6785078705,9.105833396315575,197640.47332763672,291623.26905441284,1265.8408908843994,156.13374062324067,230.37908725690298,8,25,True,ok,9.105833396315575,0.9896016144269695,1.0027997471572585
flat_4s_masked,V_8 generic,light_V_8s_2026_05_20-0035_flat_4s_masked_cal.fits,2461181.678699537,9.381833374500275,216193.58892059326,316019.7700576782,1382.1869559288025,156.41414353770645,228.63749994321074,8,27,True,ok,9.381833374500275,0.9913788547322213,0.9952189231396891
flat_4s_masked,V_8 generic,light_V_8s_2026_05_20-0036_flat_4s_masked_cal.fits,2461181.6788909724,9.657500088214874,213457.8097267151,308640.34857940674,1358.6333816051483,157.11214858752166,227.16970800081893,8,25,True,ok,9.657500088214874,0.9958029268220723,0.9888298823363951
flat_4s_masked,V_8 generic,light_V_8s_2026_05_20-0037_flat_4s_masked_cal.fits,2461181.67908206,9.932666569948196,216529.07959747314,317437.3898162842,1397.264571428299,154.96641368079258,227.18488417107451,8,28,True,ok,9.932666569948196,0.9822029021294254,0.9888959415428809
flat_4s_masked,V_8 generic,light_V_8s_2026_05_20-0038_flat_4s_masked_cal.fits,2461181.6792738424,10.20883284509182,179028.80472564697,260571.3502960205,1141.3589906692505,156.85582379359113,228.29920509342213,8,24,True,ok,10.20883284509182,0.9941782976491672,0.993746385011893
flat_4s_masked,V_8 generic,light_V_8s_2026_05_20-0039_flat_4s_masked_cal.fits,2461181.6794653935,10.484666526317596,227148.73500823975,328175.87619018555,1450.592029094696,156.59036479746936,,8,28,True,ok,10.484666526317596,0.9924957743836792,
flat_4s_masked,V_8 generic,light_V_8s_2026_05_20-0040_flat_4s_masked_cal.fits,2461181.679657176,10.760833472013474,211449.2461090088,307325.9769973755,1351.960998058319,156.40188319980484,227.31867075955284,8,24,True,ok,10.760833472013474,0.9913011466716034,0.9894782910898668
flat_4s_masked,V_8 generic,light_V_8s_2026_05_20-0041_flat_4s_masked_cal.fits,2461181.679848843,11.036833450198174,199035.12255859375,290143.4858016968,1229.3604617118835,161.90135339267172,236.01172710375945,8,24,True,ok,11.036833450198174,1.026157703362233,1.0273176401722475
flat_4s_masked,V_8 generic,light_V_8s_2026_05_20-0042_flat_4s_masked_cal.fits,2461181.6800405094,11.312833428382874,197066.5007095337,278422.88369750977,1237.8040237426758,159.20654395166306,224.93292828024482,8,26,True,ok,11.312833428382874,1.0090775529556,0.9790935726524483
flat_4s_masked,V_8 generic,light_V_8s_2026_05_20-0043_flat_4s_masked_cal.fits,2461181.6802317128,11.588166207075119,192664.58042907715,281947.101272583,1216.195140838623,158.41584459565095,231.8271894082453,8,26,True,ok,11.588166207075119,1.0040659689372287,1.009103081754659
flat_4s_masked,V_8 generic,light_V_8s_2026_05_20-0044_flat_4s_masked_cal.fits,2461181.6804236113,11.864500120282173,228767.5131225586,327807.1955604553,1421.214370727539,160.96622566900263,230.6528855267952,8,27,True,ok,11.864500120282173,1.0202307083299973,1.0039915429885955
flat_4s_masked,V_8 generic,light_V_8s_2026_05_20-0045_flat_4s_masked_cal.fits,2461181.680614699,12.139666602015495,160802.0429611206,235489.2802734375,1031.6073369979858,155.87524166807526,228.2741425227933,8,24,True,ok,12.139666602015495,0.9879632050585764,0.993637292039137
flat_4s_masked,V_8 generic,light_V_8s_2026_05_20-0046_flat_4s_masked_cal.fits,2461181.6808056715,12.414666786789894,210702.63354492188,298465.37324905396,1309.297327041626,160.92802543254797,227.95843777015895,8,27,True,ok,12.414666786789894,1.0199885888783264,0.9922630846408541
flat_4s_masked,V_8 generic,light_V_8s_2026_05_20-0047_flat_4s_masked_cal.fits,2461181.6809974536,12.690833061933517,217812.2180328369,311051.62226104736,1340.082233428955,162.5364567930333,232.1138318990615,8,29,True,ok,12.690833061933517,1.0301830943367725,1.0103507862261785
flat_4s_masked,V_8 generic,light_V_8s_2026_05_20-0048_flat_4s_masked_cal.fits,2461181.6811891203,12.966833040118217,143613.86950683594,205902.75689697266,901.9929032325745,159.2184029299461,228.27536243251532,8,17,True,ok,12.966833040118217,1.009152717132206,0.9936426020921255
flat_4s_masked,V_8 generic,light_V_8s_2026_05_20-0049_flat_4s_masked_cal.fits,2461181.68138044,13.242333456873894,215917.9063949585,317350.9981689453,1357.7023825645447,159.0318387650718,233.7412103302828,8,27,True,ok,13.242333456873894,1.0079702424280397,1.0174344790161323
flat_4s_masked,V_8 generic,light_V_8s_2026_05_20-0050_flat_4s_masked_cal.fits,2461181.6815721067,13.518333435058594,233180.51765060425,334607.47106933594,1448.9189734458923,160.9341322213778,230.9359441084242,8,28,True,ok,13.518333435058594,1.0200272947215403,1.0052236473322147
flat_4s_masked,V_8 generic,light_V_8s_2026_05_20-0051_flat_4s_masked_cal.fits,2461181.6817636574,13.794166445732117,217716.64643859863,316486.81994628906,1391.0807723999023,156.50898981443927,227.51146175378713,8,28,True,ok,13.794166445732117,0.9919800062078891,0.9903174764628724
flat_4s_masked,V_8 generic,light_V_8s_2026_05_20-0052_flat_4s_masked_cal.fits,2461181.681955324,14.070166423916817,205163.00894927979,310687.4688720703,1324.1169590950012,154.94326807014332,234.63748178591183,8,25,True,ok,14.070166423916817,0.9820562013998202,1.0213357914129768
flat_4s_masked,V_8 generic,light_V_8s_2026_05_20-0053_flat_4s_masked_cal.fits,2461181.682147222,14.346499666571617,216395.14161491394,310825.1610069275,1378.5544118881226,156.97250666988953,225.47181186791826,8,26,True,ok,14.346499666571617,0.9949178531244921,0.9814392383632579
flat_4s_masked,V_8 generic,light_V_8s_2026_05_20-0054_flat_4s_masked_cal.fits,2461181.6823388888,14.622499644756317,220518.55006599426,321984.12922668457,1400.1655762195587,157.49462335832698,229.9614664831572,8,27,True,ok,14.622499644756317,0.9982271155282141,1.0009819172000938
flat_4s_masked,V_8 generic,light_V_8s_2026_05_20-0055_flat_4s_masked_cal.fits,2461181.682530903,14.898999854922295,177465.72995758057,262052.85189819336,1122.3195872306824,158.124060184565,233.49218429378692,8,24,True,ok,14.898999854922295,1.0022165908135594,1.0163505123705177
flat_4s_masked,V_8 generic,light_V_8s_2026_05_20-0056_flat_4s_masked_cal.fits,2461181.6827226854,15.175166800618172,245790.27069091797,350366.298160553,1552.1412374973297,158.3556088537599,,8,28,True,ok,15.175166800618172,1.0036841847874116,
flat_4s_masked,V_8 generic,light_V_8s_2026_05_20-0057_flat_4s_masked_cal.fits,2461181.682914352,15.451166778802872,197101.6333847046,294903.47119140625,1260.7296018600464,156.33933961248007,233.9149257353152,8,25,True,ok,15.451166778802872,0.9909047350136134,1.018190631696126
flat_4s_masked,V_8 generic,light_V_8s_2026_05_20-0058_flat_4s_masked_cal.fits,2461181.68310625,15.727500021457672,193795.5836982727,285752.80934143066,1259.8056650161743,153.82974460254124,226.82292775510098,8,24,True,ok,15.727500021457672,0.9749985044738215,0.987320408768869
flat_4s_masked,V_8 generic,light_V_8s_2026_05_20-0059_flat_4s_masked_cal.fits,2461181.683298148,16.003833264112473,230630.55373382568,335466.584854126,1469.3630418777466,156.95954448336704,228.3074878659139,8,29,True,ok,16.003833264112473,0.9948356966305917,0.9937824384673496
flat_4s_masked,V_8 generic,light_V_8s_2026_05_20-0060_flat_4s_masked_cal.fits,2461181.683489236,16.278999745845795,199747.14933013916,281238.5751953125,1251.2168974876404,159.64230480839737,224.7720405311187,8,26,True,ok,16.278999745845795,1.0118394777362847,0.9783932565080213
flat_4s_masked,V_8 generic,light_V_8s_2026_05_20-0061_flat_4s_masked_cal.fits,2461181.683680787,16.55483342707157,210088.79265975952,313211.45587158203,1323.9466154575348,158.6837340772658,236.57408253076818,8,26,True,ok,16.55483342707157,1.005763897023982,1.0297654746815839
flat_4s_masked,V_8 generic,light_V_8s_2026_05_20-0062_flat_4s_masked_cal.fits,2461181.683872454,16.83083340525627,218660.52485656738,324106.94438934326,1393.8383479118347,156.87653104404217,232.52835945782445,8,28,True,ok,16.83083340525627,0.9943095436463161,1.012155151961223
flat_4s_masked,V_8 generic,light_V_8s_2026_05_20-0063_flat_4s_masked_cal.fits,2461181.6840641205,17.10683338344097,192360.30200958252,278326.0170440674,1215.3437819480896,158.27645219959558,229.01011316973634,8,21,True,ok,17.10683338344097,1.0031824767488995,0.9968408431403124
flat_4s_masked,V_8 generic,light_V_8s_2026_05_20-0064_flat_4s_masked_cal.fits,2461181.684255671,17.382666394114494,217127.07537841797,316984.0960083008,1377.6188278198242,157.61041515528382,230.09564736419125,8,25,True,ok,17.382666394114494,0.9989610231944781,1.0015659830333967
flat_4s_masked,V_8 generic,light_V_8s_2026_05_20-0065_flat_4s_masked_cal.fits,2461181.684446991,17.65816681087017,211128.76294708252,313371.3791503906,1340.0545845031738,157.55236046997194,233.8497123731518,8,27,True,ok,17.65816681087017,0.9985930629439881,1.0179067693722172
flat_4s_masked,V_8 generic,light_V_8s_2026_05_20-0066_flat_4s_masked_cal.fits,2461181.684639352,17.935166582465172,184025.43829345703,267292.47048950195,1157.5861077308655,158.97343365167808,230.9050434385884,8,23,True,ok,17.935166582465172,1.0076000611060876,1.0050891421378967
flat_4s_masked,V_8 generic,light_V_8s_2026_05_20-0067_flat_4s_masked_cal.fits,2461181.6848310186,18.211166560649872,227027.94355010986,330401.69457244873,1455.99569606781,155.92624632287135,226.9249115672255,8,28,True,ok,18.211166560649872,0.988286481043178,0.9877643264101372
flat_4s_masked,V_8 generic,light_V_8s_2026_05_20-0068_flat_4s_masked_cal.fits,2461181.6850228007,18.487332835793495,226244.21959114075,331882.6354598999,1451.8565866947174,155.83096957682724,228.59188607289423,8,27,True,ok,18.487332835793495,0.9876826011814246,0.9950203739650877
flat_4s_masked,V_8 generic,light_V_8s_2026_05_20-0069_flat_4s_masked_cal.fits,2461181.685213773,18.762333020567894,224610.85472106934,315774.51178741455,1437.9964175224304,156.1970892167162,219.5933925422933,8,26,True,ok,18.762333020567894,0.9900031283478222,0.9558515103988376
flat_4s_masked,V_8 generic,light_V_8s_2026_05_20-0070_flat_4s_masked_cal.fits,2461181.685405671,19.038666263222694,205170.75899505615,297770.940120697,1300.5462164878845,157.7573763961409,228.9583686805266,8,26,True,ok,19.038666263222694,0.9998924879799231,0.9966156084572769
flat_4s_masked,V_8 generic,light_V_8s_2026_05_20-0071_flat_4s_masked_cal.fits,2461181.6855980325,19.31566670536995,234144.26375579834,343957.2843017578,1510.6826763153076,154.99235373963344,227.68334455300757,8,28,True,ok,19.31566670536995,0.9823673145364091,0.9910656521312946
flat_4s_masked,V_8 generic,light_V_8s_2026_05_20-0072_flat_4s_masked_cal.fits,2461181.6857905095,19.592833444476128,221550.1866054535,315310.1228942871,1406.2019529342651,157.5521824181467,224.22819299627776,8,24,True,ok,19.592833444476128,0.9985919344219083,0.9760259836061088
flat_4s_masked,V_8 generic,light_V_8s_2026_05_20-0073_flat_4s_masked_cal.fits,2461181.68598206,19.86866645514965,194818.7866744995,280591.814163208,1229.1299276351929,158.5013775145193,228.28490939363732,8,24,True,ok,19.86866645514965,1.0046080908018615,0.9936841583388893
flat_4s_masked,V_8 generic,light_V_8s_2026_05_20-0074_flat_4s_masked_cal.fits,2461181.686173727,20.14466643333435,233021.4623413086,324649.54161834717,1440.6618690490723,161.74611638407384,,8,28,True,ok,20.14466643333435,1.0251737853845169,
flat_4s_masked,V_8 generic,light_V_8s_2026_05_20-0075_flat_4s_masked_cal.fits,2461181.686365625,20.42099967598915,226317.6430053711,315375.0242614746,1411.5263235569,160.33540376000505,223.42836899191667,8,28,True,ok,20.42099967598915,1.016232454159771,0.9725444900430703
flat_4s_masked,V_8 generic,light_V_8s_2026_05_20-0076_flat_4s_masked_cal.fits,2461181.686557176,20.696833357214928,180953.67122268677,270674.1268463135,1182.9246792793274,152.9714227730282,228.81771898715996,8,26,True,ok,20.696833357214928,0.9695583179722141,0.9960033850188338
flat_4s_masked,V_8 generic,light_V_8s_2026_05_20-0077_flat_4s_masked_cal.fits,2461181.6867488427,20.972833335399628,228684.9510269165,330212.33714294434,1436.1515531539917,159.23455329257698,229.92861471879579,8,28,True,ok,20.972833335399628,1.0092550808165017,1.0008389192336222
flat_4s_masked,V_8 generic,light_V_8s_2026_05_20-0078_flat_4s_masked_cal.fits,2461181.6869399305,21.24799981713295,246370.17877197266,354701.0151672363,1521.4151484966278,161.93487952017637,,8,28,True,ok,21.24799981713295,1.0263701975340351,
flat_4s_masked,V_8 generic,light_V_8s_2026_05_20-0079_flat_4s_masked_cal.fits,2461181.6871314817,21.523833498358727,216816.54919433594,309845.80738830566,1365.752771615982,158.75241383387046,226.86815200213053,8,26,True,ok,21.523833498358727,1.0061992007433647,0.9875172619816609
flat_4s_masked,V_8 generic,light_V_8s_2026_05_20-0080_flat_4s_masked_cal.fits,2461181.687323264,21.79999977350235,232090.65077972412,331970.34606933594,1467.2356276512146,158.18226221187138,226.25564688662985,8,30,True,ok,21.79999977350235,1.0025854849421147,0.9848511346770081
flat_4s_masked,V_8 generic,light_V_8s_2026_05_20-0081_flat_4s_masked_cal.fits,2461181.6875149305,22.07599975168705,214179.19538116455,311044.0728302002,1342.047903060913,159.59131927606265,231.76823429385627,8,27,True,ok,22.07599975168705,1.0115163229530235,1.0088464604853116
flat_4s_masked,V_8 generic,light_V_8s_2026_05_20-0082_flat_4s_masked_cal.fits,2461181.687706597,22.35199972987175,205720.01105499268,297240.5161437988,1291.0865614414215,159.3386665145972,230.225087163751,8,27,True,ok,22.35199972987175,1.009914967732572,1.002129411770858
flat_4s_masked,V_8 generic,light_V_8s_2026_05_20-0083_flat_4s_masked_cal.fits,2461181.6878975695,22.62699991464615,245447.36325073242,343782.38050842285,1555.6862082481384,157.77433903404673,,8,30,True,ok,22.62699991464615,1.0,
flat_4s_masked,V0399 named,light_V0399_V_8s_2026_05_20-0001_flat_4s_masked_cal.fits,2461181.689061574,0.0,213193.8226661682,315826.45028686523,1340.8715379238129,158.99645613797918,235.53818643647742,8,27,True,ok,24.303166642785072,1.0038786263862913,1.021865105899251
flat_4s_masked,V0399 named,light_V0399_V_8s_2026_05_20-0002_flat_4s_masked_cal.fits,2461181.689252662,0.27516648173332214,212797.63349723816,310041.2791824341,1322.3350529670715,160.92565422035833,234.46499318516868,8,26,True,ok,24.578333124518394,1.0160592797669248,1.0172091358759159
flat_4s_masked,V0399 named,light_V0399_V_8s_2026_05_20-0003_flat_4s_masked_cal.fits,2461181.68944375,0.5503329634666443,207378.10620117188,300417.4710159302,1291.5156111717224,160.56956989705213,232.60847055760914,8,27,True,ok,24.853499606251717,1.013811019333698,1.0091547489413917
flat_4s_masked,V0399 named,light_V0399_V_8s_2026_05_20-0004_flat_4s_masked_cal.fits,2461181.6896349536,0.8256664127111435,213377.2807006836,310959.619140625,1353.8684225082397,157.60562633211498,229.6823044033531,8,26,True,ok,25.128833055496216,0.9950971456604794,0.996459792202799
flat_4s_masked,V0399 named,light_V0399_V_8s_2026_05_20-0005_flat_4s_masked_cal.fits,2461181.6898260415,1.1008328944444656,194284.1954421997,283403.2332458496,1227.4320554733276,158.28509168866296,230.8911780347487,8,24,True,ok,25.403999537229538,0.9993871830951283,1.001704401580387
flat_4s_masked,V0399 named,light_V0399_V_8s_2026_05_20-0006_flat_4s_masked_cal.fits,2461181.6900171298,1.3760000467300415,216187.0044631958,317663.29137420654,1383.154761314392,156.29993874131367,229.66576138763799,8,28,True,ok,25.679166689515114,0.9868532394943836,0.9963880215453045
flat_4s_masked,V0399 named,light_V0399_V_8s_2026_05_20-0007_flat_4s_masked_cal.fits,2461181.6902081016,1.6509995609521866,215742.7205657959,315321.2554092407,1384.3816013336182,155.84049972779482,227.7704753555536,8,29,True,ok,25.95416620373726,0.9839524137967384,0.988165462430001
flat_4s_masked,V0399 named,light_V0399_V_8s_2026_05_20-0008_flat_4s_masked_cal.fits,2461181.690400463,1.9280000030994415,222329.2847290039,318758.1447982788,1382.389895439148,160.82965121672558,230.5848341701152,8,28,True,ok,26.231166645884514,1.0154531318957285,1.0003753512450195
flat_4s_masked,V0399 named,light_V0399_V_8s_2026_05_20-0009_flat_4s_masked_cal.fits,2461181.690591667,2.2033334523439407,197974.97581481934,298443.28968048096,1263.6507711410522,156.66905788855868,236.17545012930466,8,26,True,ok,26.506500095129013,0.9891837997566051,1.0246298275811523
flat_4s_masked,V0399 named,light_V0399_V_8s_2026_05_20-0010_flat_4s_masked_cal.fits,2461181.690783102,2.4790001660585403,226222.77133750916,318437.32734680176,1421.0734345912933,159.1914716234012,224.08224627630568,8,29,True,ok,26.782166808843613,1.0051099235006096,0.97216435171557
flat_4s_masked,V0399 named,light_V0399_V_8s_2026_05_20-0011_flat_4s_masked_cal.fits,2461181.690974884,2.7551664412021637,191899.3084411621,284383.35486602783,1206.7684259414673,159.01916582831603,235.65694026520833,8,27,True,ok,27.058333083987236,1.0040220118006256,1.022380310654828
flat_4s_masked,V0399 named,light_V0399_V_8s_2026_05_20-0012_flat_4s_masked_cal.fits,2461181.691166551,3.0311664193868637,219350.8667602539,305694.08110809326,1367.2516345977783,160.4319652722764,223.58289679282274,8,29,True,ok,27.334333062171936,1.012942205367276,0.9699979606919317
flat_4s_masked,V0399 named,light_V0399_V_8s_2026_05_20-0013_flat_4s_masked_cal.fits,2461181.6913577546,3.306499868631363,197714.0230178833,282098.6403541565,1243.4685294628143,159.00203208463742,226.8643183724358,8,24,True,ok,27.609666511416435,1.0039138320368324,0.9842341669762817
flat_4s_masked,V0399 named,light_V0399_V_8s_2026_05_20-0014_flat_4s_masked_cal.fits,2461181.6915494213,3.582499846816063,221921.71619987488,330019.42610549927,1406.5029191970825,157.78262040619248,234.63828023470754,8,30,True,ok,27.885666489601135,0.9962146584169224,1.0179609290008738
flat_4s_masked,V0399 named,light_V0399_V_8s_2026_05_20-0015_flat_4s_masked_cal.fits,2461181.6917408565,3.8581665605306625,159505.07556152344,224067.57397460938,974.7554111480713,163.63599907966415,229.87056179631932,8,19,True,ok,28.161333203315735,1.0331719710839684,0.9972765330621485
flat_4s_masked,V0399 named,light_V0399_V_8s_2026_05_20-0016_flat_4s_masked_cal.fits,2461181.691932523,4.1341665387153625,221881.66037750244,319364.46770095825,1407.4643223285675,157.64638354058752,226.9076825852242,8,29,True,ok,28.437333181500435,0.9953544802668636,0.9844222994254768
flat_4s_masked,V0399 named,light_V0399_V_8s_2026_05_20-0017_flat_4s_masked_cal.fits,2461181.692123727,4.409499987959862,223403.83753204346,326529.8515319824,1413.61079788208,158.03772712174717,230.9899245401921,8,28,True,ok,28.712666630744934,0.9978253621106621,1.0021328060347507
flat_4s_masked,V0399 named,light_V0399_V_8s_2026_05_20-0018_flat_4s_masked_cal.fits,2461181.6923153936,4.685499966144562,232017.83560180664,336888.88177490234,1452.9715266227722,159.68505325159362,231.86199839576562,8,30,True,ok,28.988666608929634,1.0082263202993489,1.0059162343452932
flat_4s_masked,V0399 named,light_V0399_V_8s_2026_05_20-0019_flat_4s_masked_cal.fits,2461181.6925069443,4.961332976818085,223774.62182235718,325726.2978439331,1398.7507810592651,159.98176719722298,232.86943053376717,8,27,True,ok,29.264499619603157,1.0100997255022268,1.0102869046130756
flat_4s_masked,V0399 named,light_V0399_V_8s_2026_05_20-0020_flat_4s_masked_cal.fits,2461181.692698148,5.236666426062584,234248.9305419922,333382.7660255432,1486.4139242172241,157.59333704126357,224.2866274285673,8,29,True,ok,29.539833068847656,0.9950195530101849,0.9730510443192594
flat_4s_masked,V0399 named,light_V0399_V_8s_2026_05_20-0021_flat_4s_masked_cal.fits,2461181.6928898147,5.512666404247284,228783.7152709961,325820.3129310608,1430.691683292389,159.91126386120175,227.7362178979503,8,27,True,ok,29.815833047032356,1.0096545785232325,0.9880168389686793
flat_4s_masked,V0399 named,light_V0399_V_8s_2026_05_20-0022_flat_4s_masked_cal.fits,2461181.6930810185,5.787999853491783,220057.57080078125,323035.8322753906,1393.9910550117493,157.86153720973948,231.73450870720825,8,27,True,ok,30.091166496276855,0.9967129267070962,1.0053631297040895
flat_4s_masked,V0399 named,light_V0399_V_8s_2026_05_20-0023_flat_4s_masked_cal.fits,2461181.693271991,6.063000038266182,213331.1658935547,304688.54316711426,1333.2579507827759,160.00742074577897,228.52932771803611,8,27,True,ok,30.366166681051254,1.010261697974519,0.9914576876164221
flat_4s_masked,V0399 named,light_V0399_V_8s_2026_05_20-0024_flat_4s_masked_cal.fits,2461181.6934636575,6.339000016450882,200686.06379699707,300929.2770996094,1303.3097095489502,153.98186810597042,230.89621361276826,8,24,True,ok,30.642166659235954,0.9722173059534793,1.0017262480654268
flat_4s_masked,V0399 named,light_V0399_V_8s_2026_05_20-0025_flat_4s_masked_cal.fits,2461181.6936555556,6.615333259105682,232158.41144561768,340626.08756256104,1460.118260383606,158.9997315591577,233.28664314702215,8,26,True,ok,30.918499901890755,1.0038993068806457,1.0120969508636493
flat_4s_masked,V0399 named,light_V0399_V_8s_2026_05_20-0026_flat_4s_masked_cal.fits,2461181.6938471063,6.891166269779205,216018.11157608032,312770.71170043945,1327.527800321579,162.72210007485518,235.6038883891352,8,25,True,ok,31.194332912564278,1.0274017564522204,1.0221501489906757
flat_4s_masked,V0399 named,light_V0399_V_8s_2026_05_20-0027_flat_4s_masked_cal.fits,2461181.6940381946,7.166333422064781,225088.76107788086,333171.3881225586,1425.7216362953186,157.8770745618795,233.6861415586645,8,29,True,ok,31.469500064849854,0.9968110271057018,1.0138301453528138
flat_4s_masked,V0399 named,light_V0399_V_8s_2026_05_20-0028_flat_4s_masked_cal.fits,2461181.6942291665,7.441332936286926,222315.46068191528,327492.1078262329,1408.8619570732117,157.7979017502583,232.45152314749794,8,25,True,ok,31.744499579072,0.9963111424207973,1.0084738441408567
flat_4s_masked,V0399 named,light_V0399_V_8s_2026_05_20-0029_flat_4s_masked_cal.fits,2461181.694420139,7.716333121061325,227292.3854522705,328997.8935699463,1399.1072189807892,162.45530175867916,235.14844974469656,8,27,True,ok,32.0194997638464,1.0257172338303293,1.0201742619140577
flat_4s_masked,V0399 named,light_V0399_V_8s_2026_05_20-0030_flat_4s_masked_cal.fits,2461181.6946113426,7.991666570305824,241938.68919944763,353274.5747451782,1554.021647453308,155.6855334646919,,8,27,True,ok,32.2948332130909,0.9829739811755422,
flat_4s_masked,V0399 named,light_V0399_V_8s_2026_05_20-0031_flat_4s_masked_cal.fits,2461181.6948032407,8.267999812960625,238832.27318191528,344588.1222229004,1486.2521958351135,160.69431140366947,,8,29,True,ok,32.5711664557457,1.014598617594427,
flat_4s_masked,V0399 named,light_V0399_V_8s_2026_05_20-0032_flat_4s_masked_cal.fits,2461181.6949944445,8.543333262205124,233728.5488395691,334784.9815444946,1474.5911898612976,158.503963977673,227.0357939518037,8,30,True,ok,32.846499904990196,1.0007691083164978,0.984978101171076
flat_4s_masked,V0399 named,light_V0399_V_8s_2026_05_20-0033_flat_4s_masked_cal.fits,2461181.695186111,8.819333240389824,205989.82705688477,312191.42474365234,1308.250747203827,157.45439281969033,238.632712735621,8,27,True,ok,33.122499883174896,0.994142281040197,1.0352904807491807
flat_4s_masked,V0399 named,light_V0399_V_8s_2026_05_20-0034_flat_4s_masked_cal.fits,2461181.695378125,9.095833450555801,242054.59521484375,353789.12718200684,1528.6116938591003,158.34930230303152,,8,30,True,ok,33.399000093340874,0.9997925988189592,
flat_4s_masked,V0399 named,light_V0399_V_8s_2026_05_20-0035_flat_4s_masked_cal.fits,2461181.695569792,9.371833428740501,239929.54971313477,355935.48934555054,1521.2242136001587,157.7213586058513,,8,29,True,ok,33.675000071525574,0.9958278610412432,
flat_4s_masked,V0399 named,light_V0399_V_8s_2026_05_20-0036_flat_4s_masked_cal.fits,2461181.695762153,9.648833200335503,250899.23572540283,365539.5093307495,1574.035082578659,159.39875705588963,,8,28,True,ok,33.951999843120575,1.0064186911316049,
flat_4s_masked,V0399 named,light_V0399_V_8s_2026_05_20-0037_flat_4s_masked_cal.fits,2461181.6959542823,9.925499707460403,182881.87551879883,261399.74309539795,1140.618837594986,160.3356612138796,229.17361565460703,8,22,True,ok,34.228666350245476,1.012334156683632,0.9942528834634072
flat_4s_masked,V0399 named,light_V0399_V_8s_2026_05_20-0038_flat_4s_masked_cal.fits,2461181.6961469906,10.202999711036682,239132.0530014038,337835.79316711426,1489.7215905189514,160.52130446609226,226.7778055424622,8,25,True,ok,34.506166353821754,1.013506278990983,0.9838588374235663
flat_4s_masked,V0399 named,light_V0399_V_8s_2026_05_20-0039_flat_4s_masked_cal.fits,2461181.696338542,10.478833392262459,239974.88315582275,352245.68688964844,1531.9464211463928,156.6470470789988,,8,26,True,ok,34.78200003504753,0.9890448269656176,
flat_4s_masked,V0399 named,light_V0399_V_8s_2026_05_20-0040_flat_4s_masked_cal.fits,2461181.6965310187,10.756000131368637,266960.4185523987,378362.7006149292,1686.7202792167664,158.2718971496344,,8,28,True,ok,35.05916677415371,0.9993038748501679,
flat_4s_masked,V0399 named,light_V0399_V_8s_2026_05_20-0041_flat_4s_masked_cal.fits,2461181.696722801,11.03216640651226,252900.81463623047,359029.18157958984,1586.2697701454163,159.43115061257618,,8,28,True,ok,35.33533304929733,1.0066232189555586,
flat_4s_masked,V0399 named,light_V0399_V_8s_2026_05_20-0042_flat_4s_masked_cal.fits,2461181.696914352,11.308000087738037,221924.5922355652,321928.4174156189,1416.6124250888824,156.65865151623316,227.25228983885282,8,27,True,ok,35.61116673052311,0.9891180955578477,0.9859173526610073
flat_4s_masked,V0399 named,light_V0399_V_8s_2026_05_20-0043_flat_4s_masked_cal.fits,2461181.697106134,11.58416636288166,244073.0930557251,358427.6206817627,1563.2050647735596,156.13632437346322,,8,28,True,ok,35.88733300566673,0.9858202040994801,
flat_4s_masked,V0399 named,light_V0399_V_8s_2026_05_20-0044_flat_4s_masked_cal.fits,2461181.6972972224,11.859333515167236,238621.24099731445,342071.0288543701,1507.70836186409,158.2675051972847,226.88142979550946,8,28,True,ok,36.16250015795231,0.9992761447535413,0.984308403627314
flat_4s_masked,V0399 named,light_V0399_V_8s_2026_05_20-0045_flat_4s_masked_cal.fits,2461181.6974885417,12.134833261370659,230107.09201431274,324925.2857513428,1465.5478858947754,157.01096786327332,221.70908837479774,8,27,True,ok,36.43799990415573,0.9913425655813379,0.9618685806262649
flat_4s_masked,V0399 named,light_V0399_V_8s_2026_05_20-0046_flat_4s_masked_cal.fits,2461181.697679977,12.410499975085258,234790.22792816162,345738.4111328125,1489.2373943328857,157.658026061948,,8,27,True,ok,36.71366661787033,0.9954279893162783,
flat_4s_masked,V0399 named,light_V0399_V_8s_2026_05_20-0047_flat_4s_masked_cal.fits,2461181.6978716436,12.686499953269958,226013.98481750488,342049.5344963074,1439.8805491924286,156.96717685662682,237.55410453189972,8,26,True,ok,36.98966659605503,0.9910660760502618,1.0306110183528925
flat_4s_masked,V0399 named,light_V0399_V_8s_2026_05_20-0048_flat_4s_masked_cal.fits,2461181.6980633102,12.962499931454659,234190.97017669678,335137.39988708496,1475.1261477470398,158.75996133237598,227.19236615725396,8,29,True,ok,37.26566657423973,1.002385435365792,0.9856573781737732
flat_4s_masked,V0399 named,light_V0399_V_8s_2026_05_20-0049_flat_4s_masked_cal.fits,2461181.698254977,13.238499909639359,235414.20321655273,336375.4908294678,1485.8811857700348,158.4340696087036,226.3811494827875,8,29,True,ok,37.54166655242443,1.0003278062597256,0.9821379742694535
flat_4s_masked,V0399 named,light_V0399_V_8s_2026_05_20-0050_flat_4s_masked_cal.fits,2461181.698446412,13.514166623353958,204280.95612335205,291584.7482948303,1268.6804881095886,161.01844241944883,229.8330832921608,8,25,True,ok,37.81733326613903,1.016645129867678,0.9971139353271472
flat_4s_masked,V0399 named,light_V0399_V_8s_2026_05_20-0051_flat_4s_masked_cal.fits,2461181.698638773,13.79116639494896,236123.95681762695,346820.7923736572,1501.3082661628723,157.2787961936197,231.01237779771986,8,29,True,ok,38.09433303773403,0.9930335915507604,1.002230217841849
flat_4s_masked,V0399 named,light_V0399_V_8s_2026_05_20-0052_flat_4s_masked_cal.fits,2461181.6988304397,14.06716637313366,228604.05097198486,331800.60849380493,1428.792899131775,159.99803128283963,232.22442433429507,8,28,True,ok,38.37033301591873,1.0102024143817459,1.0074885926352979
flat_4s_masked,V0399 named,light_V0399_V_8s_2026_05_20-0053_flat_4s_masked_cal.fits,2461181.6990222223,14.343333318829536,229355.6630706787,339946.25427246094,1476.4765853881836,155.33985797030323,230.24154777441657,8,27,True,ok,38.64649996161461,0.9807914404516085,0.9988860284545134
flat_4s_masked,V0399 named,light_V0399_V_8s_2026_05_20-0054_flat_4s_masked_cal.fits,2461181.699213773,14.61916632950306,239443.75875473022,340059.8810272217,1502.022388458252,159.41424082267298,,8,29,True,ok,38.92233297228813,1.0065164532006932,
flat_4s_masked,V0399 named,light_V0399_V_8s_2026_05_20-0055_flat_4s_masked_cal.fits,2461181.699405208,14.894833043217659,244579.32489013672,353183.6866607666,1545.9152917861938,158.21004306616499,,8,30,True,ok,39.19799968600273,0.9989133378919367,
flat_4s_masked,V0399 named,light_V0399_V_8s_2026_05_20-0056_flat_4s_masked_cal.fits,2461181.699596991,15.170999988913536,245228.28257751465,351607.02615356445,1563.8343992233276,156.81218081614418,,8,30,True,ok,39.47416663169861,0.9900874554193717,
flat_4s_masked,V0399 named,light_V0399_V_8s_2026_05_20-0057_flat_4s_masked_cal.fits,2461181.699788773,15.44716626405716,253130.9000339508,369364.9737548828,1604.284008026123,157.78434414826444,,8,30,True,ok,39.75033290684223,0.9962255418533553,
flat_4s_masked,V0399 named,light_V0399_V_8s_2026_05_20-0058_flat_4s_masked_cal.fits,2461181.6999804396,15.72316624224186,222846.6297531128,320348.4171333313,1398.5588421821594,159.34018865120262,229.05608793227063,8,28,True,ok,40.02633288502693,1.0060488994326264,0.9937429980802837
flat_4s_masked,V0399 named,light_V0399_V_8s_2026_05_20-0059_flat_4s_masked_cal.fits,2461181.7001721063,15.99916622042656,241149.2958984375,347153.0509338379,1499.9462523460388,160.7719580093355,,8,29,True,ok,40.30233286321163,1.015088866054883,
flat_4s_masked,V0399 named,light_V0399_V_8s_2026_05_20-0060_flat_4s_masked_cal.fits,2461181.7003641203,16.275666430592537,216542.94128608704,311405.23651123047,1378.2153055667877,157.11836925003112,225.94817751147076,8,30,True,ok,40.57883307337761,0.9920206810515144,0.9802595572025025
flat_4s_masked,V0399 named,light_V0399_V_8s_2026_05_20-0061_flat_4s_masked_cal.fits,2461181.70055544,16.551166847348213,244194.50537109375,363432.6405029297,1561.5320525169373,156.38135956126658,,8,29,True,ok,40.854333490133286,0.9873673177504589,
flat_4s_masked,V0399 named,light_V0399_V_8s_2026_05_20-0062_flat_4s_masked_cal.fits,2461181.700747222,16.827333122491837,233443.05271148682,338712.67432403564,1499.0943803787231,155.72271884076505,225.94486295016668,8,30,True,ok,41.13049976527691,0.9832087637937258,0.9802451772219598
flat_4s_masked,V0399 named,light_V0399_V_8s_2026_05_20-0063_flat_4s_masked_cal.fits,2461181.70093831,17.10249960422516,232611.67961502075,344414.32537841797,1494.7772970199585,155.61627814308105,230.4117985100889,8,31,True,ok,41.40566624701023,0.9825367139633202,0.9996246487549805
flat_4s_masked,V0399 named,light_V0399_V_8s_2026_05_20-0064_flat_4s_masked_cal.fits,2461181.7011302086,17.378833517432213,236527.23714447021,344064.7485809326,1506.7908046245575,156.97417081291852,228.34274507446452,8,31,True,ok,41.682000160217285,0.9911102347906868,0.9906482125341993
flat_4s_masked,V0399 named,light_V0399_V_8s_2026_05_20-0065_flat_4s_masked_cal.fits,2461181.7013217593,17.654666528105736,233409.93690490723,349651.66258239746,1504.7527701854706,155.11514019418482,,8,33,True,ok,41.95783317089081,0.9793726077436733,
flat_4s_masked,V0399 named,light_V0399_V_8s_2026_05_20-0066_flat_4s_masked_cal.fits,2461181.701513542,17.930833473801613,238300.4242630005,344633.3386192322,1499.6485929489136,158.90417620731122,229.8093968411254,8,32,True,ok,42.234000116586685,1.0032959854124472,0.9970111734006762
flat_4s_masked,V0399 named,light_V0399_V_8s_2026_05_20-0067_flat_4s_masked_cal.fits,2461181.70170544,18.207166716456413,261186.05823516846,375032.62646484375,1664.8197166919708,156.88549073298472,,8,29,True,ok,42.510333359241486,0.9905503227084043,
flat_4s_masked,V0399 named,light_V0399_V_8s_2026_05_20-0068_flat_4s_masked_cal.fits,2461181.7018971066,18.483166694641113,239491.06079101562,350242.7413787842,1535.233166694641,155.99653914892951,,8,31,True,ok,42.786333337426186,0.9849376221690236,
flat_4s_masked,V0399 named,light_V0399_V_8s_2026_05_20-0069_flat_4s_masked_cal.fits,2461181.7020890047,18.759499937295914,205267.02954864502,306124.98934555054,1310.9234619140625,156.58200918071697,233.51858307469863,8,27,True,ok,43.062666580080986,0.988634187901225,1.0131032051884499
flat_4s_masked,V0399 named,light_V0399_V_8s_2026_05_20-0070_flat_4s_masked_cal.fits,2461181.702280787,19.035666212439537,207097.73489379883,301887.651473999,1277.7429127693176,162.0809106621811,236.26634783651625,8,28,True,ok,43.33883285522461,1.0233533873093883,1.0250241806014038
flat_4s_masked,V0399 named,light_V0399_V_8s_2026_05_20-0071_flat_4s_masked_cal.fits,2461181.7024725694,19.311833158135414,238922.7693824768,337254.6357421875,1479.1229259967804,161.53002917013598,,8,31,True,ok,43.61499980092049,1.019875208179056,
flat_4s_masked,V0399 named,light_V0399_V_8s_2026_05_20-0072_flat_4s_masked_cal.fits,2461181.7026641206,19.58766683936119,245087.8667602539,351069.81018066406,1539.1756110191345,159.2332057535487,,8,30,True,ok,43.89083348214626,1.0053734262368563,
flat_4s_masked,V0399 named,light_V0399_V_8s_2026_05_20-0073_flat_4s_masked_cal.fits,2461181.7028560187,19.86400008201599,242906.49375915527,351973.24609375,1520.1291341781616,159.7933282756794,,8,32,True,ok,44.16716672480106,1.0089099517782596,
flat_4s_masked,V0399 named,light_V0399_V_8s_2026_05_20-0074_flat_4s_masked_cal.fits,2461181.7030475694,20.139833092689514,190696.2017211914,270361.0538749695,1169.277607679367,163.0889024717243,231.22058619727406,8,25,True,ok,44.44299973547459,1.0297176891168116,1.003133514676551
flat_4s_masked,V0399 named,light_V0399_V_8s_2026_05_20-0075_flat_4s_masked_cal.fits,2461181.7032395834,20.41633330285549,254196.59734535217,365554.3141937256,1606.3893671035767,158.24096109630318,,8,30,True,ok,44.719499945640564,0.9991085494732487,
flat_4s_masked,V0399 named,light_V0399_V_8s_2026_05_20-0076_flat_4s_masked_cal.fits,2461181.703431134,20.692166313529015,221176.6967601776,321868.0357437134,1383.480975151062,159.8697060044699,232.65085789023493,8,29,True,ok,44.99533295631409,1.009392188749618,1.009338643267818
flat_4s_masked,V0399 named,light_V0399_V_8s_2026_05_20-0077_flat_4s_masked_cal.fits,2461181.703622338,20.967499762773514,250177.55609321594,368842.09899902344,1625.120029449463,153.94404816853304,,8,32,True,ok,45.270666405558586,0.9719785168146088,
flat_4s_masked,V0399 named,light_V0399_V_8s_2026_05_20-0078_flat_4s_masked_cal.fits,2461181.703814236,21.243833005428314,218468.9177055359,318870.3235168457,1361.9595942497253,160.40778201344938,234.1261259608106,8,29,True,ok,45.54699964821339,1.0127895160731717,1.0157389853353884
flat_4s_masked,V0399 named,light_V0399_V_8s_2026_05_20-0079_flat_4s_masked_cal.fits,2461181.7040060186,21.51999995112419,268052.15045166016,379733.8958129883,1671.858316898346,160.33185811400222,,8,33,True,ok,45.823166593909264,1.0123101445089353,
flat_4s_masked,V0399 named,light_V0399_V_8s_2026_05_20-0080_flat_4s_masked_cal.fits,2461181.7041976852,21.79599992930889,261727.61489868164,375304.9386291504,1642.138518333435,159.38217877277637,,8,34,True,ok,46.099166572093964,1.006314018458491,
flat_4s_masked,V0399 named,light_V0399_V_8s_2026_05_20-0081_flat_4s_masked_cal.fits,2461181.704389352,22.07199990749359,249774.51385498047,363198.48065185547,1579.9317407608032,158.0919652482604,,8,31,True,ok,46.375166550278664,0.9981678131140644,
flat_4s_masked,V0399 named,light_V0399_V_8s_2026_05_20-0082_flat_4s_masked_cal.fits,2461181.704580671,22.347499653697014,287164.5534248352,397693.7628173828,1662.7806153297424,,,8,32,False,saturated,46.650666296482086,,
flat_4s_masked,V0399 named,light_V0399_V_8s_2026_05_20-0083_flat_4s_masked_cal.fits,2461181.704772338,22.623499631881714,225748.81784439087,323116.61083984375,1394.4785370826721,161.88762454291347,,8,32,True,ok,46.926666274666786,1.0221330091410752,
flat_4s_masked,V0399 named,light_V0399_V_8s_2026_05_20-0084_flat_4s_masked_cal.fits,2461181.704964236,22.899832874536514,219952.49641418457,317134.8705596924,1374.3750085830688,160.0381955729446,230.74842643322438,8,30,True,ok,47.20299951732159,1.0104560053947766,1.0010850842517796
flat_4s_masked,V0399 named,light_V0399_V_8s_2026_05_20-0085_flat_4s_masked_cal.fits,2461181.7051554397,23.175166323781013,244116.8130493164,363372.1981201172,1565.2192487716675,155.96333436410984,,8,32,True,ok,47.478332966566086,0.9847279723781798,
flat_4s_masked,V0399 named,light_V0399_V_8s_2026_05_20-0086_flat_4s_masked_cal.fits,2461181.705346875,23.450833037495613,222548.28262329102,327751.1607322693,1428.5575857162476,155.78530739571843,229.42803566993908,8,30,True,ok,47.753999680280685,0.9836039380894319,0.9953566659958429
flat_4s_masked,V0399 named,light_V0399_V_8s_2026_05_20-0087_flat_4s_masked_cal.fits,2461181.705539352,23.72799977660179,219413.00150680542,313100.35763549805,1383.4251883029938,158.601277005772,226.32257984226013,8,30,True,ok,48.031166419386864,1.00138352747621,0.9818838741898636
flat_4s_masked,V0399 named,light_V0399_V_8s_2026_05_20-0088_flat_4s_masked_cal.fits,2461181.7057315973,24.00483325123787,286130.8409423828,386752.40351104736,1642.0615286827087,,,8,33,False,saturated,48.30799989402294,,
flat_4s_masked,V0399 named,light_V0399_V_8s_2026_05_20-0089_flat_4s_masked_cal.fits,2461181.705923148,24.280666261911392,237030.93575286865,345271.7434692383,1511.3726878166199,156.83155959056768,228.449108715885,8,36,True,ok,48.583832904696465,0.9902098099543207,0.9911096633730139
flat_4s_masked,V0399 named,light_V0399_V_8s_2026_05_20-0090_flat_4s_masked_cal.fits,2461181.7061149306,24.55683320760727,251907.0354156494,360515.076713562,1567.2226462364197,160.7346831163953,,8,32,True,ok,48.85999985039234,1.0148535182412748,
flat_4s_masked,V0399 named,light_V0399_V_8s_2026_05_20-0091_flat_4s_masked_cal.fits,2461181.706306713,24.833000153303146,247625.69792175293,362723.3349609375,1554.1490459442139,159.33201424147157,,8,33,True,ok,49.13616679608822,1.0059972874947778,
flat_4s_masked,V0399 named,light_V0399_V_8s_2026_05_20-0092_flat_4s_masked_cal.fits,2461181.706498958,25.10983295738697,227854.54855537415,322109.23822021484,1367.1530888080597,166.66352175236435,235.60582999599768,8,32,True,ok,49.41299960017204,1.0522872732475972,1.0221585725093083
flat_4s_masked,V0399 named,light_V0399_V_8s_2026_05_20-0093_flat_4s_masked_cal.fits,2461181.7066908563,25.38616620004177,260930.59101104736,381912.13848876953,1650.7905068397522,158.0640244355226,,8,34,True,ok,49.68933284282684,0.9979913992153359,
flat_4s_masked,V0399 named,light_V0399_V_8s_2026_05_20-0094_flat_4s_masked_cal.fits,2461181.706882639,25.662333145737648,220751.42652130127,317148.2695655823,1373.219464302063,160.7546588581876,230.95235525719298,8,31,True,ok,49.96549978852272,1.0149796419343344,1.0019698144624232
flat_4s_masked,V0399 named,light_V0399_V_8s_2026_05_20-0095_flat_4s_masked_cal.fits,2461181.7070737267,25.93749962747097,257440.73109436035,374467.9984512329,1644.268256187439,156.56857092849776,,8,33,True,ok,50.24066627025604,0.9885493408894958,
flat_4s_masked,V0399 named,light_V0399_V_8s_2026_05_20-0096_flat_4s_masked_cal.fits,2461181.7072653933,26.21349960565567,276515.3762817383,389175.12226867676,1760.0642347335815,157.10527537853983,,8,31,True,ok,50.51666624844074,0.9919380084055571,
flat_4s_masked,V0399 named,light_V0399_V_8s_2026_05_20-0097_flat_4s_masked_cal.fits,2461181.707456597,26.48883305490017,247986.12115478516,363307.8387451172,1576.1836442947388,157.33326636931713,,8,32,True,ok,50.79199969768524,0.9933775076762286,
flat_4s_masked,V0399 named,light_V0399_V_8s_2026_05_20-0098_flat_4s_masked_cal.fits,2461181.7076488426,26.765666529536247,238462.4220085144,344480.90006256104,1493.4908957481384,159.66781095713395,,8,34,True,ok,51.06883317232132,1.0081174551629908,
flat_4s_masked,V0399 named,light_V0399_V_8s_2026_05_20-0099_flat_4s_masked_cal.fits,2461181.707839815,27.040666714310646,275564.3578453064,384525.28926086426,1737.7056186199188,,,8,34,False,saturated,51.34383335709572,,
flat_4s_masked,V0399 named,light_V0399_V_8s_2026_05_20-0100_flat_4s_masked_cal.fits,2461181.7080314816,27.316666692495346,229163.11779785156,333327.88538360596,1465.0513048171997,156.41985850211924,227.51959899806826,8,33,True,ok,51.61983333528042,0.9876103940101396,0.9870770537966158
flat_4s_masked,V0399 named,light_V0399_V_8s_2026_05_20-0101_flat_4s_masked_cal.fits,2461181.7082226854,27.592000141739845,270181.9709701538,379468.25037384033,1694.6905364990234,159.42850045549275,,8,34,True,ok,51.89516678452492,1.0066064862803956,
flat_4s_masked,V0399 named,light_V0399_V_8s_2026_05_20-0102_flat_4s_masked_cal.fits,2461181.7084144675,27.86816641688347,230214.49996948242,333144.2990036011,1451.5488548278809,158.59920884080776,229.5095324525636,8,32,True,ok,52.17133305966854,1.0013704694077858,0.995710233795897
flat_4s_masked,V0399 named,light_V0399_V_8s_2026_05_20-0103_flat_4s_masked_cal.fits,2461181.7086069444,28.145333155989647,254434.66717529297,360403.5897445679,1606.1273732185364,158.41499959335636,,8,31,True,ok,52.44849979877472,1.0002074011810407,
flat_4s_masked,V0399 named,light_V0399_V_8s_2026_05_20-0104_flat_4s_masked_cal.fits,2461181.708799537,28.42266619205475,218693.11081314087,327358.7984008789,1370.252046585083,159.60064526680608,238.90407550692333,8,29,True,ok,52.72583283483982,1.0076933815541544,1.0364677681828207
flat_4s_masked,V0399 named,light_V0399_V_8s_2026_05_20-0105_flat_4s_masked_cal.fits,2461181.7089913194,28.698833137750626,219470.6365966797,316543.05018234253,1362.5311241149902,161.07568679521594,232.31986747308093,8,30,True,ok,53.0019997805357,1.0170065618562223,1.0079026656762697
flat_4s_masked,V0399 named,light_V0399_V_8s_2026_05_20-0106_flat_4s_masked_cal.fits,2461181.709182986,28.974833115935326,262700.6928253174,380608.03154182434,1659.430507659912,158.30773968098936,,8,30,True,ok,53.2779997587204,0.9995301789579247,
flat_4s_masked,V0399 named,light_V0399_V_8s_2026_05_20-0107_flat_4s_masked_cal.fits,2461181.7093744213,29.250499829649925,260167.53298568726,371284.4353790283,1663.1343216896057,156.432062998603,,8,36,True,ok,53.553666472435,0.9876874512821282,
flat_4s_masked,V0399 named,light_V0399_V_8s_2026_05_20-0108_flat_4s_masked_cal.fits,2461181.7095659724,29.526333510875702,265338.9225139618,384247.17639541626,1711.934217453003,154.99364391975888,,8,31,True,ok,53.829500153660774,0.9786054993687803,
flat_4s_masked,V0399 named,light_V0399_V_8s_2026_05_20-0109_flat_4s_masked_cal.fits,2461181.7097577546,29.802499786019325,262685.8659667969,378770.87015914917,1657.9243264198303,158.4426151307209,,8,32,True,ok,54.1056664288044,1.0003817613422028,
