raw_file,reduced_file,flat,exptime,jd,max_adu_raw,max_adu_cal
light_V0399_V_8s_2026_05_20-0001.fit,light_V0399_V_8s_2026_05_20-0001_flat_6s_masked_clipmean_cal.fits,flat_6s_masked_clipmean,8.0,2461181.689061574,49081.0,48190.56212702029
light_V0399_V_8s_2026_05_20-0002.fit,light_V0399_V_8s_2026_05_20-0002_flat_6s_masked_clipmean_cal.fits,flat_6s_masked_clipmean,8.0,2461181.689252662,49258.0,48427.33098987883
light_V0399_V_8s_2026_05_20-0003.fit,light_V0399_V_8s_2026_05_20-0003_flat_6s_masked_clipmean_cal.fits,flat_6s_masked_clipmean,8.0,2461181.68944375,47289.0,46471.564099937874
light_V0399_V_8s_2026_05_20-0004.fit,light_V0399_V_8s_2026_05_20-0004_flat_6s_masked_clipmean_cal.fits,flat_6s_masked_clipmean,8.0,2461181.6896349536,48882.0,48053.85798296273
light_V0399_V_8s_2026_05_20-0005.fit,light_V0399_V_8s_2026_05_20-0005_flat_6s_masked_clipmean_cal.fits,flat_6s_masked_clipmean,8.0,2461181.6898260415,46275.0,45548.05085481831
light_V0399_V_8s_2026_05_20-0006.fit,light_V0399_V_8s_2026_05_20-0006_flat_6s_masked_clipmean_cal.fits,flat_6s_masked_clipmean,8.0,2461181.6900171298,52584.0,51826.045586276785
light_V0399_V_8s_2026_05_20-0007.fit,light_V0399_V_8s_2026_05_20-0007_flat_6s_masked_clipmean_cal.fits,flat_6s_masked_clipmean,8.0,2461181.6902081016,52909.0,52132.72584740105
light_V0399_V_8s_2026_05_20-0008.fit,light_V0399_V_8s_2026_05_20-0008_flat_6s_masked_clipmean_cal.fits,flat_6s_masked_clipmean,8.0,2461181.690400463,53701.0,52995.32450160943
light_V0399_V_8s_2026_05_20-0009.fit,light_V0399_V_8s_2026_05_20-0009_flat_6s_masked_clipmean_cal.fits,flat_6s_masked_clipmean,8.0,2461181.690591667,45981.0,45201.02192531096
light_V0399_V_8s_2026_05_20-0010.fit,light_V0399_V_8s_2026_05_20-0010_flat_6s_masked_clipmean_cal.fits,flat_6s_masked_clipmean,8.0,2461181.690783102,51951.0,51062.55986545914
light_V0399_V_8s_2026_05_20-0011.fit,light_V0399_V_8s_2026_05_20-0011_flat_6s_masked_clipmean_cal.fits,flat_6s_masked_clipmean,8.0,2461181.690974884,42170.0,41573.54449742122
light_V0399_V_8s_2026_05_20-0012.fit,light_V0399_V_8s_2026_05_20-0012_flat_6s_masked_clipmean_cal.fits,flat_6s_masked_clipmean,8.0,2461181.691166551,50668.0,49906.31322333828
light_V0399_V_8s_2026_05_20-0013.fit,light_V0399_V_8s_2026_05_20-0013_flat_6s_masked_clipmean_cal.fits,flat_6s_masked_clipmean,8.0,2461181.6913577546,43390.0,42605.563617329186
light_V0399_V_8s_2026_05_20-0014.fit,light_V0399_V_8s_2026_05_20-0014_flat_6s_masked_clipmean_cal.fits,flat_6s_masked_clipmean,8.0,2461181.6915494213,52917.0,52164.29621621929
light_V0399_V_8s_2026_05_20-0015.fit,light_V0399_V_8s_2026_05_20-0015_flat_6s_masked_clipmean_cal.fits,flat_6s_masked_clipmean,8.0,2461181.6917408565,33747.0,33226.049179825925
light_V0399_V_8s_2026_05_20-0016.fit,light_V0399_V_8s_2026_05_20-0016_flat_6s_masked_clipmean_cal.fits,flat_6s_masked_clipmean,8.0,2461181.691932523,52377.0,51610.426524658214
light_V0399_V_8s_2026_05_20-0017.fit,light_V0399_V_8s_2026_05_20-0017_flat_6s_masked_clipmean_cal.fits,flat_6s_masked_clipmean,8.0,2461181.692123727,54026.0,53492.879815622415
light_V0399_V_8s_2026_05_20-0018.fit,light_V0399_V_8s_2026_05_20-0018_flat_6s_masked_clipmean_cal.fits,flat_6s_masked_clipmean,8.0,2461181.6923153936,55851.0,55353.203318418724
light_V0399_V_8s_2026_05_20-0019.fit,light_V0399_V_8s_2026_05_20-0019_flat_6s_masked_clipmean_cal.fits,flat_6s_masked_clipmean,8.0,2461181.6925069443,53423.0,52925.01893103827
light_V0399_V_8s_2026_05_20-0020.fit,light_V0399_V_8s_2026_05_20-0020_flat_6s_masked_clipmean_cal.fits,flat_6s_masked_clipmean,8.0,2461181.692698148,56793.0,56073.620176299424
light_V0399_V_8s_2026_05_20-0021.fit,light_V0399_V_8s_2026_05_20-0021_flat_6s_masked_clipmean_cal.fits,flat_6s_masked_clipmean,8.0,2461181.6928898147,55739.0,55117.87041178481
light_V0399_V_8s_2026_05_20-0022.fit,light_V0399_V_8s_2026_05_20-0022_flat_6s_masked_clipmean_cal.fits,flat_6s_masked_clipmean,8.0,2461181.6930810185,53270.0,52581.55166966539
light_V0399_V_8s_2026_05_20-0023.fit,light_V0399_V_8s_2026_05_20-0023_flat_6s_masked_clipmean_cal.fits,flat_6s_masked_clipmean,8.0,2461181.693271991,50970.0,50264.42293232726
light_V0399_V_8s_2026_05_20-0024.fit,light_V0399_V_8s_2026_05_20-0024_flat_6s_masked_clipmean_cal.fits,flat_6s_masked_clipmean,8.0,2461181.6934636575,46849.0,46119.36126029699
light_V0399_V_8s_2026_05_20-0025.fit,light_V0399_V_8s_2026_05_20-0025_flat_6s_masked_clipmean_cal.fits,flat_6s_masked_clipmean,8.0,2461181.6936555556,54509.0,53785.37262271918
light_V0399_V_8s_2026_05_20-0026.fit,light_V0399_V_8s_2026_05_20-0026_flat_6s_masked_clipmean_cal.fits,flat_6s_masked_clipmean,8.0,2461181.6938471063,49513.0,48690.0376977813
light_V0399_V_8s_2026_05_20-0027.fit,light_V0399_V_8s_2026_05_20-0027_flat_6s_masked_clipmean_cal.fits,flat_6s_masked_clipmean,8.0,2461181.6940381946,55010.0,53968.50483935312
light_V0399_V_8s_2026_05_20-0028.fit,light_V0399_V_8s_2026_05_20-0028_flat_6s_masked_clipmean_cal.fits,flat_6s_masked_clipmean,8.0,2461181.6942291665,52059.0,51046.766084634975
light_V0399_V_8s_2026_05_20-0029.fit,light_V0399_V_8s_2026_05_20-0029_flat_6s_masked_clipmean_cal.fits,flat_6s_masked_clipmean,8.0,2461181.694420139,55678.0,55019.117240969405
light_V0399_V_8s_2026_05_20-0030.fit,light_V0399_V_8s_2026_05_20-0030_flat_6s_masked_clipmean_cal.fits,flat_6s_masked_clipmean,8.0,2461181.6946113426,64089.0,63033.16290272377
light_V0399_V_8s_2026_05_20-0031.fit,light_V0399_V_8s_2026_05_20-0031_flat_6s_masked_clipmean_cal.fits,flat_6s_masked_clipmean,8.0,2461181.6948032407,62526.0,61857.06430268249
light_V0399_V_8s_2026_05_20-0032.fit,light_V0399_V_8s_2026_05_20-0032_flat_6s_masked_clipmean_cal.fits,flat_6s_masked_clipmean,8.0,2461181.6949944445,55839.0,55120.76991432384
light_V0399_V_8s_2026_05_20-0033.fit,light_V0399_V_8s_2026_05_20-0033_flat_6s_masked_clipmean_cal.fits,flat_6s_masked_clipmean,8.0,2461181.695186111,51440.0,50738.879881558365
light_V0399_V_8s_2026_05_20-0034.fit,light_V0399_V_8s_2026_05_20-0034_flat_6s_masked_clipmean_cal.fits,flat_6s_masked_clipmean,8.0,2461181.695378125,65411.0,64526.239750624765
light_V0399_V_8s_2026_05_20-0035.fit,light_V0399_V_8s_2026_05_20-0035_flat_6s_masked_clipmean_cal.fits,flat_6s_masked_clipmean,8.0,2461181.695569792,60463.0,59622.91255077093
light_V0399_V_8s_2026_05_20-0036.fit,light_V0399_V_8s_2026_05_20-0036_flat_6s_masked_clipmean_cal.fits,flat_6s_masked_clipmean,8.0,2461181.695762153,65156.0,64289.45127762286
light_V0399_V_8s_2026_05_20-0037.fit,light_V0399_V_8s_2026_05_20-0037_flat_6s_masked_clipmean_cal.fits,flat_6s_masked_clipmean,8.0,2461181.6959542823,40904.0,40202.37660388496
light_V0399_V_8s_2026_05_20-0038.fit,light_V0399_V_8s_2026_05_20-0038_flat_6s_masked_clipmean_cal.fits,flat_6s_masked_clipmean,8.0,2461181.6961469906,54542.0,53828.81461255144
light_V0399_V_8s_2026_05_20-0039.fit,light_V0399_V_8s_2026_05_20-0039_flat_6s_masked_clipmean_cal.fits,flat_6s_masked_clipmean,8.0,2461181.696338542,60818.0,60080.40402960898
light_V0399_V_8s_2026_05_20-0040.fit,light_V0399_V_8s_2026_05_20-0040_flat_6s_masked_clipmean_cal.fits,flat_6s_masked_clipmean,8.0,2461181.6965310187,65535.0,64666.314302868304
light_V0399_V_8s_2026_05_20-0041.fit,light_V0399_V_8s_2026_05_20-0041_flat_6s_masked_clipmean_cal.fits,flat_6s_masked_clipmean,8.0,2461181.696722801,65241.0,64368.33095454382
light_V0399_V_8s_2026_05_20-0042.fit,light_V0399_V_8s_2026_05_20-0042_flat_6s_masked_clipmean_cal.fits,flat_6s_masked_clipmean,8.0,2461181.696914352,54590.0,53616.42026354037
light_V0399_V_8s_2026_05_20-0043.fit,light_V0399_V_8s_2026_05_20-0043_flat_6s_masked_clipmean_cal.fits,flat_6s_masked_clipmean,8.0,2461181.697106134,62282.0,61480.66626410976
light_V0399_V_8s_2026_05_20-0044.fit,light_V0399_V_8s_2026_05_20-0044_flat_6s_masked_clipmean_cal.fits,flat_6s_masked_clipmean,8.0,2461181.6972972224,58538.0,57530.070996627015
light_V0399_V_8s_2026_05_20-0045.fit,light_V0399_V_8s_2026_05_20-0045_flat_6s_masked_clipmean_cal.fits,flat_6s_masked_clipmean,8.0,2461181.6974885417,54412.0,53492.45080017228
light_V0399_V_8s_2026_05_20-0046.fit,light_V0399_V_8s_2026_05_20-0046_flat_6s_masked_clipmean_cal.fits,flat_6s_masked_clipmean,8.0,2461181.697679977,60296.0,59460.40594295794
light_V0399_V_8s_2026_05_20-0047.fit,light_V0399_V_8s_2026_05_20-0047_flat_6s_masked_clipmean_cal.fits,flat_6s_masked_clipmean,8.0,2461181.6978716436,56611.0,55983.294703860716
light_V0399_V_8s_2026_05_20-0048.fit,light_V0399_V_8s_2026_05_20-0048_flat_6s_masked_clipmean_cal.fits,flat_6s_masked_clipmean,8.0,2461181.6980633102,55876.0,55111.967762679255
light_V0399_V_8s_2026_05_20-0049.fit,light_V0399_V_8s_2026_05_20-0049_flat_6s_masked_clipmean_cal.fits,flat_6s_masked_clipmean,8.0,2461181.698254977,56733.0,55964.91240046262
light_V0399_V_8s_2026_05_20-0050.fit,light_V0399_V_8s_2026_05_20-0050_flat_6s_masked_clipmean_cal.fits,flat_6s_masked_clipmean,8.0,2461181.698446412,46107.0,45395.662829589135
light_V0399_V_8s_2026_05_20-0051.fit,light_V0399_V_8s_2026_05_20-0051_flat_6s_masked_clipmean_cal.fits,flat_6s_masked_clipmean,8.0,2461181.698638773,57895.0,57033.17584343695
light_V0399_V_8s_2026_05_20-0052.fit,light_V0399_V_8s_2026_05_20-0052_flat_6s_masked_clipmean_cal.fits,flat_6s_masked_clipmean,8.0,2461181.6988304397,56047.0,55275.45770984803
light_V0399_V_8s_2026_05_20-0053.fit,light_V0399_V_8s_2026_05_20-0053_flat_6s_masked_clipmean_cal.fits,flat_6s_masked_clipmean,8.0,2461181.6990222223,57121.0,56234.59170031139
light_V0399_V_8s_2026_05_20-0054.fit,light_V0399_V_8s_2026_05_20-0054_flat_6s_masked_clipmean_cal.fits,flat_6s_masked_clipmean,8.0,2461181.699213773,60518.0,59666.82648225944
light_V0399_V_8s_2026_05_20-0055.fit,light_V0399_V_8s_2026_05_20-0055_flat_6s_masked_clipmean_cal.fits,flat_6s_masked_clipmean,8.0,2461181.699405208,60913.0,60141.26231709789
light_V0399_V_8s_2026_05_20-0056.fit,light_V0399_V_8s_2026_05_20-0056_flat_6s_masked_clipmean_cal.fits,flat_6s_masked_clipmean,8.0,2461181.699596991,63126.0,62214.371390757966
light_V0399_V_8s_2026_05_20-0057.fit,light_V0399_V_8s_2026_05_20-0057_flat_6s_masked_clipmean_cal.fits,flat_6s_masked_clipmean,8.0,2461181.699788773,65024.0,64159.02461311006
light_V0399_V_8s_2026_05_20-0058.fit,light_V0399_V_8s_2026_05_20-0058_flat_6s_masked_clipmean_cal.fits,flat_6s_masked_clipmean,8.0,2461181.6999804396,54163.0,53319.0762978331
light_V0399_V_8s_2026_05_20-0059.fit,light_V0399_V_8s_2026_05_20-0059_flat_6s_masked_clipmean_cal.fits,flat_6s_masked_clipmean,8.0,2461181.7001721063,60586.0,59868.052171231604
light_V0399_V_8s_2026_05_20-0060.fit,light_V0399_V_8s_2026_05_20-0060_flat_6s_masked_clipmean_cal.fits,flat_6s_masked_clipmean,8.0,2461181.7003641203,49151.0,48471.330529815066
light_V0399_V_8s_2026_05_20-0061.fit,light_V0399_V_8s_2026_05_20-0061_flat_6s_masked_clipmean_cal.fits,flat_6s_masked_clipmean,8.0,2461181.70055544,60376.0,59655.56595978494
light_V0399_V_8s_2026_05_20-0062.fit,light_V0399_V_8s_2026_05_20-0062_flat_6s_masked_clipmean_cal.fits,flat_6s_masked_clipmean,8.0,2461181.700747222,55324.0,54621.912739989144
light_V0399_V_8s_2026_05_20-0063.fit,light_V0399_V_8s_2026_05_20-0063_flat_6s_masked_clipmean_cal.fits,flat_6s_masked_clipmean,8.0,2461181.70093831,55900.0,55195.82094557156
light_V0399_V_8s_2026_05_20-0064.fit,light_V0399_V_8s_2026_05_20-0064_flat_6s_masked_clipmean_cal.fits,flat_6s_masked_clipmean,8.0,2461181.7011302086,55338.0,54518.93269362967
light_V0399_V_8s_2026_05_20-0065.fit,light_V0399_V_8s_2026_05_20-0065_flat_6s_masked_clipmean_cal.fits,flat_6s_masked_clipmean,8.0,2461181.7013217593,62000.0,61035.01009779536
light_V0399_V_8s_2026_05_20-0066.fit,light_V0399_V_8s_2026_05_20-0066_flat_6s_masked_clipmean_cal.fits,flat_6s_masked_clipmean,8.0,2461181.701513542,57731.0,56784.383695378325
light_V0399_V_8s_2026_05_20-0067.fit,light_V0399_V_8s_2026_05_20-0067_flat_6s_masked_clipmean_cal.fits,flat_6s_masked_clipmean,8.0,2461181.70170544,65535.0,64600.86437863255
light_V0399_V_8s_2026_05_20-0068.fit,light_V0399_V_8s_2026_05_20-0068_flat_6s_masked_clipmean_cal.fits,flat_6s_masked_clipmean,8.0,2461181.7018971066,63764.0,62871.01827687623
light_V0399_V_8s_2026_05_20-0069.fit,light_V0399_V_8s_2026_05_20-0069_flat_6s_masked_clipmean_cal.fits,flat_6s_masked_clipmean,8.0,2461181.7020890047,50585.0,49773.46919731897
light_V0399_V_8s_2026_05_20-0070.fit,light_V0399_V_8s_2026_05_20-0070_flat_6s_masked_clipmean_cal.fits,flat_6s_masked_clipmean,8.0,2461181.702280787,47722.0,46769.00990466565
light_V0399_V_8s_2026_05_20-0071.fit,light_V0399_V_8s_2026_05_20-0071_flat_6s_masked_clipmean_cal.fits,flat_6s_masked_clipmean,8.0,2461181.7024725694,62407.0,61314.37206422376
light_V0399_V_8s_2026_05_20-0072.fit,light_V0399_V_8s_2026_05_20-0072_flat_6s_masked_clipmean_cal.fits,flat_6s_masked_clipmean,8.0,2461181.7026641206,62450.0,61437.07219996288
light_V0399_V_8s_2026_05_20-0073.fit,light_V0399_V_8s_2026_05_20-0073_flat_6s_masked_clipmean_cal.fits,flat_6s_masked_clipmean,8.0,2461181.7028560187,64861.0,63828.187023268074
light_V0399_V_8s_2026_05_20-0074.fit,light_V0399_V_8s_2026_05_20-0074_flat_6s_masked_clipmean_cal.fits,flat_6s_masked_clipmean,8.0,2461181.7030475694,43606.0,42782.04531918237
light_V0399_V_8s_2026_05_20-0075.fit,light_V0399_V_8s_2026_05_20-0075_flat_6s_masked_clipmean_cal.fits,flat_6s_masked_clipmean,8.0,2461181.7032395834,65446.0,64459.922674547386
light_V0399_V_8s_2026_05_20-0076.fit,light_V0399_V_8s_2026_05_20-0076_flat_6s_masked_clipmean_cal.fits,flat_6s_masked_clipmean,8.0,2461181.703431134,51015.0,50173.553427941195
light_V0399_V_8s_2026_05_20-0077.fit,light_V0399_V_8s_2026_05_20-0077_flat_6s_masked_clipmean_cal.fits,flat_6s_masked_clipmean,8.0,2461181.703622338,65138.0,64746.94481763944
light_V0399_V_8s_2026_05_20-0078.fit,light_V0399_V_8s_2026_05_20-0078_flat_6s_masked_clipmean_cal.fits,flat_6s_masked_clipmean,8.0,2461181.703814236,57095.0,56690.139366060226
light_V0399_V_8s_2026_05_20-0079.fit,light_V0399_V_8s_2026_05_20-0079_flat_6s_masked_clipmean_cal.fits,flat_6s_masked_clipmean,8.0,2461181.7040060186,65535.0,64946.49611269627
light_V0399_V_8s_2026_05_20-0080.fit,light_V0399_V_8s_2026_05_20-0080_flat_6s_masked_clipmean_cal.fits,flat_6s_masked_clipmean,8.0,2461181.7041976852,65483.0,64602.81807119329
light_V0399_V_8s_2026_05_20-0081.fit,light_V0399_V_8s_2026_05_20-0081_flat_6s_masked_clipmean_cal.fits,flat_6s_masked_clipmean,8.0,2461181.704389352,61857.0,61018.5242763015
light_V0399_V_8s_2026_05_20-0082.fit,light_V0399_V_8s_2026_05_20-0082_flat_6s_masked_clipmean_cal.fits,flat_6s_masked_clipmean,8.0,2461181.704580671,65535.0,64773.78075762798
light_V0399_V_8s_2026_05_20-0083.fit,light_V0399_V_8s_2026_05_20-0083_flat_6s_masked_clipmean_cal.fits,flat_6s_masked_clipmean,8.0,2461181.704772338,59218.0,58540.621158797534
light_V0399_V_8s_2026_05_20-0084.fit,light_V0399_V_8s_2026_05_20-0084_flat_6s_masked_clipmean_cal.fits,flat_6s_masked_clipmean,8.0,2461181.704964236,52954.0,52078.28359296474
light_V0399_V_8s_2026_05_20-0085.fit,light_V0399_V_8s_2026_05_20-0085_flat_6s_masked_clipmean_cal.fits,flat_6s_masked_clipmean,8.0,2461181.7051554397,65368.0,64388.606436434115
light_V0399_V_8s_2026_05_20-0086.fit,light_V0399_V_8s_2026_05_20-0086_flat_6s_masked_clipmean_cal.fits,flat_6s_masked_clipmean,8.0,2461181.705346875,56187.0,55288.30991955632
light_V0399_V_8s_2026_05_20-0087.fit,light_V0399_V_8s_2026_05_20-0087_flat_6s_masked_clipmean_cal.fits,flat_6s_masked_clipmean,8.0,2461181.705539352,51763.0,50904.86773434573
light_V0399_V_8s_2026_05_20-0088.fit,light_V0399_V_8s_2026_05_20-0088_flat_6s_masked_clipmean_cal.fits,flat_6s_masked_clipmean,8.0,2461181.7057315973,65535.0,64844.6921967721
light_V0399_V_8s_2026_05_20-0089.fit,light_V0399_V_8s_2026_05_20-0089_flat_6s_masked_clipmean_cal.fits,flat_6s_masked_clipmean,8.0,2461181.705923148,57440.0,56542.42716798691
light_V0399_V_8s_2026_05_20-0090.fit,light_V0399_V_8s_2026_05_20-0090_flat_6s_masked_clipmean_cal.fits,flat_6s_masked_clipmean,8.0,2461181.7061149306,64490.0,63793.177294730755
light_V0399_V_8s_2026_05_20-0091.fit,light_V0399_V_8s_2026_05_20-0091_flat_6s_masked_clipmean_cal.fits,flat_6s_masked_clipmean,8.0,2461181.706306713,65535.0,64510.41736157081
light_V0399_V_8s_2026_05_20-0092.fit,light_V0399_V_8s_2026_05_20-0092_flat_6s_masked_clipmean_cal.fits,flat_6s_masked_clipmean,8.0,2461181.706498958,55051.0,54141.471424506264
light_V0399_V_8s_2026_05_20-0093.fit,light_V0399_V_8s_2026_05_20-0093_flat_6s_masked_clipmean_cal.fits,flat_6s_masked_clipmean,8.0,2461181.7066908563,65535.0,64748.45746001295
light_V0399_V_8s_2026_05_20-0094.fit,light_V0399_V_8s_2026_05_20-0094_flat_6s_masked_clipmean_cal.fits,flat_6s_masked_clipmean,8.0,2461181.706882639,53167.0,52614.83512743125
light_V0399_V_8s_2026_05_20-0095.fit,light_V0399_V_8s_2026_05_20-0095_flat_6s_masked_clipmean_cal.fits,flat_6s_masked_clipmean,8.0,2461181.7070737267,65535.0,64686.87411761191
light_V0399_V_8s_2026_05_20-0096.fit,light_V0399_V_8s_2026_05_20-0096_flat_6s_masked_clipmean_cal.fits,flat_6s_masked_clipmean,8.0,2461181.7072653933,65535.0,64752.19591628995
light_V0399_V_8s_2026_05_20-0097.fit,light_V0399_V_8s_2026_05_20-0097_flat_6s_masked_clipmean_cal.fits,flat_6s_masked_clipmean,8.0,2461181.707456597,65535.0,64700.420445565134
light_V0399_V_8s_2026_05_20-0098.fit,light_V0399_V_8s_2026_05_20-0098_flat_6s_masked_clipmean_cal.fits,flat_6s_masked_clipmean,8.0,2461181.7076488426,59466.0,58708.370549475956
light_V0399_V_8s_2026_05_20-0099.fit,light_V0399_V_8s_2026_05_20-0099_flat_6s_masked_clipmean_cal.fits,flat_6s_masked_clipmean,8.0,2461181.707839815,65535.0,64792.15563143499
light_V0399_V_8s_2026_05_20-0100.fit,light_V0399_V_8s_2026_05_20-0100_flat_6s_masked_clipmean_cal.fits,flat_6s_masked_clipmean,8.0,2461181.7080314816,54239.0,53537.98943869146
light_V0399_V_8s_2026_05_20-0101.fit,light_V0399_V_8s_2026_05_20-0101_flat_6s_masked_clipmean_cal.fits,flat_6s_masked_clipmean,8.0,2461181.7082226854,65535.0,64816.69729232771
light_V0399_V_8s_2026_05_20-0102.fit,light_V0399_V_8s_2026_05_20-0102_flat_6s_masked_clipmean_cal.fits,flat_6s_masked_clipmean,8.0,2461181.7084144675,55745.0,54954.014218743025
light_V0399_V_8s_2026_05_20-0103.fit,light_V0399_V_8s_2026_05_20-0103_flat_6s_masked_clipmean_cal.fits,flat_6s_masked_clipmean,8.0,2461181.7086069444,64709.0,64011.89538417071
light_V0399_V_8s_2026_05_20-0104.fit,light_V0399_V_8s_2026_05_20-0104_flat_6s_masked_clipmean_cal.fits,flat_6s_masked_clipmean,8.0,2461181.708799537,50165.0,49512.08996626645
light_V0399_V_8s_2026_05_20-0105.fit,light_V0399_V_8s_2026_05_20-0105_flat_6s_masked_clipmean_cal.fits,flat_6s_masked_clipmean,8.0,2461181.7089913194,52925.0,52213.78455951562
light_V0399_V_8s_2026_05_20-0106.fit,light_V0399_V_8s_2026_05_20-0106_flat_6s_masked_clipmean_cal.fits,flat_6s_masked_clipmean,8.0,2461181.709182986,65535.0,64835.38543334487
light_V0399_V_8s_2026_05_20-0107.fit,light_V0399_V_8s_2026_05_20-0107_flat_6s_masked_clipmean_cal.fits,flat_6s_masked_clipmean,8.0,2461181.7093744213,65535.0,64773.93837755594
light_V0399_V_8s_2026_05_20-0108.fit,light_V0399_V_8s_2026_05_20-0108_flat_6s_masked_clipmean_cal.fits,flat_6s_masked_clipmean,8.0,2461181.7095659724,65535.0,64949.15600462269
light_V0399_V_8s_2026_05_20-0109.fit,light_V0399_V_8s_2026_05_20-0109_flat_6s_masked_clipmean_cal.fits,flat_6s_masked_clipmean,8.0,2461181.7097577546,65535.0,64855.00955985938
light_V_8s_2026_05_20-0001.fit,light_V_8s_2026_05_20-0001_flat_6s_masked_clipmean_cal.fits,flat_6s_masked_clipmean,8.0,2461181.672184375,42070.0,41375.60848705221
light_V_8s_2026_05_20-0002.fit,light_V_8s_2026_05_20-0002_flat_6s_masked_clipmean_cal.fits,flat_6s_masked_clipmean,8.0,2461181.672376852,38089.0,37427.35187900845
light_V_8s_2026_05_20-0003.fit,light_V_8s_2026_05_20-0003_flat_6s_masked_clipmean_cal.fits,flat_6s_masked_clipmean,8.0,2461181.6725682872,48598.0,47785.87830943329
light_V_8s_2026_05_20-0004.fit,light_V_8s_2026_05_20-0004_flat_6s_masked_clipmean_cal.fits,flat_6s_masked_clipmean,8.0,2461181.6727600694,37055.0,36332.91714302912
light_V_8s_2026_05_20-0005.fit,light_V_8s_2026_05_20-0005_flat_6s_masked_clipmean_cal.fits,flat_6s_masked_clipmean,8.0,2461181.6729527777,44955.0,44285.184618870655
light_V_8s_2026_05_20-0006.fit,light_V_8s_2026_05_20-0006_flat_6s_masked_clipmean_cal.fits,flat_6s_masked_clipmean,8.0,2461181.6731434027,44264.0,43441.91100817865
light_V_8s_2026_05_20-0007.fit,light_V_8s_2026_05_20-0007_flat_6s_masked_clipmean_cal.fits,flat_6s_masked_clipmean,8.0,2461181.6733350693,46261.0,45496.10925486068
light_V_8s_2026_05_20-0008.fit,light_V_8s_2026_05_20-0008_flat_6s_masked_clipmean_cal.fits,flat_6s_masked_clipmean,8.0,2461181.6735259257,33620.0,32916.379601776964
light_V_8s_2026_05_20-0009.fit,light_V_8s_2026_05_20-0009_flat_6s_masked_clipmean_cal.fits,flat_6s_masked_clipmean,8.0,2461181.6737177083,47288.0,46471.66033977532
light_V_8s_2026_05_20-0010.fit,light_V_8s_2026_05_20-0010_flat_6s_masked_clipmean_cal.fits,flat_6s_masked_clipmean,8.0,2461181.6739096064,38652.0,37938.508099085375
light_V_8s_2026_05_20-0011.fit,light_V_8s_2026_05_20-0011_flat_6s_masked_clipmean_cal.fits,flat_6s_masked_clipmean,8.0,2461181.67410081,53076.0,52384.89598890115
light_V_8s_2026_05_20-0012.fit,light_V_8s_2026_05_20-0012_flat_6s_masked_clipmean_cal.fits,flat_6s_masked_clipmean,8.0,2461181.674292361,38129.0,37455.39118181976
light_V_8s_2026_05_20-0013.fit,light_V_8s_2026_05_20-0013_flat_6s_masked_clipmean_cal.fits,flat_6s_masked_clipmean,8.0,2461181.6744832178,44007.0,43227.40040827138
light_V_8s_2026_05_20-0014.fit,light_V_8s_2026_05_20-0014_flat_6s_masked_clipmean_cal.fits,flat_6s_masked_clipmean,8.0,2461181.674675,35158.0,34278.45468493611
light_V_8s_2026_05_20-0015.fit,light_V_8s_2026_05_20-0015_flat_6s_masked_clipmean_cal.fits,flat_6s_masked_clipmean,8.0,2461181.6748667825,38648.0,37730.53394768108
light_V_8s_2026_05_20-0016.fit,light_V_8s_2026_05_20-0016_flat_6s_masked_clipmean_cal.fits,flat_6s_masked_clipmean,8.0,2461181.675058449,44498.0,43604.15049504951
light_V_8s_2026_05_20-0017.fit,light_V_8s_2026_05_20-0017_flat_6s_masked_clipmean_cal.fits,flat_6s_masked_clipmean,8.0,2461181.6752502313,48215.0,47595.27911305796
light_V_8s_2026_05_20-0018.fit,light_V_8s_2026_05_20-0018_flat_6s_masked_clipmean_cal.fits,flat_6s_masked_clipmean,8.0,2461181.67544213,27659.0,26860.935375100995
light_V_8s_2026_05_20-0019.fit,light_V_8s_2026_05_20-0019_flat_6s_masked_clipmean_cal.fits,flat_6s_masked_clipmean,8.0,2461181.6756346063,54296.0,53315.105525177816
light_V_8s_2026_05_20-0020.fit,light_V_8s_2026_05_20-0020_flat_6s_masked_clipmean_cal.fits,flat_6s_masked_clipmean,8.0,2461181.6758256946,44102.0,43403.92554301589
light_V_8s_2026_05_20-0021.fit,light_V_8s_2026_05_20-0021_flat_6s_masked_clipmean_cal.fits,flat_6s_masked_clipmean,8.0,2461181.676017361,46552.0,45835.50986653504
light_V_8s_2026_05_20-0022.fit,light_V_8s_2026_05_20-0022_flat_6s_masked_clipmean_cal.fits,flat_6s_masked_clipmean,8.0,2461181.676209028,47795.0,47073.121361410405
light_V_8s_2026_05_20-0023.fit,light_V_8s_2026_05_20-0023_flat_6s_masked_clipmean_cal.fits,flat_6s_masked_clipmean,8.0,2461181.6764001157,54778.0,54004.539785275556
light_V_8s_2026_05_20-0024.fit,light_V_8s_2026_05_20-0024_flat_6s_masked_clipmean_cal.fits,flat_6s_masked_clipmean,8.0,2461181.6765917824,34011.0,33156.18573012022
light_V_8s_2026_05_20-0025.fit,light_V_8s_2026_05_20-0025_flat_6s_masked_clipmean_cal.fits,flat_6s_masked_clipmean,8.0,2461181.676783449,54629.0,53792.698888486084
light_V_8s_2026_05_20-0026.fit,light_V_8s_2026_05_20-0026_flat_6s_masked_clipmean_cal.fits,flat_6s_masked_clipmean,8.0,2461181.6769761574,54807.0,54032.87132884253
light_V_8s_2026_05_20-0027.fit,light_V_8s_2026_05_20-0027_flat_6s_masked_clipmean_cal.fits,flat_6s_masked_clipmean,8.0,2461181.6771674766,45919.0,45122.247916108776
light_V_8s_2026_05_20-0028.fit,light_V_8s_2026_05_20-0028_flat_6s_masked_clipmean_cal.fits,flat_6s_masked_clipmean,8.0,2461181.677359375,37729.0,37009.6085742844
light_V_8s_2026_05_20-0029.fit,light_V_8s_2026_05_20-0029_flat_6s_masked_clipmean_cal.fits,flat_6s_masked_clipmean,8.0,2461181.677550463,56727.0,55735.61782878579
light_V_8s_2026_05_20-0030.fit,light_V_8s_2026_05_20-0030_flat_6s_masked_clipmean_cal.fits,flat_6s_masked_clipmean,8.0,2461181.677741667,42362.0,41495.3974582944
light_V_8s_2026_05_20-0031.fit,light_V_8s_2026_05_20-0031_flat_6s_masked_clipmean_cal.fits,flat_6s_masked_clipmean,8.0,2461181.6779328706,46284.0,45615.42551360497
light_V_8s_2026_05_20-0032.fit,light_V_8s_2026_05_20-0032_flat_6s_masked_clipmean_cal.fits,flat_6s_masked_clipmean,8.0,2461181.6781244213,33102.0,32326.78371526659
light_V_8s_2026_05_20-0033.fit,light_V_8s_2026_05_20-0033_flat_6s_masked_clipmean_cal.fits,flat_6s_masked_clipmean,8.0,2461181.678316204,52870.0,51974.12072909001
light_V_8s_2026_05_20-0034.fit,light_V_8s_2026_05_20-0034_flat_6s_masked_clipmean_cal.fits,flat_6s_masked_clipmean,8.0,2461181.6785078705,48556.0,47750.795604868414
light_V_8s_2026_05_20-0035.fit,light_V_8s_2026_05_20-0035_flat_6s_masked_clipmean_cal.fits,flat_6s_masked_clipmean,8.0,2461181.678699537,52646.0,51815.15825416317
light_V_8s_2026_05_20-0036.fit,light_V_8s_2026_05_20-0036_flat_6s_masked_clipmean_cal.fits,flat_6s_masked_clipmean,8.0,2461181.6788909724,49941.0,49210.62831429871
light_V_8s_2026_05_20-0037.fit,light_V_8s_2026_05_20-0037_flat_6s_masked_clipmean_cal.fits,flat_6s_masked_clipmean,8.0,2461181.67908206,51446.0,50579.40008737049
light_V_8s_2026_05_20-0038.fit,light_V_8s_2026_05_20-0038_flat_6s_masked_clipmean_cal.fits,flat_6s_masked_clipmean,8.0,2461181.6792738424,41249.0,40462.862491916065
light_V_8s_2026_05_20-0039.fit,light_V_8s_2026_05_20-0039_flat_6s_masked_clipmean_cal.fits,flat_6s_masked_clipmean,8.0,2461181.6794653935,59296.0,58473.884547877096
light_V_8s_2026_05_20-0040.fit,light_V_8s_2026_05_20-0040_flat_6s_masked_clipmean_cal.fits,flat_6s_masked_clipmean,8.0,2461181.679657176,50729.0,50011.06577689782
light_V_8s_2026_05_20-0041.fit,light_V_8s_2026_05_20-0041_flat_6s_masked_clipmean_cal.fits,flat_6s_masked_clipmean,8.0,2461181.679848843,46536.0,45861.80251093663
light_V_8s_2026_05_20-0042.fit,light_V_8s_2026_05_20-0042_flat_6s_masked_clipmean_cal.fits,flat_6s_masked_clipmean,8.0,2461181.6800405094,43318.0,42517.485338226725
light_V_8s_2026_05_20-0043.fit,light_V_8s_2026_05_20-0043_flat_6s_masked_clipmean_cal.fits,flat_6s_masked_clipmean,8.0,2461181.6802317128,44718.0,44058.42744581851
light_V_8s_2026_05_20-0044.fit,light_V_8s_2026_05_20-0044_flat_6s_masked_clipmean_cal.fits,flat_6s_masked_clipmean,8.0,2461181.6804236113,54803.0,53844.56611033659
light_V_8s_2026_05_20-0045.fit,light_V_8s_2026_05_20-0045_flat_6s_masked_clipmean_cal.fits,flat_6s_masked_clipmean,8.0,2461181.680614699,35643.0,34957.31653330861
light_V_8s_2026_05_20-0046.fit,light_V_8s_2026_05_20-0046_flat_6s_masked_clipmean_cal.fits,flat_6s_masked_clipmean,8.0,2461181.6808056715,48022.0,47308.44530422292
light_V_8s_2026_05_20-0047.fit,light_V_8s_2026_05_20-0047_flat_6s_masked_clipmean_cal.fits,flat_6s_masked_clipmean,8.0,2461181.6809974536,51677.0,50848.68431414844
light_V_8s_2026_05_20-0048.fit,light_V_8s_2026_05_20-0048_flat_6s_masked_clipmean_cal.fits,flat_6s_masked_clipmean,8.0,2461181.6811891203,28370.0,27703.699730226042
light_V_8s_2026_05_20-0049.fit,light_V_8s_2026_05_20-0049_flat_6s_masked_clipmean_cal.fits,flat_6s_masked_clipmean,8.0,2461181.68138044,53137.0,52235.18450380384
light_V_8s_2026_05_20-0050.fit,light_V_8s_2026_05_20-0050_flat_6s_masked_clipmean_cal.fits,flat_6s_masked_clipmean,8.0,2461181.6815721067,56212.0,55421.29895191185
light_V_8s_2026_05_20-0051.fit,light_V_8s_2026_05_20-0051_flat_6s_masked_clipmean_cal.fits,flat_6s_masked_clipmean,8.0,2461181.6817636574,52687.0,51975.826745629354
light_V_8s_2026_05_20-0052.fit,light_V_8s_2026_05_20-0052_flat_6s_masked_clipmean_cal.fits,flat_6s_masked_clipmean,8.0,2461181.681955324,48606.0,47830.720953718446
light_V_8s_2026_05_20-0053.fit,light_V_8s_2026_05_20-0053_flat_6s_masked_clipmean_cal.fits,flat_6s_masked_clipmean,8.0,2461181.682147222,50910.0,50136.74261906755
light_V_8s_2026_05_20-0054.fit,light_V_8s_2026_05_20-0054_flat_6s_masked_clipmean_cal.fits,flat_6s_masked_clipmean,8.0,2461181.6823388888,52616.0,51843.93418739785
light_V_8s_2026_05_20-0055.fit,light_V_8s_2026_05_20-0055_flat_6s_masked_clipmean_cal.fits,flat_6s_masked_clipmean,8.0,2461181.682530903,39343.0,38674.955939037274
light_V_8s_2026_05_20-0056.fit,light_V_8s_2026_05_20-0056_flat_6s_masked_clipmean_cal.fits,flat_6s_masked_clipmean,8.0,2461181.6827226854,62299.0,61210.001227783905
light_V_8s_2026_05_20-0057.fit,light_V_8s_2026_05_20-0057_flat_6s_masked_clipmean_cal.fits,flat_6s_masked_clipmean,8.0,2461181.682914352,45843.0,45003.74317373352
light_V_8s_2026_05_20-0058.fit,light_V_8s_2026_05_20-0058_flat_6s_masked_clipmean_cal.fits,flat_6s_masked_clipmean,8.0,2461181.68310625,46862.0,46002.39213895654
light_V_8s_2026_05_20-0059.fit,light_V_8s_2026_05_20-0059_flat_6s_masked_clipmean_cal.fits,flat_6s_masked_clipmean,8.0,2461181.683298148,58459.0,57541.7078968888
light_V_8s_2026_05_20-0060.fit,light_V_8s_2026_05_20-0060_flat_6s_masked_clipmean_cal.fits,flat_6s_masked_clipmean,8.0,2461181.683489236,44159.0,43320.18445648713
light_V_8s_2026_05_20-0061.fit,light_V_8s_2026_05_20-0061_flat_6s_masked_clipmean_cal.fits,flat_6s_masked_clipmean,8.0,2461181.683680787,51033.0,50133.143333199296
light_V_8s_2026_05_20-0062.fit,light_V_8s_2026_05_20-0062_flat_6s_masked_clipmean_cal.fits,flat_6s_masked_clipmean,8.0,2461181.683872454,55546.0,54681.305717089264
light_V_8s_2026_05_20-0063.fit,light_V_8s_2026_05_20-0063_flat_6s_masked_clipmean_cal.fits,flat_6s_masked_clipmean,8.0,2461181.6840641205,43746.0,42946.24965409843
light_V_8s_2026_05_20-0064.fit,light_V_8s_2026_05_20-0064_flat_6s_masked_clipmean_cal.fits,flat_6s_masked_clipmean,8.0,2461181.684255671,51584.0,50665.81304981428
light_V_8s_2026_05_20-0065.fit,light_V_8s_2026_05_20-0065_flat_6s_masked_clipmean_cal.fits,flat_6s_masked_clipmean,8.0,2461181.684446991,50920.0,50150.91689559552
light_V_8s_2026_05_20-0066.fit,light_V_8s_2026_05_20-0066_flat_6s_masked_clipmean_cal.fits,flat_6s_masked_clipmean,8.0,2461181.684639352,41956.0,41268.55585800795
light_V_8s_2026_05_20-0067.fit,light_V_8s_2026_05_20-0067_flat_6s_masked_clipmean_cal.fits,flat_6s_masked_clipmean,8.0,2461181.6848310186,58057.0,57100.27298965443
light_V_8s_2026_05_20-0068.fit,light_V_8s_2026_05_20-0068_flat_6s_masked_clipmean_cal.fits,flat_6s_masked_clipmean,8.0,2461181.6850228007,57433.0,56427.147742922796
light_V_8s_2026_05_20-0069.fit,light_V_8s_2026_05_20-0069_flat_6s_masked_clipmean_cal.fits,flat_6s_masked_clipmean,8.0,2461181.685213773,56904.0,56121.44341154162
light_V_8s_2026_05_20-0070.fit,light_V_8s_2026_05_20-0070_flat_6s_masked_clipmean_cal.fits,flat_6s_masked_clipmean,8.0,2461181.685405671,47837.0,47171.73285345231
light_V_8s_2026_05_20-0071.fit,light_V_8s_2026_05_20-0071_flat_6s_masked_clipmean_cal.fits,flat_6s_masked_clipmean,8.0,2461181.6855980325,57437.0,56738.62068260922
light_V_8s_2026_05_20-0072.fit,light_V_8s_2026_05_20-0072_flat_6s_masked_clipmean_cal.fits,flat_6s_masked_clipmean,8.0,2461181.6857905095,54854.0,53916.559569630226
light_V_8s_2026_05_20-0073.fit,light_V_8s_2026_05_20-0073_flat_6s_masked_clipmean_cal.fits,flat_6s_masked_clipmean,8.0,2461181.68598206,42970.0,42113.14167082284
light_V_8s_2026_05_20-0074.fit,light_V_8s_2026_05_20-0074_flat_6s_masked_clipmean_cal.fits,flat_6s_masked_clipmean,8.0,2461181.686173727,60965.0,60086.23753487118
light_V_8s_2026_05_20-0075.fit,light_V_8s_2026_05_20-0075_flat_6s_masked_clipmean_cal.fits,flat_6s_masked_clipmean,8.0,2461181.686365625,58365.0,57705.64282972898
light_V_8s_2026_05_20-0076.fit,light_V_8s_2026_05_20-0076_flat_6s_masked_clipmean_cal.fits,flat_6s_masked_clipmean,8.0,2461181.686557176,42168.0,41368.101332104285
light_V_8s_2026_05_20-0077.fit,light_V_8s_2026_05_20-0077_flat_6s_masked_clipmean_cal.fits,flat_6s_masked_clipmean,8.0,2461181.6867488427,57476.0,56818.9445630387
light_V_8s_2026_05_20-0078.fit,light_V_8s_2026_05_20-0078_flat_6s_masked_clipmean_cal.fits,flat_6s_masked_clipmean,8.0,2461181.6869399305,65370.0,64511.29867761566
light_V_8s_2026_05_20-0079.fit,light_V_8s_2026_05_20-0079_flat_6s_masked_clipmean_cal.fits,flat_6s_masked_clipmean,8.0,2461181.6871314817,50721.0,50036.35192153581
light_V_8s_2026_05_20-0080.fit,light_V_8s_2026_05_20-0080_flat_6s_masked_clipmean_cal.fits,flat_6s_masked_clipmean,8.0,2461181.687323264,58467.0,57493.10945508
light_V_8s_2026_05_20-0081.fit,light_V_8s_2026_05_20-0081_flat_6s_masked_clipmean_cal.fits,flat_6s_masked_clipmean,8.0,2461181.6875149305,50355.0,49446.87127038271
light_V_8s_2026_05_20-0082.fit,light_V_8s_2026_05_20-0082_flat_6s_masked_clipmean_cal.fits,flat_6s_masked_clipmean,8.0,2461181.687706597,48366.0,47601.82745402201
light_V_8s_2026_05_20-0083.fit,light_V_8s_2026_05_20-0083_flat_6s_masked_clipmean_cal.fits,flat_6s_masked_clipmean,8.0,2461181.6878975695,62786.0,61821.51455001992
6
