sequence,n_comp,N_target,N_check,target_mad_pct,check_mad_pct,score_pct,subset,subset_short
V_8 generic,4,83,78,1.3719319195362951,1.1905538069609656,1.2812428632486303,gaia_774271076054448768_src2|gaia_774272862760870784_src1|gaia_774287774887292672_src5|gaia_774289041901756032_src4,"src2,src1,src5,src4"
V_8 generic,4,83,78,1.4809465528600774,1.2805861946396115,1.3807663737498443,gaia_774271076054448768_src2|gaia_774272862760870784_src1|gaia_774287774887292672_src5|gaia_774290626745586944_src8,"src2,src1,src5,src8"
V_8 generic,4,83,78,1.5333932950837987,1.2599729656863168,1.3966831303850578,gaia_774271076054448768_src2|gaia_774272862760870784_src1|gaia_774287774887292672_src5|gaia_774288805679445888_src7,"src2,src1,src5,src7"
V_8 generic,4,83,78,1.5333932950837987,1.2599729656863168,1.3966831303850578,gaia_774271076054448768_src2|gaia_774272862760870784_src1|gaia_774287774887292672_src5|gaia_774289488578357504_src6,"src2,src1,src5,src6"
V_8 generic,4,83,78,1.4037559675300817,1.3933609305387917,1.3985584490344367,gaia_774271076054448768_src2|gaia_774272862760870784_src1|gaia_774288805679445888_src7|gaia_774290626745586944_src8,"src2,src1,src7,src8"
V_8 generic,4,83,78,1.4478242562469612,1.3710499246935766,1.4094370904702689,gaia_774271076054448768_src2|gaia_774272862760870784_src1|gaia_774288805679445888_src7|gaia_774289488578357504_src6,"src2,src1,src7,src6"
V_8 generic,4,83,78,1.4375269163276665,1.4589376901099278,1.4482323032187971,gaia_774271076054448768_src2|gaia_774272862760870784_src1|gaia_774289488578357504_src6|gaia_774290626745586944_src8,"src2,src1,src6,src8"
V_8 generic,4,83,78,1.369177517676489,1.5442943812126049,1.456735949444547,gaia_774271076054448768_src2|gaia_774272862760870784_src1|gaia_774288805679445888_src7|gaia_774289041901756032_src4,"src2,src1,src7,src4"
V_8 generic,4,83,78,1.369177517676489,1.5442943812126049,1.456735949444547,gaia_774271076054448768_src2|gaia_774272862760870784_src1|gaia_774289041901756032_src4|gaia_774289488578357504_src6,"src2,src1,src4,src6"
V_8 generic,4,83,78,1.3375402093846807,1.5935108602972088,1.4655255348409448,gaia_774271076054448768_src2|gaia_774272862760870784_src1|gaia_774289041901756032_src4|gaia_774290626745586944_src8,"src2,src1,src4,src8"
V_8 generic,3,83,78,1.5061004866435828,1.4960126706721852,1.501056578657884,gaia_774271076054448768_src2|gaia_774272862760870784_src1|gaia_774287774887292672_src5,"src2,src1,src5"
V_8 generic,3,83,78,1.5061004866435828,1.4960126706721852,1.501056578657884,gaia_774271076054448768_src2|gaia_774272862760870784_src1|gaia_774288805679445888_src7,"src2,src1,src7"
V_8 generic,3,83,78,1.5061004866435828,1.4960126706721852,1.501056578657884,gaia_774271076054448768_src2|gaia_774272862760870784_src1|gaia_774289041901756032_src4,"src2,src1,src4"
V_8 generic,3,83,78,1.5061004866435828,1.4960126706721852,1.501056578657884,gaia_774271076054448768_src2|gaia_774272862760870784_src1|gaia_774289488578357504_src6,"src2,src1,src6"
V_8 generic,4,83,78,1.35715877093518,1.6648347311642462,1.510996751049713,gaia_774271076054448768_src2|gaia_774288805679445888_src7|gaia_774289041901756032_src4|gaia_774289488578357504_src6,"src2,src7,src4,src6"
V_8 generic,4,83,78,1.35715877093518,1.6648347311642462,1.510996751049713,gaia_774272862760870784_src1|gaia_774288805679445888_src7|gaia_774289041901756032_src4|gaia_774289488578357504_src6,"src1,src7,src4,src6"
V_8 generic,3,83,78,1.5061004866435828,1.5386541523703219,1.5223773195069523,gaia_774271076054448768_src2|gaia_774272862760870784_src1|gaia_774384016513181696_src3,"src2,src1,src3"
V_8 generic,4,83,78,1.339050906227249,1.7248792535600515,1.5319650798936504,gaia_774271076054448768_src2|gaia_774289041901756032_src4|gaia_774289488578357504_src6|gaia_774290626745586944_src8,"src2,src4,src6,src8"
V_8 generic,4,83,78,1.339050906227249,1.7248792535600515,1.5319650798936504,gaia_774272862760870784_src1|gaia_774289041901756032_src4|gaia_774289488578357504_src6|gaia_774290626745586944_src8,"src1,src4,src6,src8"
V_8 generic,6,83,78,1.339050906227249,1.7248792535600515,1.5319650798936504,gaia_774271076054448768_src2|gaia_774272862760870784_src1|gaia_774288805679445888_src7|gaia_774289041901756032_src4|gaia_774289488578357504_src6|gaia_774290626745586944_src8,"src2,src1,src7,src4,src6,src8"
V_8 generic,3,83,78,1.5880562374327847,1.5339328284791633,1.560994532955974,gaia_774271076054448768_src2|gaia_774272862760870784_src1|gaia_774290626745586944_src8,"src2,src1,src8"
V_8 generic,4,83,78,1.4586573909721696,1.6648347311642462,1.561746061068208,gaia_774288805679445888_src7|gaia_774289041901756032_src4|gaia_774289488578357504_src6|gaia_774384016513181696_src3,"src7,src4,src6,src3"
V_8 generic,4,83,78,1.4422907222208987,1.7248792535600515,1.583584987890475,gaia_774289041901756032_src4|gaia_774289488578357504_src6|gaia_774290626745586944_src8|gaia_774384016513181696_src3,"src4,src6,src8,src3"
V_8 generic,6,83,78,1.4422907222208987,1.7248792535600515,1.583584987890475,gaia_774271076054448768_src2|gaia_774288805679445888_src7|gaia_774289041901756032_src4|gaia_774289488578357504_src6|gaia_774290626745586944_src8|gaia_774384016513181696_src3,"src2,src7,src4,src6,src8,src3"
V_8 generic,6,83,78,1.4422907222208987,1.7248792535600515,1.583584987890475,gaia_774272862760870784_src1|gaia_774288805679445888_src7|gaia_774289041901756032_src4|gaia_774289488578357504_src6|gaia_774290626745586944_src8|gaia_774384016513181696_src3,"src1,src7,src4,src6,src8,src3"
V_8 generic,4,83,78,1.3185887931457858,1.9206847941122145,1.6196367936290001,gaia_774288805679445888_src7|gaia_774289041901756032_src4|gaia_774290626745586944_src8|gaia_774384016513181696_src3,"src7,src4,src8,src3"
V_8 generic,4,83,78,1.7787010713497358,1.4923352636522156,1.6355181675009756,gaia_774271076054448768_src2|gaia_774272862760870784_src1|gaia_774287774887292672_src5|gaia_774384016513181696_src3,"src2,src1,src5,src3"
V_8 generic,4,83,78,1.7787010713497358,1.4923352636522156,1.6355181675009756,gaia_774271076054448768_src2|gaia_774272862760870784_src1|gaia_774288805679445888_src7|gaia_774384016513181696_src3,"src2,src1,src7,src3"
V_8 generic,4,83,78,1.7787010713497358,1.4923352636522156,1.6355181675009756,gaia_774271076054448768_src2|gaia_774272862760870784_src1|gaia_774289041901756032_src4|gaia_774384016513181696_src3,"src2,src1,src4,src3"
V_8 generic,4,83,78,1.7787010713497358,1.4923352636522156,1.6355181675009756,gaia_774271076054448768_src2|gaia_774272862760870784_src1|gaia_774289488578357504_src6|gaia_774384016513181696_src3,"src2,src1,src6,src3"
V_8 generic,4,83,78,1.3547118918604055,1.9206847941122145,1.63769834298631,gaia_774271076054448768_src2|gaia_774288805679445888_src7|gaia_774289041901756032_src4|gaia_774290626745586944_src8,"src2,src7,src4,src8"
V_8 generic,4,83,78,1.3547118918604055,1.9206847941122145,1.63769834298631,gaia_774272862760870784_src1|gaia_774288805679445888_src7|gaia_774289041901756032_src4|gaia_774290626745586944_src8,"src1,src7,src4,src8"
V_8 generic,4,83,78,1.5788901282501224,1.7205953441666544,1.6497427362083883,gaia_774271076054448768_src2|gaia_774287774887292672_src5|gaia_774288805679445888_src7|gaia_774289041901756032_src4,"src2,src5,src7,src4"
V_8 generic,4,83,78,1.5788901282501224,1.7205953441666544,1.6497427362083883,gaia_774271076054448768_src2|gaia_774287774887292672_src5|gaia_774289041901756032_src4|gaia_774289488578357504_src6,"src2,src5,src4,src6"
V_8 generic,4,83,78,1.5788901282501224,1.7205953441666544,1.6497427362083883,gaia_774272862760870784_src1|gaia_774287774887292672_src5|gaia_774288805679445888_src7|gaia_774289041901756032_src4,"src1,src5,src7,src4"
V_8 generic,4,83,78,1.5788901282501224,1.7205953441666544,1.6497427362083883,gaia_774272862760870784_src1|gaia_774287774887292672_src5|gaia_774289041901756032_src4|gaia_774289488578357504_src6,"src1,src5,src4,src6"
V_8 generic,4,83,78,1.5788901282501224,1.7205953441666544,1.6497427362083883,gaia_774287774887292672_src5|gaia_774288805679445888_src7|gaia_774289041901756032_src4|gaia_774384016513181696_src3,"src5,src7,src4,src3"
V_8 generic,4,83,78,1.5788901282501224,1.7205953441666544,1.6497427362083883,gaia_774287774887292672_src5|gaia_774289041901756032_src4|gaia_774289488578357504_src6|gaia_774384016513181696_src3,"src5,src4,src6,src3"
V_8 generic,6,83,78,1.5788901282501224,1.7205953441666544,1.6497427362083883,gaia_774271076054448768_src2|gaia_774272862760870784_src1|gaia_774287774887292672_src5|gaia_774288805679445888_src7|gaia_774289041901756032_src4|gaia_774289488578357504_src6,"src2,src1,src5,src7,src4,src6"
V_8 generic,6,83,78,1.5788901282501224,1.7205953441666544,1.6497427362083883,gaia_774271076054448768_src2|gaia_774287774887292672_src5|gaia_774288805679445888_src7|gaia_774289041901756032_src4|gaia_774289488578357504_src6|gaia_774384016513181696_src3,"src2,src5,src7,src4,src6,src3"
V_8 generic,6,83,78,1.5788901282501224,1.7205953441666544,1.6497427362083883,gaia_774272862760870784_src1|gaia_774287774887292672_src5|gaia_774288805679445888_src7|gaia_774289041901756032_src4|gaia_774289488578357504_src6|gaia_774384016513181696_src3,"src1,src5,src7,src4,src6,src3"
V_8 generic,4,83,78,1.5788901282501224,1.7569234183371412,1.6679067732936317,gaia_774271076054448768_src2|gaia_774287774887292672_src5|gaia_774289041901756032_src4|gaia_774290626745586944_src8,"src2,src5,src4,src8"
V_8 generic,4,83,78,1.5788901282501224,1.7569234183371412,1.6679067732936317,gaia_774272862760870784_src1|gaia_774287774887292672_src5|gaia_774289041901756032_src4|gaia_774290626745586944_src8,"src1,src5,src4,src8"
V_8 generic,4,83,78,1.5788901282501224,1.7569234183371412,1.6679067732936317,gaia_774287774887292672_src5|gaia_774289041901756032_src4|gaia_774290626745586944_src8|gaia_774384016513181696_src3,"src5,src4,src8,src3"
V_8 generic,6,83,78,1.5788901282501224,1.7569234183371412,1.6679067732936317,gaia_774271076054448768_src2|gaia_774272862760870784_src1|gaia_774287774887292672_src5|gaia_774288805679445888_src7|gaia_774289041901756032_src4|gaia_774290626745586944_src8,"src2,src1,src5,src7,src4,src8"
V_8 generic,6,83,78,1.5788901282501224,1.7569234183371412,1.6679067732936317,gaia_774271076054448768_src2|gaia_774272862760870784_src1|gaia_774287774887292672_src5|gaia_774289041901756032_src4|gaia_774289488578357504_src6|gaia_774290626745586944_src8,"src2,src1,src5,src4,src6,src8"
V_8 generic,6,83,78,1.5788901282501224,1.7569234183371412,1.6679067732936317,gaia_774271076054448768_src2|gaia_774287774887292672_src5|gaia_774288805679445888_src7|gaia_774289041901756032_src4|gaia_774290626745586944_src8|gaia_774384016513181696_src3,"src2,src5,src7,src4,src8,src3"
V_8 generic,6,83,78,1.5788901282501224,1.7569234183371412,1.6679067732936317,gaia_774271076054448768_src2|gaia_774287774887292672_src5|gaia_774289041901756032_src4|gaia_774289488578357504_src6|gaia_774290626745586944_src8|gaia_774384016513181696_src3,"src2,src5,src4,src6,src8,src3"
V_8 generic,6,83,78,1.5788901282501224,1.7569234183371412,1.6679067732936317,gaia_774272862760870784_src1|gaia_774287774887292672_src5|gaia_774288805679445888_src7|gaia_774289041901756032_src4|gaia_774290626745586944_src8|gaia_774384016513181696_src3,"src1,src5,src7,src4,src8,src3"
V_8 generic,6,83,78,1.5788901282501224,1.7569234183371412,1.6679067732936317,gaia_774272862760870784_src1|gaia_774287774887292672_src5|gaia_774289041901756032_src4|gaia_774289488578357504_src6|gaia_774290626745586944_src8|gaia_774384016513181696_src3,"src1,src5,src4,src6,src8,src3"
V_8 generic,8,83,78,1.5788901282501224,1.7569234183371412,1.6679067732936317,gaia_774271076054448768_src2|gaia_774272862760870784_src1|gaia_774287774887292672_src5|gaia_774288805679445888_src7|gaia_774289041901756032_src4|gaia_774289488578357504_src6|gaia_774290626745586944_src8|gaia_774384016513181696_src3,"src2,src1,src5,src7,src4,src6,src8,src3"
V_8 generic,4,83,78,1.6792741513809848,1.6829810513366956,1.68112760135884,gaia_774271076054448768_src2|gaia_774287774887292672_src5|gaia_774288805679445888_src7|gaia_774289488578357504_src6,"src2,src5,src7,src6"
V_8 generic,4,83,78,1.6792741513809848,1.6829810513366956,1.68112760135884,gaia_774272862760870784_src1|gaia_774287774887292672_src5|gaia_774288805679445888_src7|gaia_774289488578357504_src6,"src1,src5,src7,src6"
V_8 generic,3,83,78,1.416870691240271,1.9499626451848489,1.68341666821256,gaia_774271076054448768_src2|gaia_774288805679445888_src7|gaia_774289041901756032_src4,"src2,src7,src4"
V_8 generic,3,83,78,1.416870691240271,1.9499626451848489,1.68341666821256,gaia_774271076054448768_src2|gaia_774289041901756032_src4|gaia_774289488578357504_src6,"src2,src4,src6"
V_8 generic,3,83,78,1.416870691240271,1.9499626451848489,1.68341666821256,gaia_774272862760870784_src1|gaia_774288805679445888_src7|gaia_774289041901756032_src4,"src1,src7,src4"
V_8 generic,3,83,78,1.416870691240271,1.9499626451848489,1.68341666821256,gaia_774272862760870784_src1|gaia_774289041901756032_src4|gaia_774289488578357504_src6,"src1,src4,src6"
V_8 generic,5,83,78,1.416870691240271,1.9499626451848489,1.68341666821256,gaia_774271076054448768_src2|gaia_774272862760870784_src1|gaia_774288805679445888_src7|gaia_774289041901756032_src4|gaia_774289488578357504_src6,"src2,src1,src7,src4,src6"
V_8 generic,4,83,78,1.9049860069130342,1.4633864668817786,1.6841862368974065,gaia_774271076054448768_src2|gaia_774287774887292672_src5|gaia_774288805679445888_src7|gaia_774384016513181696_src3,"src2,src5,src7,src3"
V_8 generic,4,83,78,1.9049860069130342,1.4633864668817786,1.6841862368974065,gaia_774271076054448768_src2|gaia_774287774887292672_src5|gaia_774289488578357504_src6|gaia_774384016513181696_src3,"src2,src5,src6,src3"
V_8 generic,4,83,78,1.9049860069130342,1.4633864668817786,1.6841862368974065,gaia_774272862760870784_src1|gaia_774287774887292672_src5|gaia_774288805679445888_src7|gaia_774384016513181696_src3,"src1,src5,src7,src3"
V_8 generic,4,83,78,1.9049860069130342,1.4633864668817786,1.6841862368974065,gaia_774272862760870784_src1|gaia_774287774887292672_src5|gaia_774289488578357504_src6|gaia_774384016513181696_src3,"src1,src5,src6,src3"
V_8 generic,6,83,78,1.9049860069130342,1.4633864668817786,1.6841862368974065,gaia_774271076054448768_src2|gaia_774272862760870784_src1|gaia_774287774887292672_src5|gaia_774288805679445888_src7|gaia_774289488578357504_src6|gaia_774384016513181696_src3,"src2,src1,src5,src7,src6,src3"
V_8 generic,4,83,78,1.5975822012642769,1.782678333853834,1.6901302675590553,gaia_774271076054448768_src2|gaia_774288805679445888_src7|gaia_774289488578357504_src6|gaia_774290626745586944_src8,"src2,src7,src6,src8"
V_8 generic,4,83,78,1.5975822012642769,1.782678333853834,1.6901302675590553,gaia_774272862760870784_src1|gaia_774288805679445888_src7|gaia_774289488578357504_src6|gaia_774290626745586944_src8,"src1,src7,src6,src8"
V_8 generic,4,83,78,1.5975822012642769,1.782678333853834,1.6901302675590553,gaia_774287774887292672_src5|gaia_774288805679445888_src7|gaia_774289488578357504_src6|gaia_774290626745586944_src8,"src5,src7,src6,src8"
V_8 generic,4,83,78,1.5975822012642769,1.782678333853834,1.6901302675590553,gaia_774288805679445888_src7|gaia_774289041901756032_src4|gaia_774289488578357504_src6|gaia_774290626745586944_src8,"src7,src4,src6,src8"
V_8 generic,4,83,78,1.7024511038794286,1.6829810513366956,1.692716077608062,gaia_774287774887292672_src5|gaia_774288805679445888_src7|gaia_774289488578357504_src6|gaia_774384016513181696_src3,"src5,src7,src6,src3"
V_8 generic,3,83,78,1.4775236479946086,1.9091618710154992,1.6933427595050539,gaia_774271076054448768_src2|gaia_774287774887292672_src5|gaia_774289041901756032_src4,"src2,src5,src4"
V_8 generic,3,83,78,1.4775236479946086,1.9091618710154992,1.6933427595050539,gaia_774272862760870784_src1|gaia_774287774887292672_src5|gaia_774289041901756032_src4,"src1,src5,src4"
V_8 generic,5,83,78,1.4775236479946086,1.9091618710154992,1.6933427595050539,gaia_774271076054448768_src2|gaia_774272862760870784_src1|gaia_774287774887292672_src5|gaia_774288805679445888_src7|gaia_774289041901756032_src4,"src2,src1,src5,src7,src4"
V_8 generic,5,83,78,1.4775236479946086,1.9091618710154992,1.6933427595050539,gaia_774271076054448768_src2|gaia_774272862760870784_src1|gaia_774287774887292672_src5|gaia_774289041901756032_src4|gaia_774289488578357504_src6,"src2,src1,src5,src4,src6"
V_8 generic,4,83,78,1.604682686087863,1.782678333853834,1.6936805099708483,gaia_774288805679445888_src7|gaia_774289488578357504_src6|gaia_774290626745586944_src8|gaia_774384016513181696_src3,"src7,src6,src8,src3"
V_8 generic,4,83,78,1.850595016818113,1.5388724294287743,1.6947337231234436,gaia_774271076054448768_src2|gaia_774272862760870784_src1|gaia_774290626745586944_src8|gaia_774384016513181696_src3,"src2,src1,src8,src3"
V_8 generic,3,83,78,1.4775236479946086,1.9301522776130404,1.7038379628038245,gaia_774287774887292672_src5|gaia_774289041901756032_src4|gaia_774384016513181696_src3,"src5,src4,src3"
V_8 generic,5,83,78,1.4775236479946086,1.9301522776130404,1.7038379628038245,gaia_774271076054448768_src2|gaia_774287774887292672_src5|gaia_774288805679445888_src7|gaia_774289041901756032_src4|gaia_774384016513181696_src3,"src2,src5,src7,src4,src3"
V_8 generic,5,83,78,1.4775236479946086,1.9301522776130404,1.7038379628038245,gaia_774271076054448768_src2|gaia_774287774887292672_src5|gaia_774289041901756032_src4|gaia_774289488578357504_src6|gaia_774384016513181696_src3,"src2,src5,src4,src6,src3"
V_8 generic,5,83,78,1.4775236479946086,1.9301522776130404,1.7038379628038245,gaia_774272862760870784_src1|gaia_774287774887292672_src5|gaia_774288805679445888_src7|gaia_774289041901756032_src4|gaia_774384016513181696_src3,"src1,src5,src7,src4,src3"
V_8 generic,5,83,78,1.4775236479946086,1.9301522776130404,1.7038379628038245,gaia_774272862760870784_src1|gaia_774287774887292672_src5|gaia_774289041901756032_src4|gaia_774289488578357504_src6|gaia_774384016513181696_src3,"src1,src5,src4,src6,src3"
V_8 generic,7,83,78,1.4775236479946086,1.9301522776130404,1.7038379628038245,gaia_774271076054448768_src2|gaia_774272862760870784_src1|gaia_774287774887292672_src5|gaia_774288805679445888_src7|gaia_774289041901756032_src4|gaia_774289488578357504_src6|gaia_774384016513181696_src3,"src2,src1,src5,src7,src4,src6,src3"
V_8 generic,5,83,78,1.4811079174116426,1.9501368949518199,1.7156224061817311,gaia_774271076054448768_src2|gaia_774272862760870784_src1|gaia_774287774887292672_src5|gaia_774289041901756032_src4|gaia_774290626745586944_src8,"src2,src1,src5,src4,src8"
V_8 generic,4,83,78,1.7022846961823976,1.7543727228594712,1.7283287095209343,gaia_774287774887292672_src5|gaia_774288805679445888_src7|gaia_774289041901756032_src4|gaia_774289488578357504_src6,"src5,src7,src4,src6"
V_8 generic,4,83,78,1.7003069506335153,1.756777067253047,1.7285420089432812,gaia_774271076054448768_src2|gaia_774287774887292672_src5|gaia_774289488578357504_src6|gaia_774290626745586944_src8,"src2,src5,src6,src8"
V_8 generic,4,83,78,1.7003069506335153,1.756777067253047,1.7285420089432812,gaia_774272862760870784_src1|gaia_774287774887292672_src5|gaia_774289488578357504_src6|gaia_774290626745586944_src8,"src1,src5,src6,src8"
V_8 generic,6,83,78,1.7003069506335153,1.756777067253047,1.7285420089432812,gaia_774271076054448768_src2|gaia_774272862760870784_src1|gaia_774287774887292672_src5|gaia_774288805679445888_src7|gaia_774289488578357504_src6|gaia_774290626745586944_src8,"src2,src1,src5,src7,src6,src8"
V_8 generic,4,83,78,1.7143840942902924,1.756777067253047,1.7355805807716695,gaia_774287774887292672_src5|gaia_774289488578357504_src6|gaia_774290626745586944_src8|gaia_774384016513181696_src3,"src5,src6,src8,src3"
V_8 generic,6,83,78,1.7143840942902924,1.756777067253047,1.7355805807716695,gaia_774271076054448768_src2|gaia_774287774887292672_src5|gaia_774288805679445888_src7|gaia_774289488578357504_src6|gaia_774290626745586944_src8|gaia_774384016513181696_src3,"src2,src5,src7,src6,src8,src3"
V_8 generic,6,83,78,1.7143840942902924,1.756777067253047,1.7355805807716695,gaia_774272862760870784_src1|gaia_774287774887292672_src5|gaia_774288805679445888_src7|gaia_774289488578357504_src6|gaia_774290626745586944_src8|gaia_774384016513181696_src3,"src1,src5,src7,src6,src8,src3"
V_8 generic,3,83,78,1.4621793330582982,2.024016200123635,1.7430977665909666,gaia_774288805679445888_src7|gaia_774289041901756032_src4|gaia_774384016513181696_src3,"src7,src4,src3"
V_8 generic,3,83,78,1.4621793330582982,2.024016200123635,1.7430977665909666,gaia_774289041901756032_src4|gaia_774289488578357504_src6|gaia_774384016513181696_src3,"src4,src6,src3"
V_8 generic,5,83,78,1.4621793330582982,2.024016200123635,1.7430977665909666,gaia_774271076054448768_src2|gaia_774288805679445888_src7|gaia_774289041901756032_src4|gaia_774289488578357504_src6|gaia_774384016513181696_src3,"src2,src7,src4,src6,src3"
V_8 generic,5,83,78,1.4621793330582982,2.024016200123635,1.7430977665909666,gaia_774272862760870784_src1|gaia_774288805679445888_src7|gaia_774289041901756032_src4|gaia_774289488578357504_src6|gaia_774384016513181696_src3,"src1,src7,src4,src6,src3"
V_8 generic,3,83,78,1.4632385230813107,2.0240162001236435,1.743627361602477,gaia_774272862760870784_src1|gaia_774289041901756032_src4|gaia_774290626745586944_src8,"src1,src4,src8"
V_8 generic,3,83,78,1.4632385230813438,2.024016200123635,1.7436273616024893,gaia_774271076054448768_src2|gaia_774289041901756032_src4|gaia_774290626745586944_src8,"src2,src4,src8"
V_8 generic,5,83,78,1.4632385230813438,2.024016200123635,1.7436273616024893,gaia_774271076054448768_src2|gaia_774272862760870784_src1|gaia_774288805679445888_src7|gaia_774289041901756032_src4|gaia_774290626745586944_src8,"src2,src1,src7,src4,src8"
V_8 generic,5,83,78,1.4632385230813438,2.024016200123635,1.7436273616024893,gaia_774271076054448768_src2|gaia_774272862760870784_src1|gaia_774289041901756032_src4|gaia_774289488578357504_src6|gaia_774290626745586944_src8,"src2,src1,src4,src6,src8"
V_8 generic,5,83,78,1.4811079174116426,2.0109484697431848,1.7460281935774136,gaia_774271076054448768_src2|gaia_774287774887292672_src5|gaia_774289041901756032_src4|gaia_774290626745586944_src8|gaia_774384016513181696_src3,"src2,src5,src4,src8,src3"
V_8 generic,5,83,78,1.4811079174116426,2.0109484697431848,1.7460281935774136,gaia_774272862760870784_src1|gaia_774287774887292672_src5|gaia_774289041901756032_src4|gaia_774290626745586944_src8|gaia_774384016513181696_src3,"src1,src5,src4,src8,src3"
V_8 generic,7,83,78,1.4811079174116426,2.0109484697431848,1.7460281935774136,gaia_774271076054448768_src2|gaia_774272862760870784_src1|gaia_774287774887292672_src5|gaia_774288805679445888_src7|gaia_774289041901756032_src4|gaia_774290626745586944_src8|gaia_774384016513181696_src3,"src2,src1,src5,src7,src4,src8,src3"
V_8 generic,7,83,78,1.4811079174116426,2.0109484697431848,1.7460281935774136,gaia_774271076054448768_src2|gaia_774272862760870784_src1|gaia_774287774887292672_src5|gaia_774289041901756032_src4|gaia_774289488578357504_src6|gaia_774290626745586944_src8|gaia_774384016513181696_src3,"src2,src1,src5,src4,src6,src8,src3"
V_8 generic,4,83,78,1.921320491124261,1.5825366703153807,1.7519285807198208,gaia_774271076054448768_src2|gaia_774287774887292672_src5|gaia_774290626745586944_src8|gaia_774384016513181696_src3,"src2,src5,src8,src3"
V_8 generic,4,83,78,1.921320491124261,1.5825366703153807,1.7519285807198208,gaia_774272862760870784_src1|gaia_774287774887292672_src5|gaia_774290626745586944_src8|gaia_774384016513181696_src3,"src1,src5,src8,src3"
V_8 generic,6,83,78,1.921320491124261,1.5825366703153807,1.7519285807198208,gaia_774271076054448768_src2|gaia_774272862760870784_src1|gaia_774287774887292672_src5|gaia_774288805679445888_src7|gaia_774290626745586944_src8|gaia_774384016513181696_src3,"src2,src1,src5,src7,src8,src3"
V_8 generic,6,83,78,1.921320491124261,1.5825366703153807,1.7519285807198208,gaia_774271076054448768_src2|gaia_774272862760870784_src1|gaia_774287774887292672_src5|gaia_774289488578357504_src6|gaia_774290626745586944_src8|gaia_774384016513181696_src3,"src2,src1,src5,src6,src8,src3"
V_8 generic,6,83,78,1.7022846961823976,1.812702971281042,1.7574938337317199,gaia_774287774887292672_src5|gaia_774288805679445888_src7|gaia_774289041901756032_src4|gaia_774289488578357504_src6|gaia_774290626745586944_src8|gaia_774384016513181696_src3,"src5,src7,src4,src6,src8,src3"
V_8 generic,4,83,78,1.7024511038794286,1.812702971281042,1.7575770375802353,gaia_774287774887292672_src5|gaia_774289041901756032_src4|gaia_774289488578357504_src6|gaia_774290626745586944_src8,"src5,src4,src6,src8"
V_8 generic,6,83,78,1.7024511038794286,1.812702971281042,1.7575770375802353,gaia_774271076054448768_src2|gaia_774287774887292672_src5|gaia_774288805679445888_src7|gaia_774289041901756032_src4|gaia_774289488578357504_src6|gaia_774290626745586944_src8,"src2,src5,src7,src4,src6,src8"
V_8 generic,6,83,78,1.7024511038794286,1.812702971281042,1.7575770375802353,gaia_774272862760870784_src1|gaia_774287774887292672_src5|gaia_774288805679445888_src7|gaia_774289041901756032_src4|gaia_774289488578357504_src6|gaia_774290626745586944_src8,"src1,src5,src7,src4,src6,src8"
V_8 generic,3,83,78,1.7898224154894573,1.767383086005831,1.7786027507476443,gaia_774271076054448768_src2|gaia_774288805679445888_src7|gaia_774289488578357504_src6,"src2,src7,src6"
V_8 generic,3,83,78,1.7898224154894573,1.767383086005831,1.7786027507476443,gaia_774272862760870784_src1|gaia_774288805679445888_src7|gaia_774289488578357504_src6,"src1,src7,src6"
V_8 generic,3,83,78,1.7898224154894573,1.767383086005831,1.7786027507476443,gaia_774287774887292672_src5|gaia_774288805679445888_src7|gaia_774289488578357504_src6,"src5,src7,src6"
V_8 generic,3,83,78,1.7898224154894573,1.767383086005831,1.7786027507476443,gaia_774288805679445888_src7|gaia_774289041901756032_src4|gaia_774289488578357504_src6,"src7,src4,src6"
V_8 generic,3,83,78,1.7898224154894573,1.767383086005831,1.7786027507476443,gaia_774288805679445888_src7|gaia_774289488578357504_src6|gaia_774384016513181696_src3,"src7,src6,src3"
V_8 generic,3,83,78,1.792454110712628,1.7685487637756423,1.7805014372441352,gaia_774271076054448768_src2|gaia_774289488578357504_src6|gaia_774290626745586944_src8,"src2,src6,src8"
V_8 generic,3,83,78,1.792454110712628,1.7685487637756423,1.7805014372441352,gaia_774287774887292672_src5|gaia_774289488578357504_src6|gaia_774290626745586944_src8,"src5,src6,src8"
V_8 generic,3,83,78,1.792454110712628,1.7685487637756423,1.7805014372441352,gaia_774289041901756032_src4|gaia_774289488578357504_src6|gaia_774290626745586944_src8,"src4,src6,src8"
V_8 generic,3,83,78,1.792454110712628,1.7685487637756423,1.7805014372441352,gaia_774289488578357504_src6|gaia_774290626745586944_src8|gaia_774384016513181696_src3,"src6,src8,src3"
V_8 generic,5,83,78,1.792454110712628,1.7685487637756423,1.7805014372441352,gaia_774271076054448768_src2|gaia_774272862760870784_src1|gaia_774288805679445888_src7|gaia_774289488578357504_src6|gaia_774290626745586944_src8,"src2,src1,src7,src6,src8"
V_8 generic,5,83,78,1.792454110712628,1.7685487637756423,1.7805014372441352,gaia_774271076054448768_src2|gaia_774287774887292672_src5|gaia_774288805679445888_src7|gaia_774289488578357504_src6|gaia_774290626745586944_src8,"src2,src5,src7,src6,src8"
V_8 generic,5,83,78,1.792454110712628,1.7685487637756423,1.7805014372441352,gaia_774271076054448768_src2|gaia_774288805679445888_src7|gaia_774289041901756032_src4|gaia_774289488578357504_src6|gaia_774290626745586944_src8,"src2,src7,src4,src6,src8"
V_8 generic,5,83,78,1.792454110712628,1.7685487637756423,1.7805014372441352,gaia_774271076054448768_src2|gaia_774288805679445888_src7|gaia_774289488578357504_src6|gaia_774290626745586944_src8|gaia_774384016513181696_src3,"src2,src7,src6,src8,src3"
V_8 generic,5,83,78,1.792454110712628,1.7685487637756423,1.7805014372441352,gaia_774272862760870784_src1|gaia_774287774887292672_src5|gaia_774288805679445888_src7|gaia_774289488578357504_src6|gaia_774290626745586944_src8,"src1,src5,src7,src6,src8"
V_8 generic,5,83,78,1.792454110712628,1.7685487637756423,1.7805014372441352,gaia_774272862760870784_src1|gaia_774288805679445888_src7|gaia_774289041901756032_src4|gaia_774289488578357504_src6|gaia_774290626745586944_src8,"src1,src7,src4,src6,src8"
V_8 generic,5,83,78,1.792454110712628,1.7685487637756423,1.7805014372441352,gaia_774272862760870784_src1|gaia_774288805679445888_src7|gaia_774289488578357504_src6|gaia_774290626745586944_src8|gaia_774384016513181696_src3,"src1,src7,src6,src8,src3"
V_8 generic,5,83,78,1.792454110712628,1.7685487637756423,1.7805014372441352,gaia_774287774887292672_src5|gaia_774288805679445888_src7|gaia_774289041901756032_src4|gaia_774289488578357504_src6|gaia_774290626745586944_src8,"src5,src7,src4,src6,src8"
V_8 generic,5,83,78,1.792454110712628,1.7685487637756423,1.7805014372441352,gaia_774287774887292672_src5|gaia_774288805679445888_src7|gaia_774289488578357504_src6|gaia_774290626745586944_src8|gaia_774384016513181696_src3,"src5,src7,src6,src8,src3"
V_8 generic,5,83,78,1.792454110712628,1.7685487637756423,1.7805014372441352,gaia_774288805679445888_src7|gaia_774289041901756032_src4|gaia_774289488578357504_src6|gaia_774290626745586944_src8|gaia_774384016513181696_src3,"src7,src4,src6,src8,src3"
V_8 generic,3,83,78,1.7924541107126608,1.768548763775667,1.7805014372441639,gaia_774272862760870784_src1|gaia_774289488578357504_src6|gaia_774290626745586944_src8,"src1,src6,src8"
V_8 generic,4,83,78,1.8144879111945431,1.7485769181014064,1.7815324146479747,gaia_774271076054448768_src2|gaia_774287774887292672_src5|gaia_774288805679445888_src7|gaia_774290626745586944_src8,"src2,src5,src7,src8"
V_8 generic,4,83,78,1.8144879111945431,1.7485769181014064,1.7815324146479747,gaia_774272862760870784_src1|gaia_774287774887292672_src5|gaia_774288805679445888_src7|gaia_774290626745586944_src8,"src1,src5,src7,src8"
V_8 generic,4,83,78,1.8768481846036373,1.7869559117935307,1.8319020481985842,gaia_774287774887292672_src5|gaia_774288805679445888_src7|gaia_774289041901756032_src4|gaia_774290626745586944_src8,"src5,src7,src4,src8"
V_8 generic,3,83,78,1.5219980765876573,2.1421505467308677,1.8320743116592624,gaia_774289041901756032_src4|gaia_774290626745586944_src8|gaia_774384016513181696_src3,"src4,src8,src3"
V_8 generic,5,83,78,1.5219980765876573,2.1421505467308677,1.8320743116592624,gaia_774271076054448768_src2|gaia_774288805679445888_src7|gaia_774289041901756032_src4|gaia_774290626745586944_src8|gaia_774384016513181696_src3,"src2,src7,src4,src8,src3"
V_8 generic,5,83,78,1.5219980765876573,2.1421505467308677,1.8320743116592624,gaia_774271076054448768_src2|gaia_774289041901756032_src4|gaia_774289488578357504_src6|gaia_774290626745586944_src8|gaia_774384016513181696_src3,"src2,src4,src6,src8,src3"
V_8 generic,5,83,78,1.5219980765876573,2.1421505467308677,1.8320743116592624,gaia_774272862760870784_src1|gaia_774288805679445888_src7|gaia_774289041901756032_src4|gaia_774290626745586944_src8|gaia_774384016513181696_src3,"src1,src7,src4,src8,src3"
V_8 generic,5,83,78,1.5219980765876573,2.1421505467308677,1.8320743116592624,gaia_774272862760870784_src1|gaia_774289041901756032_src4|gaia_774289488578357504_src6|gaia_774290626745586944_src8|gaia_774384016513181696_src3,"src1,src4,src6,src8,src3"
V_8 generic,7,83,78,1.5219980765876573,2.1421505467308677,1.8320743116592624,gaia_774271076054448768_src2|gaia_774272862760870784_src1|gaia_774288805679445888_src7|gaia_774289041901756032_src4|gaia_774289488578357504_src6|gaia_774290626745586944_src8|gaia_774384016513181696_src3,"src2,src1,src7,src4,src6,src8,src3"
V_8 generic,4,83,78,1.8260550541957572,1.886087701248419,1.856071377722088,gaia_774271076054448768_src2|gaia_774288805679445888_src7|gaia_774289488578357504_src6|gaia_774384016513181696_src3,"src2,src7,src6,src3"
V_8 generic,4,83,78,1.8260550541957572,1.886087701248419,1.856071377722088,gaia_774272862760870784_src1|gaia_774288805679445888_src7|gaia_774289488578357504_src6|gaia_774384016513181696_src3,"src1,src7,src6,src3"
V_8 generic,4,83,78,1.8916486199974467,1.8335439289205029,1.8625962744589748,gaia_774287774887292672_src5|gaia_774288805679445888_src7|gaia_774290626745586944_src8|gaia_774384016513181696_src3,"src5,src7,src8,src3"
V_8 generic,4,83,78,1.876965157818727,1.8607780687201425,1.8688716132694347,gaia_774271076054448768_src2|gaia_774288805679445888_src7|gaia_774290626745586944_src8|gaia_774384016513181696_src3,"src2,src7,src8,src3"
V_8 generic,4,83,78,1.876965157818727,1.8607780687201425,1.8688716132694347,gaia_774272862760870784_src1|gaia_774288805679445888_src7|gaia_774290626745586944_src8|gaia_774384016513181696_src3,"src1,src7,src8,src3"
V_8 generic,4,83,78,1.821661677579825,1.9842560142398102,1.9029588459098177,gaia_774271076054448768_src2|gaia_774288805679445888_src7|gaia_774289041901756032_src4|gaia_774384016513181696_src3,"src2,src7,src4,src3"
V_8 generic,4,83,78,1.821661677579825,1.9842560142398102,1.9029588459098177,gaia_774271076054448768_src2|gaia_774289041901756032_src4|gaia_774289488578357504_src6|gaia_774384016513181696_src3,"src2,src4,src6,src3"
V_8 generic,4,83,78,1.821661677579825,1.9842560142398102,1.9029588459098177,gaia_774272862760870784_src1|gaia_774288805679445888_src7|gaia_774289041901756032_src4|gaia_774384016513181696_src3,"src1,src7,src4,src3"
V_8 generic,4,83,78,1.821661677579825,1.9842560142398102,1.9029588459098177,gaia_774272862760870784_src1|gaia_774289041901756032_src4|gaia_774289488578357504_src6|gaia_774384016513181696_src3,"src1,src4,src6,src3"
V_8 generic,6,83,78,1.821661677579825,1.9842560142398102,1.9029588459098177,gaia_774271076054448768_src2|gaia_774272862760870784_src1|gaia_774288805679445888_src7|gaia_774289041901756032_src4|gaia_774289488578357504_src6|gaia_774384016513181696_src3,"src2,src1,src7,src4,src6,src3"
V_8 generic,6,83,78,1.847388519273609,1.970150802036966,1.9087696606552875,gaia_774271076054448768_src2|gaia_774272862760870784_src1|gaia_774287774887292672_src5|gaia_774289041901756032_src4|gaia_774290626745586944_src8|gaia_774384016513181696_src3,"src2,src1,src5,src4,src8,src3"
V_8 generic,4,83,78,1.867798078674102,1.950123776484661,1.9089609275793815,gaia_774271076054448768_src2|gaia_774287774887292672_src5|gaia_774289041901756032_src4|gaia_774384016513181696_src3,"src2,src5,src4,src3"
V_8 generic,4,83,78,1.867798078674102,1.950123776484661,1.9089609275793815,gaia_774272862760870784_src1|gaia_774287774887292672_src5|gaia_774289041901756032_src4|gaia_774384016513181696_src3,"src1,src5,src4,src3"
V_8 generic,6,83,78,1.867798078674102,1.950123776484661,1.9089609275793815,gaia_774271076054448768_src2|gaia_774272862760870784_src1|gaia_774287774887292672_src5|gaia_774288805679445888_src7|gaia_774289041901756032_src4|gaia_774384016513181696_src3,"src2,src1,src5,src7,src4,src3"
V_8 generic,6,83,78,1.867798078674102,1.950123776484661,1.9089609275793815,gaia_774271076054448768_src2|gaia_774272862760870784_src1|gaia_774287774887292672_src5|gaia_774289041901756032_src4|gaia_774289488578357504_src6|gaia_774384016513181696_src3,"src2,src1,src5,src4,src6,src3"
V_8 generic,4,83,78,1.832562888161169,1.997248749354642,1.9149058187579056,gaia_774271076054448768_src2|gaia_774289041901756032_src4|gaia_774290626745586944_src8|gaia_774384016513181696_src3,"src2,src4,src8,src3"
V_8 generic,4,83,78,1.832562888161169,1.997248749354642,1.9149058187579056,gaia_774272862760870784_src1|gaia_774289041901756032_src4|gaia_774290626745586944_src8|gaia_774384016513181696_src3,"src1,src4,src8,src3"
V_8 generic,6,83,78,1.832562888161169,1.997248749354642,1.9149058187579056,gaia_774271076054448768_src2|gaia_774272862760870784_src1|gaia_774288805679445888_src7|gaia_774289041901756032_src4|gaia_774290626745586944_src8|gaia_774384016513181696_src3,"src2,src1,src7,src4,src8,src3"
V_8 generic,6,83,78,1.832562888161169,1.997248749354642,1.9149058187579056,gaia_774271076054448768_src2|gaia_774272862760870784_src1|gaia_774289041901756032_src4|gaia_774289488578357504_src6|gaia_774290626745586944_src8|gaia_774384016513181696_src3,"src2,src1,src4,src6,src8,src3"
V_8 generic,4,83,78,1.8241357152542,2.0581574401439675,1.9411465776990837,gaia_774271076054448768_src2|gaia_774289488578357504_src6|gaia_774290626745586944_src8|gaia_774384016513181696_src3,"src2,src6,src8,src3"
V_8 generic,4,83,78,1.8241357152542,2.0581574401439675,1.9411465776990837,gaia_774272862760870784_src1|gaia_774289488578357504_src6|gaia_774290626745586944_src8|gaia_774384016513181696_src3,"src1,src6,src8,src3"
V_8 generic,6,83,78,1.8241357152542,2.0581574401439675,1.9411465776990837,gaia_774271076054448768_src2|gaia_774272862760870784_src1|gaia_774288805679445888_src7|gaia_774289488578357504_src6|gaia_774290626745586944_src8|gaia_774384016513181696_src3,"src2,src1,src7,src6,src8,src3"
V_8 generic,3,83,78,2.1188152742686435,1.9030717394726167,2.01094350687063,gaia_774287774887292672_src5|gaia_774288805679445888_src7|gaia_774289041901756032_src4,"src5,src7,src4"
V_8 generic,3,83,78,2.1188152742686435,1.9030717394726167,2.01094350687063,gaia_774287774887292672_src5|gaia_774289041901756032_src4|gaia_774289488578357504_src6,"src5,src4,src6"
V_8 generic,5,83,78,2.1188152742686435,1.9030717394726167,2.01094350687063,gaia_774271076054448768_src2|gaia_774287774887292672_src5|gaia_774288805679445888_src7|gaia_774289041901756032_src4|gaia_774289488578357504_src6,"src2,src5,src7,src4,src6"
V_8 generic,5,83,78,2.1188152742686435,1.9030717394726167,2.01094350687063,gaia_774272862760870784_src1|gaia_774287774887292672_src5|gaia_774288805679445888_src7|gaia_774289041901756032_src4|gaia_774289488578357504_src6,"src1,src5,src7,src4,src6"
V_8 generic,3,83,78,2.179296897775321,1.885330746235853,2.032313822005587,gaia_774271076054448768_src2|gaia_774287774887292672_src5|gaia_774288805679445888_src7,"src2,src5,src7"
V_8 generic,3,83,78,2.179296897775321,1.885330746235853,2.032313822005587,gaia_774271076054448768_src2|gaia_774287774887292672_src5|gaia_774289488578357504_src6,"src2,src5,src6"
V_8 generic,3,83,78,2.179296897775321,1.885330746235853,2.032313822005587,gaia_774272862760870784_src1|gaia_774287774887292672_src5|gaia_774288805679445888_src7,"src1,src5,src7"
V_8 generic,3,83,78,2.179296897775321,1.885330746235853,2.032313822005587,gaia_774272862760870784_src1|gaia_774287774887292672_src5|gaia_774289488578357504_src6,"src1,src5,src6"
V_8 generic,5,83,78,2.179296897775321,1.885330746235853,2.032313822005587,gaia_774271076054448768_src2|gaia_774272862760870784_src1|gaia_774287774887292672_src5|gaia_774288805679445888_src7|gaia_774289488578357504_src6,"src2,src1,src5,src7,src6"
V_8 generic,3,83,78,2.1155101942577517,1.9651820729525986,2.0403461336051754,gaia_774287774887292672_src5|gaia_774289041901756032_src4|gaia_774290626745586944_src8,"src5,src4,src8"
V_8 generic,5,83,78,2.1155101942577517,1.9651820729525986,2.0403461336051754,gaia_774271076054448768_src2|gaia_774287774887292672_src5|gaia_774288805679445888_src7|gaia_774289041901756032_src4|gaia_774290626745586944_src8,"src2,src5,src7,src4,src8"
V_8 generic,5,83,78,2.1155101942577517,1.9651820729525986,2.0403461336051754,gaia_774271076054448768_src2|gaia_774287774887292672_src5|gaia_774289041901756032_src4|gaia_774289488578357504_src6|gaia_774290626745586944_src8,"src2,src5,src4,src6,src8"
V_8 generic,5,83,78,2.1155101942577517,1.9651820729525986,2.0403461336051754,gaia_774272862760870784_src1|gaia_774287774887292672_src5|gaia_774288805679445888_src7|gaia_774289041901756032_src4|gaia_774290626745586944_src8,"src1,src5,src7,src4,src8"
V_8 generic,5,83,78,2.1155101942577517,1.9651820729525986,2.0403461336051754,gaia_774272862760870784_src1|gaia_774287774887292672_src5|gaia_774289041901756032_src4|gaia_774289488578357504_src6|gaia_774290626745586944_src8,"src1,src5,src4,src6,src8"
V_8 generic,7,83,78,2.1155101942577517,1.9651820729525986,2.0403461336051754,gaia_774271076054448768_src2|gaia_774272862760870784_src1|gaia_774287774887292672_src5|gaia_774288805679445888_src7|gaia_774289041901756032_src4|gaia_774289488578357504_src6|gaia_774290626745586944_src8,"src2,src1,src5,src7,src4,src6,src8"
V_8 generic,3,83,78,2.182401031279825,1.8994683997673967,2.040934715523611,gaia_774287774887292672_src5|gaia_774288805679445888_src7|gaia_774384016513181696_src3,"src5,src7,src3"
V_8 generic,3,83,78,2.182401031279825,1.8994683997673967,2.040934715523611,gaia_774287774887292672_src5|gaia_774289488578357504_src6|gaia_774384016513181696_src3,"src5,src6,src3"
V_8 generic,5,83,78,2.182401031279825,1.8994683997673967,2.040934715523611,gaia_774271076054448768_src2|gaia_774287774887292672_src5|gaia_774288805679445888_src7|gaia_774289488578357504_src6|gaia_774384016513181696_src3,"src2,src5,src7,src6,src3"
V_8 generic,5,83,78,2.182401031279825,1.8994683997673967,2.040934715523611,gaia_774272862760870784_src1|gaia_774287774887292672_src5|gaia_774288805679445888_src7|gaia_774289488578357504_src6|gaia_774384016513181696_src3,"src1,src5,src7,src6,src3"
V_8 generic,5,83,78,2.1188152742686435,2.05532138806091,2.087068331164777,gaia_774287774887292672_src5|gaia_774288805679445888_src7|gaia_774289041901756032_src4|gaia_774290626745586944_src8|gaia_774384016513181696_src3,"src5,src7,src4,src8,src3"
V_8 generic,5,83,78,2.1188152742686435,2.05532138806091,2.087068331164777,gaia_774287774887292672_src5|gaia_774289041901756032_src4|gaia_774289488578357504_src6|gaia_774290626745586944_src8|gaia_774384016513181696_src3,"src5,src4,src6,src8,src3"
V_8 generic,7,83,78,2.1188152742686435,2.05532138806091,2.087068331164777,gaia_774271076054448768_src2|gaia_774287774887292672_src5|gaia_774288805679445888_src7|gaia_774289041901756032_src4|gaia_774289488578357504_src6|gaia_774290626745586944_src8|gaia_774384016513181696_src3,"src2,src5,src7,src4,src6,src8,src3"
V_8 generic,7,83,78,2.1188152742686435,2.05532138806091,2.087068331164777,gaia_774272862760870784_src1|gaia_774287774887292672_src5|gaia_774288805679445888_src7|gaia_774289041901756032_src4|gaia_774289488578357504_src6|gaia_774290626745586944_src8|gaia_774384016513181696_src3,"src1,src5,src7,src4,src6,src8,src3"
V_8 generic,5,83,78,2.177298564512689,2.0076999369506616,2.0924992507316755,gaia_774287774887292672_src5|gaia_774288805679445888_src7|gaia_774289041901756032_src4|gaia_774289488578357504_src6|gaia_774384016513181696_src3,"src5,src7,src4,src6,src3"
V_8 generic,3,83,78,2.2163834787864594,1.9839629640559908,2.100173221421225,gaia_774287774887292672_src5|gaia_774290626745586944_src8|gaia_774384016513181696_src3,"src5,src8,src3"
V_8 generic,5,83,78,2.2163834787864594,1.9839629640559908,2.100173221421225,gaia_774271076054448768_src2|gaia_774287774887292672_src5|gaia_774288805679445888_src7|gaia_774290626745586944_src8|gaia_774384016513181696_src3,"src2,src5,src7,src8,src3"
V_8 generic,5,83,78,2.2163834787864594,1.9839629640559908,2.100173221421225,gaia_774271076054448768_src2|gaia_774287774887292672_src5|gaia_774289488578357504_src6|gaia_774290626745586944_src8|gaia_774384016513181696_src3,"src2,src5,src6,src8,src3"
V_8 generic,5,83,78,2.2163834787864594,1.9839629640559908,2.100173221421225,gaia_774272862760870784_src1|gaia_774287774887292672_src5|gaia_774288805679445888_src7|gaia_774290626745586944_src8|gaia_774384016513181696_src3,"src1,src5,src7,src8,src3"
V_8 generic,5,83,78,2.2163834787864594,1.9839629640559908,2.100173221421225,gaia_774272862760870784_src1|gaia_774287774887292672_src5|gaia_774289488578357504_src6|gaia_774290626745586944_src8|gaia_774384016513181696_src3,"src1,src5,src6,src8,src3"
V_8 generic,7,83,78,2.2163834787864594,1.9839629640559908,2.100173221421225,gaia_774271076054448768_src2|gaia_774272862760870784_src1|gaia_774287774887292672_src5|gaia_774288805679445888_src7|gaia_774289488578357504_src6|gaia_774290626745586944_src8|gaia_774384016513181696_src3,"src2,src1,src5,src7,src6,src8,src3"
V_8 generic,3,83,78,2.3015645824298767,1.971173074352449,2.136368828391163,gaia_774271076054448768_src2|gaia_774287774887292672_src5|gaia_774290626745586944_src8,"src2,src5,src8"
V_8 generic,3,83,78,2.3015645824298767,1.971173074352449,2.136368828391163,gaia_774272862760870784_src1|gaia_774287774887292672_src5|gaia_774290626745586944_src8,"src1,src5,src8"
V_8 generic,5,83,78,2.3015645824298767,1.971173074352449,2.136368828391163,gaia_774271076054448768_src2|gaia_774272862760870784_src1|gaia_774287774887292672_src5|gaia_774288805679445888_src7|gaia_774290626745586944_src8,"src2,src1,src5,src7,src8"
V_8 generic,5,83,78,2.3015645824298767,1.971173074352449,2.136368828391163,gaia_774271076054448768_src2|gaia_774272862760870784_src1|gaia_774287774887292672_src5|gaia_774289488578357504_src6|gaia_774290626745586944_src8,"src2,src1,src5,src6,src8"
V_8 generic,3,83,78,1.7608910965722437,2.5848564332128707,2.1728737648925573,gaia_774287774887292672_src5|gaia_774288805679445888_src7|gaia_774290626745586944_src8,"src5,src7,src8"
V_8 generic,3,83,78,1.7608910965722437,2.5848564332128707,2.1728737648925573,gaia_774288805679445888_src7|gaia_774289041901756032_src4|gaia_774290626745586944_src8,"src7,src4,src8"
V_8 generic,3,83,78,1.7608910965722437,2.5848564332128707,2.1728737648925573,gaia_774288805679445888_src7|gaia_774289488578357504_src6|gaia_774290626745586944_src8,"src7,src6,src8"
V_8 generic,3,83,78,1.7608910965722768,2.5848564332128543,2.1728737648925653,gaia_774271076054448768_src2|gaia_774288805679445888_src7|gaia_774290626745586944_src8,"src2,src7,src8"
V_8 generic,3,83,78,1.7608910965722768,2.5848564332128543,2.1728737648925653,gaia_774272862760870784_src1|gaia_774288805679445888_src7|gaia_774290626745586944_src8,"src1,src7,src8"
V_8 generic,3,83,78,1.7291894458902772,2.6537335774760433,2.19146151168316,gaia_774288805679445888_src7|gaia_774290626745586944_src8|gaia_774384016513181696_src3,"src7,src8,src3"
V_8 generic,5,83,78,2.3578434971879534,2.1773229715088935,2.2675832343484235,gaia_774271076054448768_src2|gaia_774272862760870784_src1|gaia_774287774887292672_src5|gaia_774290626745586944_src8|gaia_774384016513181696_src3,"src2,src1,src5,src8,src3"
V_8 generic,5,83,78,2.3578434971879534,2.1773229715088935,2.2675832343484235,gaia_774271076054448768_src2|gaia_774272862760870784_src1|gaia_774288805679445888_src7|gaia_774290626745586944_src8|gaia_774384016513181696_src3,"src2,src1,src7,src8,src3"
V_8 generic,5,83,78,2.3578434971879534,2.1773229715088935,2.2675832343484235,gaia_774271076054448768_src2|gaia_774272862760870784_src1|gaia_774289041901756032_src4|gaia_774290626745586944_src8|gaia_774384016513181696_src3,"src2,src1,src4,src8,src3"
V_8 generic,5,83,78,2.3578434971879534,2.1773229715088935,2.2675832343484235,gaia_774271076054448768_src2|gaia_774272862760870784_src1|gaia_774289488578357504_src6|gaia_774290626745586944_src8|gaia_774384016513181696_src3,"src2,src1,src6,src8,src3"
V_8 generic,3,83,78,2.3578434971879703,2.177322971508885,2.267583234348428,gaia_774272862760870784_src1|gaia_774290626745586944_src8|gaia_774384016513181696_src3,"src1,src8,src3"
V_8 generic,3,83,78,2.387124393283481,2.1604135749376505,2.273768984110566,gaia_774271076054448768_src2|gaia_774287774887292672_src5|gaia_774384016513181696_src3,"src2,src5,src3"
V_8 generic,3,83,78,2.387124393283481,2.1604135749376505,2.273768984110566,gaia_774271076054448768_src2|gaia_774288805679445888_src7|gaia_774384016513181696_src3,"src2,src7,src3"
V_8 generic,3,83,78,2.387124393283481,2.1604135749376505,2.273768984110566,gaia_774271076054448768_src2|gaia_774289041901756032_src4|gaia_774384016513181696_src3,"src2,src4,src3"
V_8 generic,3,83,78,2.387124393283481,2.1604135749376505,2.273768984110566,gaia_774271076054448768_src2|gaia_774289488578357504_src6|gaia_774384016513181696_src3,"src2,src6,src3"
V_8 generic,5,83,78,2.387124393283481,2.1604135749376505,2.273768984110566,gaia_774271076054448768_src2|gaia_774272862760870784_src1|gaia_774287774887292672_src5|gaia_774288805679445888_src7|gaia_774384016513181696_src3,"src2,src1,src5,src7,src3"
V_8 generic,5,83,78,2.387124393283481,2.1604135749376505,2.273768984110566,gaia_774271076054448768_src2|gaia_774272862760870784_src1|gaia_774287774887292672_src5|gaia_774289041901756032_src4|gaia_774384016513181696_src3,"src2,src1,src5,src4,src3"
V_8 generic,5,83,78,2.387124393283481,2.1604135749376505,2.273768984110566,gaia_774271076054448768_src2|gaia_774272862760870784_src1|gaia_774287774887292672_src5|gaia_774289488578357504_src6|gaia_774384016513181696_src3,"src2,src1,src5,src6,src3"
V_8 generic,5,83,78,2.387124393283481,2.1604135749376505,2.273768984110566,gaia_774271076054448768_src2|gaia_774272862760870784_src1|gaia_774288805679445888_src7|gaia_774289041901756032_src4|gaia_774384016513181696_src3,"src2,src1,src7,src4,src3"
V_8 generic,5,83,78,2.387124393283481,2.1604135749376505,2.273768984110566,gaia_774271076054448768_src2|gaia_774272862760870784_src1|gaia_774288805679445888_src7|gaia_774289488578357504_src6|gaia_774384016513181696_src3,"src2,src1,src7,src6,src3"
V_8 generic,5,83,78,2.387124393283481,2.1604135749376505,2.273768984110566,gaia_774271076054448768_src2|gaia_774272862760870784_src1|gaia_774289041901756032_src4|gaia_774289488578357504_src6|gaia_774384016513181696_src3,"src2,src1,src4,src6,src3"
V_8 generic,3,83,78,2.3871243932834973,2.1604135749376425,2.27376898411057,gaia_774272862760870784_src1|gaia_774287774887292672_src5|gaia_774384016513181696_src3,"src1,src5,src3"
V_8 generic,3,83,78,2.3871243932834973,2.1604135749376425,2.27376898411057,gaia_774272862760870784_src1|gaia_774288805679445888_src7|gaia_774384016513181696_src3,"src1,src7,src3"
V_8 generic,3,83,78,2.3871243932834973,2.1604135749376425,2.27376898411057,gaia_774272862760870784_src1|gaia_774289041901756032_src4|gaia_774384016513181696_src3,"src1,src4,src3"
V_8 generic,3,83,78,2.3871243932834973,2.1604135749376425,2.27376898411057,gaia_774272862760870784_src1|gaia_774289488578357504_src6|gaia_774384016513181696_src3,"src1,src6,src3"
V_8 generic,3,83,78,2.388173661275366,2.250709958357764,2.3194418098165652,gaia_774271076054448768_src2|gaia_774290626745586944_src8|gaia_774384016513181696_src3,"src2,src8,src3"
