file,jd,minutes,set,target_flux_rate,bright_comp_ensemble_flux_rate,diff_flux,diff_flux_err,n_bright_comps,good,reject_reason
light_V_8s_2026_05_20-0001_flat_0p3_late_bias_cal.fits,2461181.672184375,0.0,generic_V,188007.7903671265,15747.93738937378,11.938566030494147,0.04401303543133256,2,True,ok
light_V_8s_2026_05_20-0002_flat_0p3_late_bias_cal.fits,2461181.672376852,0.2771667391061783,generic_V,169939.37365722656,11591.240175247192,14.661017379324768,6.728563116213932,3,True,ok
light_V_8s_2026_05_20-0003_flat_0p3_late_bias_cal.fits,2461181.6725682872,0.5528334528207779,generic_V,198252.70974731445,14353.205131530762,13.812434778891152,5.966130132711803,3,True,ok
light_V_8s_2026_05_20-0004_flat_0p3_late_bias_cal.fits,2461181.6727600694,0.8289997279644012,generic_V,170249.80078125,13477.156893253326,12.632471531623793,0.05857443398112491,2,True,ok
light_V_8s_2026_05_20-0005_flat_0p3_late_bias_cal.fits,2461181.6729527777,1.10649973154068,generic_V,195226.19681549072,16361.167119503021,11.932290367156938,0.03964586907986963,2,True,ok
light_V_8s_2026_05_20-0006_flat_0p3_late_bias_cal.fits,2461181.6731434027,1.3809996843338013,generic_V,188454.54767608643,13204.750637054443,14.271723325638249,7.311593598506525,3,True,ok
light_V_8s_2026_05_20-0007_flat_0p3_late_bias_cal.fits,2461181.6733350693,1.6569996625185013,generic_V,200988.49668884277,14305.975640296936,14.049268763096471,6.662806921944641,3,True,ok
light_V_8s_2026_05_20-0008_flat_0p3_late_bias_cal.fits,2461181.6735259257,1.931832879781723,generic_V,156232.16110992432,10707.888590812683,14.590379773279558,7.728677966079521,3,True,ok
light_V_8s_2026_05_20-0009_flat_0p3_late_bias_cal.fits,2461181.6737177083,2.2079998254776,generic_V,200525.34380340576,14380.147987365724,13.944595283691491,6.337646405829635,3,True,ok
light_V_8s_2026_05_20-0010_flat_0p3_late_bias_cal.fits,2461181.6739096064,2.4843330681324005,generic_V,176289.25703430176,12524.789657592772,14.0752269581974,6.497976575834731,3,True,ok
light_V_8s_2026_05_20-0011_flat_0p3_late_bias_cal.fits,2461181.67410081,2.7596665173768997,generic_V,221924.2614517212,15863.536483764648,13.989583071772614,6.665382073525669,3,True,ok
light_V_8s_2026_05_20-0012_flat_0p3_late_bias_cal.fits,2461181.674292361,3.0354995280504227,generic_V,174590.44567871094,12000.863306045532,14.548157180555467,7.472754339107769,3,True,ok
light_V_8s_2026_05_20-0013_flat_0p3_late_bias_cal.fits,2461181.6744832178,3.310333415865898,generic_V,187004.49365615845,13381.456161499023,13.974898650731726,6.622917475991646,3,True,ok
light_V_8s_2026_05_20-0014_flat_0p3_late_bias_cal.fits,2461181.674675,3.5864996910095215,generic_V,156422.44482421875,10963.924249649048,14.267012546098702,7.323589737564399,3,True,ok
light_V_8s_2026_05_20-0015_flat_0p3_late_bias_cal.fits,2461181.6748667825,3.8626666367053986,generic_V,170918.1307373047,11781.837149620056,14.506916753879636,6.667755075679462,3,True,ok
light_V_8s_2026_05_20-0016_flat_0p3_late_bias_cal.fits,2461181.675058449,4.138666614890099,generic_V,185470.78840637207,12897.407718658447,14.3804702814857,6.641830571641625,3,True,ok
light_V_8s_2026_05_20-0017_flat_0p3_late_bias_cal.fits,2461181.6752502313,4.414832890033722,generic_V,209430.39459228516,14860.840133666992,14.092769500818733,6.669272506996038,3,True,ok
light_V_8s_2026_05_20-0018_flat_0p3_late_bias_cal.fits,2461181.67544213,4.691166803240776,generic_V,127894.95864868164,8979.598245620728,14.24283750234092,6.732127324990399,3,True,ok
light_V_8s_2026_05_20-0019_flat_0p3_late_bias_cal.fits,2461181.6756346063,4.968332871794701,generic_V,219931.70593070984,15115.830244064333,14.549760243376136,7.069660650132947,3,True,ok
light_V_8s_2026_05_20-0020_flat_0p3_late_bias_cal.fits,2461181.6758256946,5.2435000240802765,generic_V,196556.83554077148,13553.141326904297,14.502677335075607,7.87380072540128,3,True,ok
light_V_8s_2026_05_20-0021_flat_0p3_late_bias_cal.fits,2461181.676017361,5.5195000022649765,generic_V,203771.92554092407,14297.364143371582,14.25241208781795,6.332147666474492,3,True,ok
light_V_8s_2026_05_20-0022_flat_0p3_late_bias_cal.fits,2461181.676209028,5.7954999804496765,generic_V,208552.9726257324,16610.23641204834,12.555689603217036,0.03665307790744878,2,True,ok
light_V_8s_2026_05_20-0023_flat_0p3_late_bias_cal.fits,2461181.6764001157,6.070666462182999,generic_V,220583.2804965973,17853.254096984863,12.355354340352461,0.0319319210002556,2,True,ok
light_V_8s_2026_05_20-0024_flat_0p3_late_bias_cal.fits,2461181.6765917824,6.346666440367699,generic_V,158948.5138130188,12447.2532787323,12.76976616878218,0.06492375878946376,2,True,ok
light_V_8s_2026_05_20-0025_flat_0p3_late_bias_cal.fits,2461181.676783449,6.622666418552399,generic_V,221125.41875839233,18486.358491659164,11.961545528729285,0.0295296519811125,2,True,ok
light_V_8s_2026_05_20-0026_flat_0p3_late_bias_cal.fits,2461181.676976158,6.900167092680931,generic_V,227065.96070480347,18047.788071632385,12.58137339620621,0.02971897616710755,2,True,ok
light_V_8s_2026_05_20-0027_flat_0p3_late_bias_cal.fits,2461181.6771674766,7.1756661683321,generic_V,197368.7423171997,16159.880825042725,12.2135023428725,0.0399190756675222,2,True,ok
light_V_8s_2026_05_20-0028_flat_0p3_late_bias_cal.fits,2461181.677359375,7.452000081539154,generic_V,172898.94860839844,13882.832768917084,12.45415481741665,0.05486647969534149,2,True,ok
light_V_8s_2026_05_20-0029_flat_0p3_late_bias_cal.fits,2461181.677550463,7.727166563272476,generic_V,224322.55504989624,18399.302327156067,12.191905489743057,0.029800128826320334,2,True,ok
light_V_8s_2026_05_20-0030_flat_0p3_late_bias_cal.fits,2461181.677741667,8.002500012516975,generic_V,193333.1411743164,15826.516117095947,12.215773815532035,0.04235364460534706,2,True,ok
light_V_8s_2026_05_20-0031_flat_0p3_late_bias_cal.fits,2461181.6779328706,8.277833461761475,generic_V,207404.0467529297,16675.405468940735,12.437721357914574,0.037911453429163626,2,True,ok
light_V_8s_2026_05_20-0032_flat_0p3_late_bias_cal.fits,2461181.6781244213,8.553666472434998,generic_V,153637.23175048828,12814.039211273193,11.989758203277965,0.06286519685645461,2,True,ok
light_V_8s_2026_05_20-0033_flat_0p3_late_bias_cal.fits,2461181.678316204,8.829833418130875,generic_V,216752.25330352783,17602.02606344223,12.314051378079828,0.032960401439244634,2,True,ok
light_V_8s_2026_05_20-0034_flat_0p3_late_bias_cal.fits,2461181.6785078705,9.105833396315575,generic_V,197608.60961914065,16510.58186149597,11.96860360687712,0.04216856469729542,2,True,ok
light_V_8s_2026_05_20-0035_flat_0p3_late_bias_cal.fits,2461181.678699537,9.381833374500275,generic_V,216168.37565612793,17701.744782924652,12.211698807489697,0.032565384186542645,2,True,ok
light_V_8s_2026_05_20-0036_flat_0p3_late_bias_cal.fits,2461181.6788909724,9.657500088214874,generic_V,213440.9463691711,16996.53633737564,12.557908395713028,0.03617694175514734,2,True,ok
light_V_8s_2026_05_20-0037_flat_0p3_late_bias_cal.fits,2461181.67908206,9.932666569948196,generic_V,216479.81624603271,18068.05798125267,11.981354967459763,0.0316690877606175,2,True,ok
light_V_8s_2026_05_20-0038_flat_0p3_late_bias_cal.fits,2461181.6792738424,10.20883284509182,generic_V,178990.2028274536,14451.212882041931,12.385825625050416,0.052532902056642246,2,True,ok
light_V_8s_2026_05_20-0039_flat_0p3_late_bias_cal.fits,2461181.6794653935,10.484666526317596,generic_V,227040.60580444336,18406.023793697357,12.335125084549073,0.029619329889771236,2,True,ok
light_V_8s_2026_05_20-0040_flat_0p3_late_bias_cal.fits,2461181.679657176,10.760833472013474,generic_V,213038.4981994629,17543.438897132874,12.143485632926838,0.03347749496433562,2,True,ok
light_V_8s_2026_05_20-0041_flat_0p3_late_bias_cal.fits,2461181.679848843,11.036833450198174,generic_V,198913.84814453125,16366.740420341492,12.153540841724972,0.03905890963979482,2,True,ok
light_V_8s_2026_05_20-0042_flat_0p3_late_bias_cal.fits,2461181.6800405094,11.312833428382874,generic_V,196983.48907470703,15937.177788496017,12.359998218561396,0.040818282545982146,2,True,ok
light_V_8s_2026_05_20-0043_flat_0p3_late_bias_cal.fits,2461181.6802317128,11.588166207075119,generic_V,192641.7296447754,16109.148623943329,11.958529537585145,0.04142447533482891,2,True,ok
light_V_8s_2026_05_20-0044_flat_0p3_late_bias_cal.fits,2461181.6804236113,11.864500120282173,generic_V,228688.0346069336,18458.139535188675,12.389549562726067,0.029073452786945387,2,True,ok
light_V_8s_2026_05_20-0045_flat_0p3_late_bias_cal.fits,2461181.680614699,12.139666602015495,generic_V,160770.29280090332,13286.761773586273,12.10003577549726,0.06132186938874694,2,True,ok
light_V_8s_2026_05_20-0046_flat_0p3_late_bias_cal.fits,2461181.6808056715,12.414666786789894,generic_V,210633.095703125,16695.911252975464,12.615849025047195,0.03541064489563265,2,True,ok
light_V_8s_2026_05_20-0047_flat_0p3_late_bias_cal.fits,2461181.6809974536,12.690833061933517,generic_V,217711.7915153503,17338.353704452515,12.556658793933913,0.033649823444659964,2,True,ok
light_V_8s_2026_05_20-0048_flat_0p3_late_bias_cal.fits,2461181.6811891203,12.966833040118217,generic_V,143570.20705413818,11641.948421478271,12.33214594811853,0.07607828434217521,2,True,ok
light_V_8s_2026_05_20-0049_flat_0p3_late_bias_cal.fits,2461181.68138044,13.242333456873894,generic_V,215837.9758834839,17467.174632549286,12.356776663884704,0.03337953049106714,2,True,ok
light_V_8s_2026_05_20-0050_flat_0p3_late_bias_cal.fits,2461181.6815721067,13.518333435058594,generic_V,233171.63018798828,18439.28177690506,12.645374858365278,0.029173493308610233,2,True,ok
light_V_8s_2026_05_20-0051_flat_0p3_late_bias_cal.fits,2461181.6817636574,13.794166445732117,generic_V,217706.64297485352,17845.75484228134,12.199351885023578,0.03212633297939776,2,True,ok
light_V_8s_2026_05_20-0052_flat_0p3_late_bias_cal.fits,2461181.681955324,14.070166423916817,generic_V,205164.5902290344,17278.99148464203,11.87364380678059,0.034275275979226985,2,True,ok
light_V_8s_2026_05_20-0053_flat_0p3_late_bias_cal.fits,2461181.682147222,14.346499666571617,generic_V,216429.93557929993,17861.391887903214,12.117193158159138,0.03266143353303145,2,True,ok
light_V_8s_2026_05_20-0054_flat_0p3_late_bias_cal.fits,2461181.6823388888,14.622499644756317,generic_V,220528.567987442,18255.844039916992,12.07988891147674,0.030813744068731153,2,True,ok
light_V_8s_2026_05_20-0055_flat_0p3_late_bias_cal.fits,2461181.682530903,14.898999854922295,generic_V,177449.37664031982,14644.177703857422,12.117401210829195,0.049807965440911504,2,True,ok
light_V_8s_2026_05_20-0056_flat_0p3_late_bias_cal.fits,2461181.6827226854,15.175166800618172,generic_V,245853.3204345703,19938.904504776,12.330332409971703,0.024585132057317327,2,True,ok
light_V_8s_2026_05_20-0057_flat_0p3_late_bias_cal.fits,2461181.682914352,15.451166778802872,generic_V,197210.2832183838,15724.792948246,12.541359613919834,0.041577905410899764,2,True,ok
light_V_8s_2026_05_20-0058_flat_0p3_late_bias_cal.fits,2461181.68310625,15.727500021457672,generic_V,193859.68438339233,15780.129420280457,12.285050345293486,0.043386963764997316,2,True,ok
light_V_8s_2026_05_20-0059_flat_0p3_late_bias_cal.fits,2461181.683298148,16.003833264112473,generic_V,232460.90953826904,19005.599529266357,12.231180036194436,0.02787628178162025,2,True,ok
light_V_8s_2026_05_20-0060_flat_0p3_late_bias_cal.fits,2461181.683489236,16.278999745845795,generic_V,201666.83404541016,16183.300918579102,12.461415323117935,0.04103754414144095,2,True,ok
light_V_8s_2026_05_20-0061_flat_0p3_late_bias_cal.fits,2461181.683680787,16.55483342707157,generic_V,210210.9133338928,17038.398324012756,12.33748086741439,0.03492374429333463,2,True,ok
light_V_8s_2026_05_20-0062_flat_0p3_late_bias_cal.fits,2461181.683872454,16.83083340525627,generic_V,218861.63068008423,17753.168971061707,12.328031746717244,0.03238321658050591,2,True,ok
light_V_8s_2026_05_20-0063_flat_0p3_late_bias_cal.fits,2461181.6840641205,17.10683338344097,generic_V,192489.86711883545,15650.941173553467,12.298932376290544,0.04685274472890358,2,True,ok
light_V_8s_2026_05_20-0064_flat_0p3_late_bias_cal.fits,2461181.684255671,17.382666394114494,generic_V,217331.67095947263,17323.445682525635,12.545522117386708,0.0335958520966919,2,True,ok
light_V_8s_2026_05_20-0065_flat_0p3_late_bias_cal.fits,2461181.684446991,17.65816681087017,generic_V,211296.21283721924,16963.637644290924,12.455831542023684,0.03615905600989705,2,True,ok
light_V_8s_2026_05_20-0066_flat_0p3_late_bias_cal.fits,2461181.684639352,17.935166582465172,generic_V,184285.02447509769,14701.321319580078,12.535269481502736,0.04899865001729998,2,True,ok
light_V_8s_2026_05_20-0067_flat_0p3_late_bias_cal.fits,2461181.6848310186,18.211166560649872,generic_V,227276.5429058075,18484.229105949402,12.295700383450422,0.030726327774099105,2,True,ok
light_V_8s_2026_05_20-0068_flat_0p3_late_bias_cal.fits,2461181.6850228007,18.487332835793495,generic_V,226374.03174209595,18672.333626031876,12.123499733664705,0.029718300009545055,2,True,ok
light_V_8s_2026_05_20-0069_flat_0p3_late_bias_cal.fits,2461181.685213773,18.762333020567894,generic_V,224703.19215011597,17991.560763835907,12.489366270089395,0.031231493423067466,2,True,ok
light_V_8s_2026_05_20-0070_flat_0p3_late_bias_cal.fits,2461181.685405671,19.038666263222694,generic_V,205259.9503326416,16172.439392089844,12.691959781468526,0.039341501846064095,2,True,ok
light_V_8s_2026_05_20-0071_flat_0p3_late_bias_cal.fits,2461181.6855980325,19.31566670536995,generic_V,234139.21131896973,22151.20775604248,10.57004267657146,4.117474931757486,3,True,ok
light_V_8s_2026_05_20-0072_flat_0p3_late_bias_cal.fits,2461181.6857905095,19.592833444476128,generic_V,221500.51607322693,20040.720978736877,11.052522327327349,3.601099586069906,3,True,ok
light_V_8s_2026_05_20-0073_flat_0p3_late_bias_cal.fits,2461181.68598206,19.86866645514965,generic_V,194727.6637039185,17190.055256843567,11.327925407708918,3.5396942937043523,3,True,ok
light_V_8s_2026_05_20-0074_flat_0p3_late_bias_cal.fits,2461181.686173727,20.14466643333435,generic_V,233022.48516845703,21019.255429267883,11.08614365302346,3.774267027121362,3,True,ok
light_V_8s_2026_05_20-0075_flat_0p3_late_bias_cal.fits,2461181.686365625,20.42099967598915,generic_V,226286.4430541992,20271.25547027588,11.162921970274965,3.767034243050172,3,True,ok
light_V_8s_2026_05_20-0076_flat_0p3_late_bias_cal.fits,2461181.686557176,20.696833357214928,generic_V,180922.75484848025,17754.799285888672,10.19007604283512,4.059268187721792,3,True,ok
light_V_8s_2026_05_20-0077_flat_0p3_late_bias_cal.fits,2461181.6867488427,20.972833335399628,generic_V,228740.64950561523,20402.259523391724,11.211535136260673,3.4628637194061325,3,True,ok
light_V_8s_2026_05_20-0078_flat_0p3_late_bias_cal.fits,2461181.6869399305,21.24799981713295,generic_V,246467.4213256836,22489.82587814331,10.95906311863501,3.8621552623749515,3,True,ok
light_V_8s_2026_05_20-0079_flat_0p3_late_bias_cal.fits,2461181.6871314817,21.523833498358727,generic_V,216928.78143310547,19444.826391220093,11.156118191472007,4.13242218249646,3,True,ok
light_V_8s_2026_05_20-0080_flat_0p3_late_bias_cal.fits,2461181.687323264,21.79999977350235,generic_V,233840.31356048584,21731.505254745483,10.76042873327527,3.9464237397859208,3,True,ok
light_V_8s_2026_05_20-0081_flat_0p3_late_bias_cal.fits,2461181.6875149305,22.07599975168705,generic_V,214302.12406158447,19590.76134967804,10.938938014530322,3.6935616562246185,3,True,ok
light_V_8s_2026_05_20-0082_flat_0p3_late_bias_cal.fits,2461181.687706597,22.35199972987175,generic_V,205812.27138137817,18997.633041381836,10.833574421248425,3.9785059679197756,3,True,ok
light_V_8s_2026_05_20-0083_flat_0p3_late_bias_cal.fits,2461181.6878975695,22.62699991464615,generic_V,245616.07037353516,22491.34312105179,10.920471447685118,3.991140116487499,3,True,ok
light_V0399_V_8s_2026_05_20-0001_flat_0p3_late_bias_cal.fits,2461181.689061574,24.303166642785072,V0399_named,213236.88902664185,20738.09312438965,10.282376867902975,4.043988660792249,3,True,ok
light_V0399_V_8s_2026_05_20-0002_flat_0p3_late_bias_cal.fits,2461181.689252662,24.578333124518394,V0399_named,212825.65330696103,18824.733569145203,11.30563960043473,3.834535560295955,3,True,ok
light_V0399_V_8s_2026_05_20-0003_flat_0p3_late_bias_cal.fits,2461181.68944375,24.853499606251717,V0399_named,207401.8688964844,19266.474197387695,10.764910422717906,4.161002008309676,3,True,ok
light_V0399_V_8s_2026_05_20-0004_flat_0p3_late_bias_cal.fits,2461181.6896349536,25.128833055496216,V0399_named,213428.76544189453,19276.7012424469,11.071851078540803,3.627503276362593,3,True,ok
light_V0399_V_8s_2026_05_20-0005_flat_0p3_late_bias_cal.fits,2461181.6898260415,25.403999537229538,V0399_named,194213.26579284668,18023.885787010193,10.775327145759883,3.86036431544958,3,True,ok
light_V0399_V_8s_2026_05_20-0006_flat_0p3_late_bias_cal.fits,2461181.6900171298,25.679166689515114,V0399_named,216074.8966140747,20273.329513549805,10.658086352794676,3.8151874129411434,3,True,ok
light_V0399_V_8s_2026_05_20-0007_flat_0p3_late_bias_cal.fits,2461181.6902081016,25.95416620373726,V0399_named,215558.9920463562,19807.703760147095,10.882583597603007,3.7700868697128374,3,True,ok
light_V0399_V_8s_2026_05_20-0008_flat_0p3_late_bias_cal.fits,2461181.690400463,26.231166645884514,V0399_named,222153.91143798828,20322.26916885376,10.931550487406446,3.8270734746954815,3,True,ok
light_V0399_V_8s_2026_05_20-0009_flat_0p3_late_bias_cal.fits,2461181.690591667,26.506500095129013,V0399_named,197853.26067352295,19323.295392513275,10.239105528044679,3.896533649724399,3,True,ok
light_V0399_V_8s_2026_05_20-0010_flat_0p3_late_bias_cal.fits,2461181.690783102,26.782166808843613,V0399_named,226050.49810028076,20797.46435546875,10.869137421593425,3.8154263556520096,3,True,ok
light_V0399_V_8s_2026_05_20-0011_flat_0p3_late_bias_cal.fits,2461181.690974884,27.058333083987236,V0399_named,191763.0636291504,18463.99160718918,10.385785896614312,4.133909305515951,3,True,ok
light_V0399_V_8s_2026_05_20-0012_flat_0p3_late_bias_cal.fits,2461181.691166551,27.334333062171936,V0399_named,219161.3501586914,20297.040657043457,10.797699717009646,4.117796579241096,3,True,ok
light_V0399_V_8s_2026_05_20-0013_flat_0p3_late_bias_cal.fits,2461181.691357754,27.60966584086418,V0399_named,197522.26099777225,18220.08068847656,10.840910332669209,3.9953545536711896,3,True,ok
light_V0399_V_8s_2026_05_20-0014_flat_0p3_late_bias_cal.fits,2461181.6915494213,27.885666489601135,V0399_named,221708.6342277527,20868.879274845123,10.623887910214483,3.8824837597509445,3,True,ok
light_V0399_V_8s_2026_05_20-0015_flat_0p3_late_bias_cal.fits,2461181.6917408565,28.161333203315735,V0399_named,159362.80712890625,14798.202697753906,10.769065026599113,3.840019505452065,3,True,ok
light_V0399_V_8s_2026_05_20-0016_flat_0p3_late_bias_cal.fits,2461181.691932523,28.437333181500435,V0399_named,221685.6000213623,20450.308181762695,10.840208277108434,4.136419380519307,3,True,ok
light_V0399_V_8s_2026_05_20-0017_flat_0p3_late_bias_cal.fits,2461181.692123727,28.712666630744934,V0399_named,223261.77835083008,20785.770016670227,10.74108768507367,3.920074811305274,3,True,ok
light_V0399_V_8s_2026_05_20-0018_flat_0p3_late_bias_cal.fits,2461181.6923153936,28.988666608929634,V0399_named,232005.79425048828,21684.482986450195,10.69916190279749,4.12887323018981,3,True,ok
light_V0399_V_8s_2026_05_20-0019_flat_0p3_late_bias_cal.fits,2461181.6925069443,29.264499619603157,V0399_named,223778.26028060913,21093.96069097519,10.60864119161605,4.174545817164859,3,True,ok
light_V0399_V_8s_2026_05_20-0020_flat_0p3_late_bias_cal.fits,2461181.692698148,29.539833068847656,V0399_named,234296.61059570312,20946.199166297913,11.185638441397163,3.741597408235041,3,True,ok
light_V0399_V_8s_2026_05_20-0021_flat_0p3_late_bias_cal.fits,2461181.6928898147,29.815833047032356,V0399_named,228764.4548339844,20796.9450674057,10.99990667343343,4.1880910934134645,3,True,ok
light_V0399_V_8s_2026_05_20-0022_flat_0p3_late_bias_cal.fits,2461181.6930810185,30.091166496276855,V0399_named,220096.73046875,20852.77276468277,10.55479446078826,4.2062572127616145,3,True,ok
light_V0399_V_8s_2026_05_20-0023_flat_0p3_late_bias_cal.fits,2461181.693271991,30.366166681051254,V0399_named,213253.86248779297,19590.054718017574,10.885822707358589,3.903451781883055,3,True,ok
light_V0399_V_8s_2026_05_20-0024_flat_0p3_late_bias_cal.fits,2461181.6934636575,30.642166659235954,V0399_named,200717.47729492188,19391.365349769592,10.35086873329973,4.073002205490871,3,True,ok
light_V0399_V_8s_2026_05_20-0025_flat_0p3_late_bias_cal.fits,2461181.6936555556,30.918499901890755,V0399_named,232114.9378585815,21057.30973434448,11.023010098958746,3.549348490923227,3,True,ok
light_V0399_V_8s_2026_05_20-0026_flat_0p3_late_bias_cal.fits,2461181.6938471063,31.194332912564278,V0399_named,215924.53985214233,20079.91584777832,10.753259201334384,4.143639596945469,3,True,ok
light_V0399_V_8s_2026_05_20-0027_flat_0p3_late_bias_cal.fits,2461181.6940381946,31.469500064849854,V0399_named,224973.28406524655,20850.010278701782,10.790080247349136,3.585286783561568,3,True,ok
light_V0399_V_8s_2026_05_20-0028_flat_0p3_late_bias_cal.fits,2461181.6942291665,31.744499579072,V0399_named,222195.4062194824,20846.23300552368,10.658779749828502,3.9862944232876485,3,True,ok
light_V0399_V_8s_2026_05_20-0029_flat_0p3_late_bias_cal.fits,2461181.694420139,32.0194997638464,V0399_named,227051.23852348328,20892.941415309902,10.867365873007472,3.6724099540045434,3,True,ok
light_V0399_V_8s_2026_05_20-0030_flat_0p3_late_bias_cal.fits,2461181.6946113426,32.2948332130909,V0399_named,241749.15566825867,22735.71443462372,10.633013374767947,4.034435874025263,3,True,ok
light_V0399_V_8s_2026_05_20-0031_flat_0p3_late_bias_cal.fits,2461181.6948032407,32.5711664557457,V0399_named,238632.84550857544,21980.769333839417,10.856437365056188,3.783280466504506,3,True,ok
light_V0399_V_8s_2026_05_20-0032_flat_0p3_late_bias_cal.fits,2461181.6949944445,32.846499904990196,V0399_named,233578.3048057556,21624.283539772034,10.801666763948564,3.895699473463777,3,True,ok
light_V0399_V_8s_2026_05_20-0033_flat_0p3_late_bias_cal.fits,2461181.695186111,33.122499883174896,V0399_named,205907.8310699463,19327.865447998047,10.653418072675683,3.600293211062522,3,True,ok
light_V0399_V_8s_2026_05_20-0034_flat_0p3_late_bias_cal.fits,2461181.695378125,33.399000093340874,V0399_named,241943.8330478668,22987.942055225372,10.524814812332046,3.891287731415711,3,True,ok
light_V0399_V_8s_2026_05_20-0035_flat_0p3_late_bias_cal.fits,2461181.695569792,33.675000071525574,V0399_named,239898.8376083374,22221.857511520386,10.795624869971721,3.684672394073447,3,True,ok
light_V0399_V_8s_2026_05_20-0036_flat_0p3_late_bias_cal.fits,2461181.695762153,33.951999843120575,V0399_named,250873.67641448975,23310.9450674057,10.762055150019266,3.819533128642305,3,True,ok
light_V0399_V_8s_2026_05_20-0037_flat_0p3_late_bias_cal.fits,2461181.6959542823,34.228666350245476,V0399_named,182873.85451507568,16858.031356811523,10.847877231002132,3.92214660262208,3,True,ok
light_V0399_V_8s_2026_05_20-0038_flat_0p3_late_bias_cal.fits,2461181.69614699,34.5061656832695,V0399_named,239068.60704612732,22189.109968662266,10.774141341575417,3.9818723706632837,3,True,ok
light_V0399_V_8s_2026_05_20-0039_flat_0p3_late_bias_cal.fits,2461181.696338542,34.78200003504753,V0399_named,238322.09629440308,21958.542945861816,10.853274594857211,3.931861235890197,3,True,ok
light_V0399_V_8s_2026_05_20-0040_flat_0p3_late_bias_cal.fits,2461181.6965310187,35.05916677415371,V0399_named,267027.10497283936,24152.662216186523,11.055804224922433,3.7440018063809,3,True,ok
light_V0399_V_8s_2026_05_20-0041_flat_0p3_late_bias_cal.fits,2461181.696722801,35.33533304929733,V0399_named,253016.7399291992,23628.41096496582,10.708157239365384,4.046509987810709,3,True,ok
light_V0399_V_8s_2026_05_20-0042_flat_0p3_late_bias_cal.fits,2461181.696914352,35.61116673052311,V0399_named,222051.34427261353,20303.186645507812,10.936773037140135,3.936672613045257,3,True,ok
light_V0399_V_8s_2026_05_20-0043_flat_0p3_late_bias_cal.fits,2461181.697106134,35.88733300566673,V0399_named,244107.74700927737,22953.91014289856,10.634691235157554,4.258207182533765,3,True,ok
light_V0399_V_8s_2026_05_20-0044_flat_0p3_late_bias_cal.fits,2461181.6972972224,36.16250015795231,V0399_named,238742.98565673828,21774.519993305206,10.964328294269734,3.7725519203863813,3,True,ok
light_V0399_V_8s_2026_05_20-0045_flat_0p3_late_bias_cal.fits,2461181.6974885417,36.43799990415573,V0399_named,230200.0648803711,21398.824768066406,10.757603156968695,3.9210652387063543,3,True,ok
light_V0399_V_8s_2026_05_20-0046_flat_0p3_late_bias_cal.fits,2461181.697679977,36.71366661787033,V0399_named,234916.31085586548,21630.975833892822,10.86018091184695,3.871973604566182,3,True,ok
light_V0399_V_8s_2026_05_20-0047_flat_0p3_late_bias_cal.fits,2461181.6978716436,36.98966659605503,V0399_named,226104.6503982544,21687.045921325684,10.425792946558813,4.044314297679195,3,True,ok
light_V0399_V_8s_2026_05_20-0048_flat_0p3_late_bias_cal.fits,2461181.6980633102,37.26566657423973,V0399_named,234272.60078811648,21668.487099170685,10.811673178469519,3.8661376648683294,3,True,ok
light_V0399_V_8s_2026_05_20-0049_flat_0p3_late_bias_cal.fits,2461181.698254977,37.54166655242443,V0399_named,235494.7014465332,21529.240684509277,10.938365402546518,3.586895041703082,3,True,ok
light_V0399_V_8s_2026_05_20-0050_flat_0p3_late_bias_cal.fits,2461181.698446412,37.81733326613903,V0399_named,204334.7206993103,18909.09168958664,10.806162667868323,3.619507696903616,3,True,ok
light_V0399_V_8s_2026_05_20-0051_flat_0p3_late_bias_cal.fits,2461181.698638773,38.09433303773403,V0399_named,236134.6334991455,22058.486738204956,10.70493349347324,4.225203837559419,3,True,ok
light_V0399_V_8s_2026_05_20-0052_flat_0p3_late_bias_cal.fits,2461181.6988304397,38.37033301591873,V0399_named,228602.5525817871,21229.387404441833,10.768212394765404,3.7590712892112754,3,True,ok
light_V0399_V_8s_2026_05_20-0053_flat_0p3_late_bias_cal.fits,2461181.6990222223,38.64649996161461,V0399_named,229403.2650527954,21133.7680683136,10.854820792546958,3.733167863505033,3,True,ok
light_V0399_V_8s_2026_05_20-0054_flat_0p3_late_bias_cal.fits,2461181.699213773,38.92233297228813,V0399_named,239345.4339542389,21951.677696228027,10.903286631042592,4.004984535516994,3,True,ok
light_V0399_V_8s_2026_05_20-0055_flat_0p3_late_bias_cal.fits,2461181.699405208,39.19799968600273,V0399_named,242748.7881679535,22645.14365530014,10.719684178781426,3.7600312326037577,3,True,ok
light_V0399_V_8s_2026_05_20-0056_flat_0p3_late_bias_cal.fits,2461181.699596991,39.47416663169861,V0399_named,245069.3776512146,22734.927592277527,10.779421955777787,3.7797947575063233,3,True,ok
light_V0399_V_8s_2026_05_20-0057_flat_0p3_late_bias_cal.fits,2461181.699788773,39.75033290684223,V0399_named,252993.58805847168,23415.624552726746,10.804477475661038,3.8504338124213864,3,True,ok
light_V0399_V_8s_2026_05_20-0058_flat_0p3_late_bias_cal.fits,2461181.6999804396,40.02633288502693,V0399_named,222733.0709533691,20143.26495552063,11.057446319908781,3.5784232218673786,3,True,ok
light_V0399_V_8s_2026_05_20-0059_flat_0p3_late_bias_cal.fits,2461181.7001721063,40.30233286321163,V0399_named,240993.7637939453,21786.86799621582,11.061423047856339,3.7523127267314678,3,True,ok
light_V0399_V_8s_2026_05_20-0060_flat_0p3_late_bias_cal.fits,2461181.7003641203,40.57883307337761,V0399_named,216444.2181892395,19564.768320083615,11.062958408102144,3.6113424578521776,3,True,ok
light_V0399_V_8s_2026_05_20-0061_flat_0p3_late_bias_cal.fits,2461181.70055544,40.854333490133286,V0399_named,244067.7834014893,22704.977243423466,10.749527770268253,3.8224018388100522,3,True,ok
light_V0399_V_8s_2026_05_20-0062_flat_0p3_late_bias_cal.fits,2461181.700747222,41.13049976527691,V0399_named,233304.4708480835,21748.937838554382,10.727166199100731,3.698908310385522,3,True,ok
light_V0399_V_8s_2026_05_20-0063_flat_0p3_late_bias_cal.fits,2461181.70093831,41.40566624701023,V0399_named,232477.3215637207,21205.45472145081,10.96309061123568,3.8036819739716963,3,True,ok
light_V0399_V_8s_2026_05_20-0064_flat_0p3_late_bias_cal.fits,2461181.701130209,41.68200083076954,V0399_named,236397.12132263184,22256.946685791016,10.62127364817517,4.115016074800842,3,True,ok
light_V0399_V_8s_2026_05_20-0065_flat_0p3_late_bias_cal.fits,2461181.7013217593,41.95783317089081,V0399_named,233315.5585899353,22483.99710083008,10.376960891056225,3.9088525810419914,3,True,ok
light_V0399_V_8s_2026_05_20-0066_flat_0p3_late_bias_cal.fits,2461181.701513542,42.234000116586685,V0399_named,238203.39588165283,22273.335372924805,10.694554358087293,3.9701547731794244,3,True,ok
light_V0399_V_8s_2026_05_20-0067_flat_0p3_late_bias_cal.fits,2461181.70170544,42.510333359241486,V0399_named,260994.58959960935,23968.65909385681,10.888994189353816,3.778040460019728,3,True,ok
light_V0399_V_8s_2026_05_20-0068_flat_0p3_late_bias_cal.fits,2461181.7018971066,42.786333337426186,V0399_named,239436.9409713745,22162.37921333313,10.803756161131231,3.644502705570497,3,True,ok
light_V0399_V_8s_2026_05_20-0069_flat_0p3_late_bias_cal.fits,2461181.7020890047,43.062666580080986,V0399_named,205170.08976745603,19437.112013816833,10.555585090090094,3.7728502127109875,3,True,ok
light_V0399_V_8s_2026_05_20-0070_flat_0p3_late_bias_cal.fits,2461181.702280787,43.33883285522461,V0399_named,207100.23192977905,18390.305596351624,11.261380668457452,3.5535536197444526,3,True,ok
light_V0399_V_8s_2026_05_20-0071_flat_0p3_late_bias_cal.fits,2461181.7024725694,43.61499980092049,V0399_named,238952.70917892456,21771.264671325684,10.975600764876209,4.08784295229674,3,True,ok
light_V0399_V_8s_2026_05_20-0072_flat_0p3_late_bias_cal.fits,2461181.7026641206,43.89083348214626,V0399_named,245099.63958740231,22655.479789733887,10.818558770865973,3.8420464277792723,3,True,ok
light_V0399_V_8s_2026_05_20-0073_flat_0p3_late_bias_cal.fits,2461181.7028560187,44.16716672480106,V0399_named,242907.1375751495,22463.818459510803,10.813261245543352,3.6652792863057626,3,True,ok
light_V0399_V_8s_2026_05_20-0074_flat_0p3_late_bias_cal.fits,2461181.7030475694,44.44299973547459,V0399_named,190775.7830810547,17384.885001182556,10.973658040768042,3.920408250802068,3,True,ok
light_V0399_V_8s_2026_05_20-0075_flat_0p3_late_bias_cal.fits,2461181.7032395834,44.719499945640564,V0399_named,254214.4809360504,23629.653274536133,10.75828231512808,4.130485091306629,3,True,ok
light_V0399_V_8s_2026_05_20-0076_flat_0p3_late_bias_cal.fits,2461181.703431134,44.99533295631409,V0399_named,221191.1690196991,20244.755729675293,10.92585022873214,3.7568012751036726,3,True,ok
light_V0399_V_8s_2026_05_20-0077_flat_0p3_late_bias_cal.fits,2461181.703622338,45.270666405558586,V0399_named,250204.75310325623,23317.54757976532,10.730320255479217,3.677348378537311,3,True,ok
light_V0399_V_8s_2026_05_20-0078_flat_0p3_late_bias_cal.fits,2461181.703814236,45.54699964821339,V0399_named,218499.7227783203,20502.78186035156,10.657076891641559,3.98461811597843,3,True,ok
light_V0399_V_8s_2026_05_20-0079_flat_0p3_late_bias_cal.fits,2461181.7040060186,45.823166593909264,V0399_named,268106.16564941406,24343.851961135864,11.013300856308051,4.119782189792334,3,True,ok
light_V0399_V_8s_2026_05_20-0080_flat_0p3_late_bias_cal.fits,2461181.7041976852,46.099166572093964,V0399_named,261798.965467453,24393.91148853302,10.732143780652738,3.904788447804253,3,True,ok
light_V0399_V_8s_2026_05_20-0081_flat_0p3_late_bias_cal.fits,2461181.704389352,46.375166550278664,V0399_named,249815.5061340332,22726.44735145569,10.99228147148269,3.886173405122037,3,True,ok
light_V0399_V_8s_2026_05_20-0082_flat_0p3_late_bias_cal.fits,2461181.704580671,46.650666296482086,V0399_named,287236.0617656708,,,,3,False,saturated
light_V0399_V_8s_2026_05_20-0083_flat_0p3_late_bias_cal.fits,2461181.704772338,46.926666274666786,V0399_named,227200.09252929688,20560.562111854553,11.050286042437559,3.671899818548009,3,True,ok
light_V0399_V_8s_2026_05_20-0084_flat_0p3_late_bias_cal.fits,2461181.704964236,47.20299951732159,V0399_named,219999.396982193,19400.036167144775,11.340153960886749,3.5281588501274754,3,True,ok
light_V0399_V_8s_2026_05_20-0085_flat_0p3_late_bias_cal.fits,2461181.7051554397,47.478332966566086,V0399_named,244224.54489135745,23037.685267925262,10.601088696674948,3.837225548202465,3,True,ok
light_V0399_V_8s_2026_05_20-0086_flat_0p3_late_bias_cal.fits,2461181.705346875,47.753999680280685,V0399_named,222623.6554222107,20979.78746032715,10.611339883361202,4.084319802873513,3,True,ok
light_V0399_V_8s_2026_05_20-0087_flat_0p3_late_bias_cal.fits,2461181.705539352,48.031166419386864,V0399_named,219467.5806465149,19935.534078598022,11.008863859941748,3.7679165988070684,3,True,ok
light_V0399_V_8s_2026_05_20-0088_flat_0p3_late_bias_cal.fits,2461181.7057315973,48.30799989402294,V0399_named,286215.9263305664,,,,3,False,saturated
light_V0399_V_8s_2026_05_20-0089_flat_0p3_late_bias_cal.fits,2461181.705923148,48.583832904696465,V0399_named,237148.92865753177,22171.60008239746,10.69606739144685,3.914419759116033,3,True,ok
light_V0399_V_8s_2026_05_20-0090_flat_0p3_late_bias_cal.fits,2461181.7061149306,48.85999985039234,V0399_named,251952.29607009888,22155.80154657364,11.371842970360191,3.584035495590673,3,True,ok
light_V0399_V_8s_2026_05_20-0091_flat_0p3_late_bias_cal.fits,2461181.706306713,49.13616679608822,V0399_named,247653.96411132812,23048.285490989685,10.745005922811222,4.085915281882281,3,True,ok
light_V0399_V_8s_2026_05_20-0092_flat_0p3_late_bias_cal.fits,2461181.706498958,49.41299960017204,V0399_named,227921.80810546875,20676.43174791336,11.023266049204565,3.7114753393937705,3,True,ok
light_V0399_V_8s_2026_05_20-0093_flat_0p3_late_bias_cal.fits,2461181.7066908563,49.68933284282684,V0399_named,260963.2859916687,23894.58112335205,10.921442173205984,3.7798612551349864,3,True,ok
light_V0399_V_8s_2026_05_20-0094_flat_0p3_late_bias_cal.fits,2461181.706882639,49.96549978852272,V0399_named,220744.19573020935,19968.69128227234,11.05451492087416,3.6243967062174764,3,True,ok
light_V0399_V_8s_2026_05_20-0095_flat_0p3_late_bias_cal.fits,2461181.7070737267,50.24066627025604,V0399_named,257497.88716125488,23261.764859199524,11.069576565658561,3.6235407440866285,3,True,ok
light_V0399_V_8s_2026_05_20-0096_flat_0p3_late_bias_cal.fits,2461181.7072653933,50.51666624844074,V0399_named,276574.8903808594,25071.542710781097,11.031426887900619,3.8940378164158918,3,True,ok
light_V0399_V_8s_2026_05_20-0097_flat_0p3_late_bias_cal.fits,2461181.707456597,50.79199969768524,V0399_named,248023.498046875,22625.649340629578,10.962049942208356,3.578023645362844,3,True,ok
light_V0399_V_8s_2026_05_20-0098_flat_0p3_late_bias_cal.fits,2461181.7076488426,51.06883317232132,V0399_named,238526.73048591617,21962.857414245605,10.860459820278319,4.140869962282717,3,True,ok
light_V0399_V_8s_2026_05_20-0099_flat_0p3_late_bias_cal.fits,2461181.707839815,51.34383335709572,V0399_named,275634.7908592224,25937.718247413635,10.626794085355106,3.845905611176425,3,True,ok
light_V0399_V_8s_2026_05_20-0100_flat_0p3_late_bias_cal.fits,2461181.7080314816,51.61983333528042,V0399_named,229199.96141815183,21297.95460510254,10.761594982611165,3.6004042990094347,3,True,ok
light_V0399_V_8s_2026_05_20-0101_flat_0p3_late_bias_cal.fits,2461181.7082226854,51.89516678452492,V0399_named,270164.6859512329,25007.029167175293,10.803549839732913,3.821367809622121,3,True,ok
light_V0399_V_8s_2026_05_20-0102_flat_0p3_late_bias_cal.fits,2461181.7084144675,52.17133305966854,V0399_named,230227.1424255371,21334.77115058899,10.791170001332835,3.78276453704939,3,True,ok
light_V0399_V_8s_2026_05_20-0103_flat_0p3_late_bias_cal.fits,2461181.7086069444,52.44849979877472,V0399_named,254406.69688415527,23659.469889640808,10.752848566380859,3.7747514729295273,3,True,ok
light_V0399_V_8s_2026_05_20-0104_flat_0p3_late_bias_cal.fits,2461181.708799537,52.72583283483982,V0399_named,218690.84701919556,20605.88870048523,10.6130267030922,3.5470704645952913,3,True,ok
light_V0399_V_8s_2026_05_20-0105_flat_0p3_late_bias_cal.fits,2461181.7089913194,53.0019997805357,V0399_named,219466.10537719727,19987.66543483734,10.980076992617686,3.995374763812649,3,True,ok
light_V0399_V_8s_2026_05_20-0106_flat_0p3_late_bias_cal.fits,2461181.709182986,53.2779997587204,V0399_named,262697.68003845215,23996.042593955994,10.947541829443958,3.5987982711453275,3,True,ok
light_V0399_V_8s_2026_05_20-0107_flat_0p3_late_bias_cal.fits,2461181.7093744213,53.553666472435,V0399_named,260122.1408996582,23995.21110391617,10.840585639073817,3.728070711945739,3,True,ok
light_V0399_V_8s_2026_05_20-0108_flat_0p3_late_bias_cal.fits,2461181.7095659724,53.829500153660774,V0399_named,265232.46862983704,24786.479095458984,10.70069159917227,3.8027984130311685,3,True,ok
light_V0399_V_8s_2026_05_20-0109_flat_0p3_late_bias_cal.fits,2461181.7097577546,54.1056664288044,V0399_named,262552.0541381836,23837.168937683105,11.014397507714387,3.623805647306385,3,True,ok
