file,jd,minutes,diff_flux,diff_flux_err,target_flux_rate,comparison_ensemble_flux_rate,n_comps,n_sources,good,reject_reason,sequence,minutes_combined,diff_flux_norm
light_V_8s_2026_05_20-0001_flat_0p3_late_bias_cal.fits,2461181.672184375,0.0,154.68054993335352,98.24998923738902,188007.7903671265,1215.4585075378418,8,19,True,ok,V_8 generic,0.0,0.97972313367503
light_V_8s_2026_05_20-0002_flat_0p3_late_bias_cal.fits,2461181.672376852,0.2771667391061783,162.0641500098067,99.17974515997362,169939.37365722656,1048.593249320984,8,17,True,ok,V_8 generic,0.2771667391061783,1.0264897362493208
light_V_8s_2026_05_20-0003_flat_0p3_late_bias_cal.fits,2461181.6725682872,0.5528334528207779,154.54499285865614,94.61424129229415,198252.70974731445,1282.8154835700989,8,20,True,ok,V_8 generic,0.5528334528207779,0.9788645357319042
light_V_8s_2026_05_20-0004_flat_0p3_late_bias_cal.fits,2461181.6727600694,0.8289997279644012,157.88190011716148,95.5411533308969,170249.80078125,1078.3364062309265,8,17,True,ok,V_8 generic,0.8289997279644012,1.0
light_V_8s_2026_05_20-0005_flat_0p3_late_bias_cal.fits,2461181.6729527777,1.10649973154068,156.25526060071712,94.10609381981746,195226.19681549072,1249.4055948257446,8,21,True,ok,V_8 generic,1.10649973154068,0.9896971121120455
light_V_8s_2026_05_20-0006_flat_0p3_late_bias_cal.fits,2461181.6731434027,1.3809996843338013,156.8901479041018,96.00109596897784,188454.54767608643,1201.1879024505615,8,20,True,ok,V_8 generic,1.3809996843338013,0.9937183919605496
light_V_8s_2026_05_20-0007_flat_0p3_late_bias_cal.fits,2461181.6733350693,1.6569996625185013,156.03007523835828,95.38591779040718,200988.49668884277,1288.1394588947296,8,21,True,ok,V_8 generic,1.6569996625185013,0.9882708221941274
light_V_8s_2026_05_20-0008_flat_0p3_late_bias_cal.fits,2461181.6735259257,1.931832879781723,160.4905710749143,100.71340657085464,156232.16110992432,973.4662919044496,8,15,True,ok,V_8 generic,1.931832879781723,1.0165229260340607
light_V_8s_2026_05_20-0009_flat_0p3_late_bias_cal.fits,2461181.6737177083,2.2079998254776,157.79928314976965,98.74333481392205,200525.34380340576,1270.7620706558228,8,21,True,ok,V_8 generic,2.2079998254776,0.9994767166639715
light_V_8s_2026_05_20-0010_flat_0p3_late_bias_cal.fits,2461181.6739096064,2.4843330681324005,158.87841070601095,98.52955029870284,176289.25703430176,1109.585979938507,8,19,True,ok,V_8 generic,2.4843330681324005,1.0063117468697171
light_V_8s_2026_05_20-0011_flat_0p3_late_bias_cal.fits,2461181.67410081,2.7596665173768997,156.72847832489617,96.47113784813524,221924.2614517212,1415.9791750907898,8,23,True,ok,V_8 generic,2.7596665173768997,0.9926944013759058
light_V_8s_2026_05_20-0012_flat_0p3_late_bias_cal.fits,2461181.674292361,3.0354995280504227,156.76054048516994,93.57333533976411,174590.44567871094,1113.7397532463074,8,20,True,ok,V_8 generic,3.0354995280504227,0.9928974782343043
light_V_8s_2026_05_20-0013_flat_0p3_late_bias_cal.fits,2461181.6744832178,3.310333415865898,154.51716758728054,92.22948826048548,187004.49365615845,1210.2505927085876,8,21,True,ok,V_8 generic,3.310333415865898,0.9786882946849257
light_V_8s_2026_05_20-0014_flat_0p3_late_bias_cal.fits,2461181.674675,3.5864996910095215,155.5244608001441,100.99198275170616,156422.44482421875,1005.7739086151124,7,18,True,ok,V_8 generic,3.5864996910095215,0.9850683370591059
light_V_8s_2026_05_20-0015_flat_0p3_late_bias_cal.fits,2461181.6748667825,3.8626666367053986,159.452068322887,94.29060922400129,170918.1307373047,1071.9091482162476,8,19,True,ok,V_8 generic,3.8626666367053986,1.0099452071742252
light_V_8s_2026_05_20-0016_flat_0p3_late_bias_cal.fits,2461181.675058449,4.138666614890099,158.53911907120417,95.89471042071456,185470.78840637207,1169.8739686012268,8,23,True,ok,V_8 generic,4.138666614890099,1.0041627251354017
light_V_8s_2026_05_20-0017_flat_0p3_late_bias_cal.fits,2461181.6752502313,4.414832890033722,157.15629219367202,94.4311283208474,209430.39459228516,1332.6249408721924,8,23,True,ok,V_8 generic,4.414832890033722,0.9954041095087467
light_V_8s_2026_05_20-0018_flat_0p3_late_bias_cal.fits,2461181.67544213,4.691166803240776,155.50246533940262,94.41590543921744,127894.95864868164,822.4625787734985,8,16,True,ok,V_8 generic,4.691166803240776,0.9849290211481295
light_V_8s_2026_05_20-0019_flat_0p3_late_bias_cal.fits,2461181.6756346063,4.968332871794701,158.73574499432667,95.5429962541663,219931.70593070984,1385.5209860801697,8,24,True,ok,V_8 generic,4.968332871794701,1.0054081238985062
light_V_8s_2026_05_20-0020_flat_0p3_late_bias_cal.fits,2461181.6758256946,5.2435000240802765,161.0552717291604,102.0178580357074,196556.83554077148,1220.4309329986572,8,23,True,ok,V_8 generic,5.2435000240802765,1.0200996542963066
light_V_8s_2026_05_20-0021_flat_0p3_late_bias_cal.fits,2461181.676017361,5.5195000022649765,160.22351598672705,99.060634804162,203771.92554092407,1271.7978649139404,8,23,True,ok,V_8 generic,5.5195000022649765,1.0148314396256182
light_V_8s_2026_05_20-0022_flat_0p3_late_bias_cal.fits,2461181.676209028,5.7954999804496765,159.41117320468243,96.06488206616233,208552.9726257324,1308.27073431015,8,23,True,ok,V_8 generic,5.7954999804496765,1.0096861837005136
light_V_8s_2026_05_20-0023_flat_0p3_late_bias_cal.fits,2461181.6764001157,6.070666462182999,157.59122445971215,95.66529253985286,220583.2804965973,1399.718044281006,8,23,True,ok,V_8 generic,6.070666462182999,0.9981589044897887
light_V_8s_2026_05_20-0024_flat_0p3_late_bias_cal.fits,2461181.6765917824,6.346666440367699,161.99121071197567,95.93545743704831,158948.5138130188,981.2169013023376,8,19,True,ok,V_8 generic,6.346666440367699,1.0260277498039023
light_V_8s_2026_05_20-0025_flat_0p3_late_bias_cal.fits,2461181.676783449,6.622666418552399,148.8553322090734,85.47486784597643,221125.41875839233,1485.5055272579193,8,23,True,ok,V_8 generic,6.622666418552399,0.9428270884668247
light_V_8s_2026_05_20-0026_flat_0p3_late_bias_cal.fits,2461181.676976158,6.900166422128677,159.88992836267445,95.61693503144744,227065.96070480347,1420.1392359733582,8,24,True,ok,V_8 generic,6.900167092680931,1.0127185462299533
light_V_8s_2026_05_20-0027_flat_0p3_late_bias_cal.fits,2461181.6771674766,7.1756661683321,157.18561885668672,92.4747758836562,197368.7423171997,1255.6412205696106,8,24,True,ok,V_8 generic,7.1756661683321,0.9955898601425619
light_V_8s_2026_05_20-0028_flat_0p3_late_bias_cal.fits,2461181.677359375,7.452000081539154,163.8522457693093,103.2341544583242,172898.94860839844,1055.212565422058,8,19,True,ok,V_8 generic,7.452000081539154,1.0378152634831308
light_V_8s_2026_05_20-0029_flat_0p3_late_bias_cal.fits,2461181.677550463,7.727166563272476,156.087206323262,91.7454560118477,224322.55504989624,1437.1617016792295,8,24,True,ok,V_8 generic,7.727166563272476,0.9886326818174365
light_V_8s_2026_05_20-0030_flat_0p3_late_bias_cal.fits,2461181.677741667,8.002500012516975,160.4553553701776,102.03073861815052,193333.1411743164,1204.90301322937,8,23,True,ok,V_8 generic,8.002500012516975,1.01629987510352
light_V_8s_2026_05_20-0031_flat_0p3_late_bias_cal.fits,2461181.6779328706,8.277833461761475,159.1897046677727,97.25606086598148,207404.0467529297,1302.8734941482544,8,26,True,ok,V_8 generic,8.277833461761475,1.0082834355910382
light_V_8s_2026_05_20-0032_flat_0p3_late_bias_cal.fits,2461181.6781244213,8.553666472434998,154.47604008364092,95.16186095452848,153637.23175048828,994.5699777603148,8,17,True,ok,V_8 generic,8.553666472434998,0.9784277993171281
light_V_8s_2026_05_20-0033_flat_0p3_late_bias_cal.fits,2461181.678316204,8.829833418130875,155.47488837849372,92.23147688111554,216752.25330352783,1394.1303033828735,8,25,True,ok,V_8 generic,8.829833418130875,0.9847543528619711
light_V_8s_2026_05_20-0034_flat_0p3_late_bias_cal.fits,2461181.6785078705,9.105833396315576,156.2005418713476,97.02820382733888,197608.60961914065,1265.0955448150637,8,25,True,ok,V_8 generic,9.105833396315575,0.9893505319826645
light_V_8s_2026_05_20-0035_flat_0p3_late_bias_cal.fits,2461181.678699537,9.381833374500276,155.99901465049854,93.29737787071184,216168.37565612793,1385.703468322754,8,27,True,ok,V_8 generic,9.381833374500275,0.9880740891434313
light_V_8s_2026_05_20-0036_flat_0p3_late_bias_cal.fits,2461181.6788909724,9.657500088214874,157.03048622436043,94.86872625568792,213440.9463691711,1359.2325382232666,8,24,True,ok,V_8 generic,9.657500088214874,0.9946072735876043
light_V_8s_2026_05_20-0037_flat_0p3_late_bias_cal.fits,2461181.67908206,9.932666569948196,155.07962076195068,95.961862256089,216479.81624603271,1395.9269127845764,8,28,True,ok,V_8 generic,9.932666569948196,0.9822507877525462
light_V_8s_2026_05_20-0038_flat_0p3_late_bias_cal.fits,2461181.6792738424,10.20883284509182,156.50109534282228,93.44932470305169,178990.2028274536,1143.6993615627289,8,24,True,ok,V_8 generic,10.20883284509182,0.9912541920681565
light_V_8s_2026_05_20-0039_flat_0p3_late_bias_cal.fits,2461181.6794653935,10.484666526317596,155.85783726665056,90.61312645561806,227040.60580444336,1456.7160034179688,8,28,True,ok,V_8 generic,10.484666526317596,0.9871798930149125
light_V_8s_2026_05_20-0040_flat_0p3_late_bias_cal.fits,2461181.679657176,10.760833472013474,157.96975864282385,96.19706498168745,213038.4981994629,1348.6030492782593,8,24,True,ok,V_8 generic,10.760833472013474,1.000556482570815
light_V_8s_2026_05_20-0041_flat_0p3_late_bias_cal.fits,2461181.679848843,11.036833450198174,161.68969194059136,103.03260313816412,198913.84814453125,1230.219723701477,8,24,True,ok,V_8 generic,11.036833450198174,1.0241179756552472
light_V_8s_2026_05_20-0042_flat_0p3_late_bias_cal.fits,2461181.6800405094,11.312833428382874,159.26632490110413,95.6028524808765,196983.48907470703,1236.8181986808777,8,27,True,ok,V_8 generic,11.312833428382874,1.0087687365234095
light_V_8s_2026_05_20-0043_flat_0p3_late_bias_cal.fits,2461181.6802317128,11.58816620707512,158.50223119323732,99.70255763402342,192641.7296447754,1215.3881254196167,8,25,True,ok,V_8 generic,11.588166207075119,1.0039290829133392
light_V_8s_2026_05_20-0044_flat_0p3_late_bias_cal.fits,2461181.6804236113,11.864500120282171,161.0378005558765,98.2282126650664,228688.0346069336,1420.0891580581665,8,27,True,ok,V_8 generic,11.864500120282173,1.0199889945356184
light_V_8s_2026_05_20-0045_flat_0p3_late_bias_cal.fits,2461181.680614699,12.139666602015495,156.60698856487298,97.23487487144452,160770.29280090332,1026.5844089984894,8,24,True,ok,V_8 generic,12.139666602015495,0.9919249036694997
light_V_8s_2026_05_20-0046_flat_0p3_late_bias_cal.fits,2461181.6808056715,12.414666786789894,161.71712569228796,98.51495478046704,210633.095703125,1302.4786014556885,8,27,True,ok,V_8 generic,12.414666786789894,1.024291736875984
light_V_8s_2026_05_20-0047_flat_0p3_late_bias_cal.fits,2461181.6809974536,12.690833061933516,163.22214842396264,101.21620947122182,217711.7915153503,1333.8373107910156,8,29,True,ok,V_8 generic,12.690833061933517,1.0338243225020616
light_V_8s_2026_05_20-0048_flat_0p3_late_bias_cal.fits,2461181.6811891203,12.966833040118216,158.16377834122997,86.5254692226739,143570.20705413818,907.7312679290771,7,17,True,ok,V_8 generic,12.966833040118217,1.0017853739020073
light_V_8s_2026_05_20-0049_flat_0p3_late_bias_cal.fits,2461181.68138044,13.242333456873894,159.113619369923,96.65685604541032,215837.9758834839,1356.502207279205,8,27,True,ok,V_8 generic,13.242333456873894,1.0078015228588424
light_V_8s_2026_05_20-0050_flat_0p3_late_bias_cal.fits,2461181.6815721067,13.518333435058594,161.01192840239025,95.07318740763804,233171.63018798828,1448.163701295853,8,28,True,ok,V_8 generic,13.518333435058594,1.0198251242410057
light_V_8s_2026_05_20-0051_flat_0p3_late_bias_cal.fits,2461181.6817636574,13.794166445732117,157.1022450923358,96.2914048085831,217706.64297485352,1385.7640471458435,8,28,True,ok,V_8 generic,13.794166445732117,0.995061783369423
light_V_8s_2026_05_20-0052_flat_0p3_late_bias_cal.fits,2461181.681955324,14.070166423916817,155.01010200909602,97.10507448620594,205164.5902290344,1323.556255817413,8,25,True,ok,V_8 generic,14.070166423916817,0.9818104665200106
light_V_8s_2026_05_20-0053_flat_0p3_late_bias_cal.fits,2461181.682147222,14.346499666571615,156.93818949370612,94.14867420267512,216429.93557929993,1379.0775609016418,8,26,True,ok,V_8 generic,14.346499666571617,0.9940226800997768
light_V_8s_2026_05_20-0054_flat_0p3_late_bias_cal.fits,2461181.6823388888,14.622499644756315,157.48033783474418,95.428998871142,220528.567987442,1400.3562033176422,8,27,True,ok,V_8 generic,14.622499644756317,0.997456565432014
light_V_8s_2026_05_20-0055_flat_0p3_late_bias_cal.fits,2461181.682530903,14.898999854922296,157.98987231255813,97.36023096431876,177449.37664031982,1123.1693148612976,8,24,True,ok,V_8 generic,14.898999854922295,1.000683879503075
light_V_8s_2026_05_20-0056_flat_0p3_late_bias_cal.fits,2461181.6827226854,15.175166800618172,158.3041114571799,95.17562786911026,245853.3204345703,1553.0444419384005,8,28,True,ok,V_8 generic,15.175166800618172,1.0026742225657603
light_V_8s_2026_05_20-0057_flat_0p3_late_bias_cal.fits,2461181.682914352,15.451166778802872,156.19810241715544,93.96226035368994,197210.2832183838,1262.5651667118073,8,25,True,ok,V_8 generic,15.451166778802872,0.9893350808499485
light_V_8s_2026_05_20-0058_flat_0p3_late_bias_cal.fits,2461181.68310625,15.727500021457672,153.7301646119903,85.76882671949355,193859.68438339233,1261.0386834144592,8,24,True,ok,V_8 generic,15.727500021457672,0.9737035372510069
light_V_8s_2026_05_20-0059_flat_0p3_late_bias_cal.fits,2461181.683298148,16.003833264112473,158.04413637911617,97.18220106638948,232460.90953826904,1470.8607029914856,8,29,True,ok,V_8 generic,16.003833264112473,1.0010275798671937
light_V_8s_2026_05_20-0060_flat_0p3_late_bias_cal.fits,2461181.683489236,16.278999745845795,161.13728665906828,100.26453402379543,201666.83404541016,1251.52184343338,8,26,True,ok,V_8 generic,16.278999745845795,1.0206191244182585
light_V_8s_2026_05_20-0061_flat_0p3_late_bias_cal.fits,2461181.683680787,16.55483342707157,158.73282705119894,98.54252095820796,210210.9133338928,1324.3064918518066,8,27,True,ok,V_8 generic,16.55483342707157,1.0053896420894732
light_V_8s_2026_05_20-0062_flat_0p3_late_bias_cal.fits,2461181.683872454,16.83083340525627,157.02514740614436,95.2698868980664,218861.63068008423,1393.7998740673063,8,27,True,ok,V_8 generic,16.83083340525627,0.9945734583230799
light_V_8s_2026_05_20-0063_flat_0p3_late_bias_cal.fits,2461181.6840641205,17.10683338344097,159.01221968959194,95.7560126672236,192489.86711883545,1210.5350613594055,8,22,True,ok,V_8 generic,17.10683338344097,1.0071592726689487
light_V_8s_2026_05_20-0064_flat_0p3_late_bias_cal.fits,2461181.684255671,17.382666394114494,158.91481871248163,93.6383471332339,217331.67095947263,1367.5985205173492,8,25,True,ok,V_8 generic,17.382666394114494,1.0065423496585337
light_V_8s_2026_05_20-0065_flat_0p3_late_bias_cal.fits,2461181.684446991,17.65816681087017,157.64094134428476,94.21838549452136,211296.21283721924,1340.3638105392456,8,27,True,ok,V_8 generic,17.65816681087017,0.9984738036931535
light_V_8s_2026_05_20-0066_flat_0p3_late_bias_cal.fits,2461181.684639352,17.935166582465172,159.04236794455173,95.00519023932924,184285.02447509769,1158.716553688049,8,23,True,ok,V_8 generic,17.935166582465172,1.0073502271414843
light_V_8s_2026_05_20-0067_flat_0p3_late_bias_cal.fits,2461181.6848310186,18.211166560649872,155.93789284176475,94.21231623849576,227276.5429058075,1457.4811725616455,8,28,True,ok,V_8 generic,18.211166560649872,0.9876869528808931
light_V_8s_2026_05_20-0068_flat_0p3_late_bias_cal.fits,2461181.6850228007,18.487332835793495,155.8296530614852,93.10977922837613,226374.03174209595,1452.7018914222715,8,27,True,ok,V_8 generic,18.487332835793495,0.9870013785357705
light_V_8s_2026_05_20-0069_flat_0p3_late_bias_cal.fits,2461181.685213773,18.762333020567898,156.19671672398664,90.34280447741604,224703.19215011597,1438.5910079479218,8,27,True,ok,V_8 generic,18.762333020567894,0.9893263040796678
light_V_8s_2026_05_20-0070_flat_0p3_late_bias_cal.fits,2461181.685405671,19.038666263222694,157.69356575932105,92.6286056389133,205259.9503326416,1301.638081073761,8,26,True,ok,V_8 generic,19.038666263222694,0.9988071187533171
light_V_8s_2026_05_20-0071_flat_0p3_late_bias_cal.fits,2461181.6855980325,19.31566670536995,154.9564608559998,93.66878261389228,234139.21131896973,1510.9999933242798,8,28,True,ok,V_8 generic,19.31566670536995,0.9814707115952446
light_V_8s_2026_05_20-0072_flat_0p3_late_bias_cal.fits,2461181.6857905095,19.592833444476128,157.45450665749885,90.99712509104988,221500.51607322693,1406.7588205337524,8,24,True,ok,V_8 generic,19.592833444476128,0.9972929546746938
light_V_8s_2026_05_20-0073_flat_0p3_late_bias_cal.fits,2461181.68598206,19.86866645514965,158.32834008428003,92.71829198061891,194727.6637039185,1229.897715091705,8,24,True,ok,V_8 generic,19.86866645514965,1.002827683013615
light_V_8s_2026_05_20-0074_flat_0p3_late_bias_cal.fits,2461181.686173727,20.14466643333435,161.70454085937644,96.95498073421857,233022.48516845703,1441.0385999679563,8,28,True,ok,V_8 generic,20.14466643333435,1.0242120264538128
light_V_8s_2026_05_20-0075_flat_0p3_late_bias_cal.fits,2461181.686365625,20.42099967598915,160.27829430599786,94.34287329367544,226286.4430541992,1411.8346095085144,8,29,True,ok,V_8 generic,20.42099967598915,1.0151783971883925
light_V_8s_2026_05_20-0076_flat_0p3_late_bias_cal.fits,2461181.686557176,20.696833357214928,152.97151000585575,91.71238836450104,180922.75484848025,1182.7218992710114,8,26,True,ok,V_8 generic,20.696833357214928,0.9688983340860364
light_V_8s_2026_05_20-0077_flat_0p3_late_bias_cal.fits,2461181.6867488427,20.972833335399628,159.72669206789166,98.22267463220716,228740.64950561523,1432.0752940177915,8,28,True,ok,V_8 generic,20.972833335399628,1.0116846323065607
light_V_8s_2026_05_20-0078_flat_0p3_late_bias_cal.fits,2461181.6869399305,21.24799981713295,161.9320478158779,96.9743425471956,246467.4213256836,1522.042268037796,8,29,True,ok,V_8 generic,21.24799981713295,1.0256530209967758
light_V_8s_2026_05_20-0079_flat_0p3_late_bias_cal.fits,2461181.6871314817,21.523833498358727,159.8008124183802,94.60204524386133,216928.78143310547,1357.4948596954346,8,27,True,ok,V_8 generic,21.523833498358727,1.0121540993603113
light_V_8s_2026_05_20-0080_flat_0p3_late_bias_cal.fits,2461181.687323264,21.79999977350235,159.396377473459,97.39133001336072,233840.31356048584,1467.0365617275238,8,31,True,ok,V_8 generic,21.79999977350235,1.0095924697838934
light_V_8s_2026_05_20-0081_flat_0p3_late_bias_cal.fits,2461181.6875149305,22.07599975168705,159.57150637309647,94.38350315497668,214302.12406158447,1342.9849033355713,8,27,True,ok,V_8 generic,22.07599975168705,1.0107017096619761
light_V_8s_2026_05_20-0082_flat_0p3_late_bias_cal.fits,2461181.687706597,22.35199972987175,159.33302049812602,95.59653952391284,205812.27138137817,1291.7113523483276,8,27,True,ok,V_8 generic,22.35199972987175,1.0091911763152563
light_V_8s_2026_05_20-0083_flat_0p3_late_bias_cal.fits,2461181.6878975695,22.62699991464615,157.7666538216342,91.77310896778704,245616.07037353516,1556.8313355445862,8,30,True,ok,V_8 generic,22.62699991464615,0.9992700474503933
light_V0399_V_8s_2026_05_20-0001_flat_0p3_late_bias_cal.fits,2461181.689061574,0.0,140.5334267801443,2056.676771977141,213236.88902664185,1517.339282989502,11,27,True,ok,V0399 named,24.303166642785072,0.9644738361481695
light_V0399_V_8s_2026_05_20-0002_flat_0p3_late_bias_cal.fits,2461181.689252662,0.2751664817333221,149.42153334719225,2173.342173526592,212825.65330696103,1424.3305401802063,11,25,True,ok,V0399 named,24.578333124518394,1.0254724642555262
light_V0399_V_8s_2026_05_20-0003_flat_0p3_late_bias_cal.fits,2461181.68944375,0.5503329634666443,144.594739223925,2105.7796376361525,207401.8688964844,1434.3666305541992,11,27,True,ok,V0399 named,24.853499606251717,0.9923464190787586
light_V0399_V_8s_2026_05_20-0004_flat_0p3_late_bias_cal.fits,2461181.6896349536,0.8256664127111435,148.36806111048654,2092.946896165205,213428.76544189453,1438.5088262557983,11,26,True,ok,V0399 named,25.128833055496216,1.0182425373072517
light_V0399_V_8s_2026_05_20-0005_flat_0p3_late_bias_cal.fits,2461181.6898260415,1.1008328944444656,144.9209892938914,2080.6830395285547,194213.26579284668,1340.1320729255676,11,24,True,ok,V0399 named,25.403999537229538,0.994585456891566
light_V0399_V_8s_2026_05_20-0006_flat_0p3_late_bias_cal.fits,2461181.6900171298,1.3760000467300415,146.57960484015547,2135.0014381972633,216074.8966140747,1474.1129698753357,11,28,True,ok,V0399 named,25.679166689515114,1.0059684519216587
light_V0399_V_8s_2026_05_20-0007_flat_0p3_late_bias_cal.fits,2461181.6902081016,1.6509995609521866,145.51317930388612,2110.612153569268,215558.9920463562,1481.3709182739258,11,30,True,ok,V0399 named,25.95416620373726,0.9986496271303075
light_V0399_V_8s_2026_05_20-0008_flat_0p3_late_bias_cal.fits,2461181.690400463,1.9280000030994415,148.43686330751797,2191.005195299385,222153.91143798828,1496.6222438812256,11,29,True,ok,V0399 named,26.231166645884514,1.018714723323253
light_V0399_V_8s_2026_05_20-0009_flat_0p3_late_bias_cal.fits,2461181.690591667,2.2033334523439407,138.0109189988479,1890.2947759733763,197853.26067352295,1433.605848789215,11,26,True,ok,V0399 named,26.506500095129013,0.9471619921813483
light_V0399_V_8s_2026_05_20-0010_flat_0p3_late_bias_cal.fits,2461181.690783102,2.4790001660585403,148.33610960223973,2148.811961219411,226050.49810028076,1523.9074201583862,11,29,True,ok,V0399 named,26.782166808843613,1.0180232557139994
light_V0399_V_8s_2026_05_20-0011_flat_0p3_late_bias_cal.fits,2461181.690974884,2.7551664412021637,142.84165765981496,2146.522147041657,191763.0636291504,1342.4869661331177,11,27,True,ok,V0399 named,27.058333083987236,0.9803151085218548
light_V0399_V_8s_2026_05_20-0012_flat_0p3_late_bias_cal.fits,2461181.691166551,3.0311664193868637,144.27469601279068,2006.5709438730576,219161.3501586914,1519.0560522079468,11,29,True,ok,V0399 named,27.334333062171936,0.9901499786257782
light_V0399_V_8s_2026_05_20-0013_flat_0p3_late_bias_cal.fits,2461181.691357754,3.306499868631363,144.2027695843848,1999.231728891271,197522.26099777225,1369.7535877227783,11,24,True,ok,V0399 named,27.60966584086418,0.98965635116707
light_V0399_V_8s_2026_05_20-0014_flat_0p3_late_bias_cal.fits,2461181.6915494213,3.582499846816063,140.56974771414062,1959.057020012057,221708.6342277527,1577.214427947998,11,30,True,ok,V0399 named,27.885666489601135,0.9647231048904646
light_V0399_V_8s_2026_05_20-0015_flat_0p3_late_bias_cal.fits,2461181.6917408565,3.8581665605306625,144.4791339485166,2098.086974422102,159362.80712890625,1103.016074180603,11,19,True,ok,V0399 named,28.161333203315735,0.9915530258910544
light_V0399_V_8s_2026_05_20-0016_flat_0p3_late_bias_cal.fits,2461181.691932523,4.1341665387153625,143.65492175216687,2019.3405854714656,221685.6000213623,1543.181377410889,11,29,True,ok,V0399 named,28.437333181500435,0.9858964990630483
light_V0399_V_8s_2026_05_20-0017_flat_0p3_late_bias_cal.fits,2461181.692123727,4.409499987959862,144.37346003752967,2107.8121948577004,223261.77835083008,1546.4184226989746,11,28,True,ok,V0399 named,28.712666630744934,0.9908277911576142
light_V0399_V_8s_2026_05_20-0018_flat_0p3_late_bias_cal.fits,2461181.6923153936,4.685499966144562,145.57039801157524,2111.495477281684,232005.79425048828,1593.7704191207886,11,29,True,ok,V0399 named,28.988666608929634,0.9990423162418502
light_V0399_V_8s_2026_05_20-0019_flat_0p3_late_bias_cal.fits,2461181.6925069443,4.961332976818085,141.61814277570835,1976.4188555400624,223778.26028060913,1580.152485370636,11,27,True,ok,V0399 named,29.264499619603157,0.9719181874412581
light_V0399_V_8s_2026_05_20-0020_flat_0p3_late_bias_cal.fits,2461181.692698148,5.236666426062584,144.72457320875952,2129.6887618839455,234296.61059570312,1618.913812637329,11,28,True,ok,V0399 named,29.539833068847656,0.9932374631832455
light_V0399_V_8s_2026_05_20-0021_flat_0p3_late_bias_cal.fits,2461181.6928898147,5.512666404247284,149.4580545600737,2201.2894160194833,228764.4548339844,1530.6264724731443,11,27,True,ok,V0399 named,29.815833047032356,1.0257231075017317
light_V0399_V_8s_2026_05_20-0022_flat_0p3_late_bias_cal.fits,2461181.6930810185,5.787999853491783,141.24468888292873,2039.649005093709,220096.73046875,1558.2655334472656,11,27,True,ok,V0399 named,30.091166496276855,0.969355192167848
light_V0399_V_8s_2026_05_20-0023_flat_0p3_late_bias_cal.fits,2461181.693271991,6.063000038266182,145.99592170568866,2090.2847292375777,213253.86248779297,1460.683695793152,11,26,True,ok,V0399 named,30.366166681051254,1.001962663941587
light_V0399_V_8s_2026_05_20-0024_flat_0p3_late_bias_cal.fits,2461181.6934636575,6.339000016450882,142.7727859909348,2068.4189076792163,200717.47729492188,1405.8524942398071,11,25,True,ok,V0399 named,30.642166659235954,0.9798424457240517
light_V0399_V_8s_2026_05_20-0025_flat_0p3_late_bias_cal.fits,2461181.6936555556,6.615333259105682,146.327917780122,2031.955441703503,232114.9378585815,1586.2655696868896,11,26,True,ok,V0399 named,30.918499901890755,1.0042411362939034
light_V0399_V_8s_2026_05_20-0026_flat_0p3_late_bias_cal.fits,2461181.6938471063,6.891166269779205,146.9775734346827,2097.0745836941687,215924.53985214233,1469.0985488891602,11,25,True,ok,V0399 named,31.194332912564278,1.0086996903595478
light_V0399_V_8s_2026_05_20-0027_flat_0p3_late_bias_cal.fits,2461181.6940381946,7.166333422064781,147.7710368177867,2197.8440388489344,224973.28406524655,1522.445053577423,11,29,True,ok,V0399 named,31.469500064849854,1.0141451896295728
light_V0399_V_8s_2026_05_20-0028_flat_0p3_late_bias_cal.fits,2461181.6942291665,7.441332936286926,142.7468002929668,2039.2491830107556,222195.4062194824,1556.5701351165771,11,24,True,ok,V0399 named,31.744499579072,0.979664107186535
light_V0399_V_8s_2026_05_20-0029_flat_0p3_late_bias_cal.fits,2461181.694420139,7.716333121061325,146.52553452968016,2148.1087839842294,227051.23852348328,1549.567720413208,11,27,True,ok,V0399 named,32.0194997638464,1.0055973701017624
light_V0399_V_8s_2026_05_20-0030_flat_0p3_late_bias_cal.fits,2461181.6946113426,7.991666570305824,142.55986870370276,2052.2104186940383,241749.15566825867,1695.772855758667,11,27,True,ok,V0399 named,32.2948332130909,0.978381205096082
light_V0399_V_8s_2026_05_20-0031_flat_0p3_late_bias_cal.fits,2461181.6948032407,8.267999812960625,144.60909782583295,2079.6367122749075,238632.84550857544,1650.1924781799316,11,29,True,ok,V0399 named,32.5711664557457,0.9924449614411075
light_V0399_V_8s_2026_05_20-0032_flat_0p3_late_bias_cal.fits,2461181.6949944445,8.543333262205124,145.70994205648367,2140.41623845213,233578.3048057556,1603.0361518859863,11,30,True,ok,V0399 named,32.846499904990196,1.0
light_V0399_V_8s_2026_05_20-0033_flat_0p3_late_bias_cal.fits,2461181.695186111,8.819333240389824,142.65819756833903,2032.5195816693997,205907.8310699463,1443.3648719787598,11,27,True,ok,V0399 named,33.122499883174896,0.9790560311460309
light_V0399_V_8s_2026_05_20-0034_flat_0p3_late_bias_cal.fits,2461181.695378125,9.0958334505558,143.17084207196845,2053.415304093287,241943.8330478668,1689.8959980010986,11,30,True,ok,V0399 named,33.399000093340874,0.9825742845774316
light_V0399_V_8s_2026_05_20-0035_flat_0p3_late_bias_cal.fits,2461181.695569792,9.3718334287405,145.67821803595237,2151.484563611013,239898.8376083374,1646.7721862792969,11,29,True,ok,V0399 named,33.675000071525574,0.999782279643492
light_V0399_V_8s_2026_05_20-0036_flat_0p3_late_bias_cal.fits,2461181.695762153,9.648833200335504,145.8839813990009,2192.2175967613557,250873.67641448975,1719.679391860962,11,28,True,ok,V0399 named,33.951999843120575,1.001194423249786
light_V0399_V_8s_2026_05_20-0037_flat_0p3_late_bias_cal.fits,2461181.6959542823,9.925499707460403,147.36756456548744,2099.4240524951633,182873.85451507568,1240.936939239502,11,22,True,ok,V0399 named,34.228666350245476,1.0113761798653464
light_V0399_V_8s_2026_05_20-0038_flat_0p3_late_bias_cal.fits,2461181.69614699,10.202999711036682,147.11804947259728,2148.6194793665386,239068.60704612732,1625.0120763778689,11,25,True,ok,V0399 named,34.5061656832695,1.0096637703387992
light_V0399_V_8s_2026_05_20-0039_flat_0p3_late_bias_cal.fits,2461181.696338542,10.47883339226246,146.74855327740264,2176.193154121337,238322.09629440308,1624.0166664123535,11,27,True,ok,V0399 named,34.78200003504753,1.0071279365447579
light_V0399_V_8s_2026_05_20-0040_flat_0p3_late_bias_cal.fits,2461181.6965310187,10.756000131368635,146.04421160991146,2111.8087607234447,267027.10497283936,1828.3990993499756,11,28,True,ok,V0399 named,35.05916677415371,1.0022940751242506
light_V0399_V_8s_2026_05_20-0041_flat_0p3_late_bias_cal.fits,2461181.696722801,11.03216640651226,147.29793176355352,2119.357158698365,253016.7399291992,1717.7209272384644,11,28,True,ok,V0399 named,35.33533304929733,1.0108982934496966
light_V0399_V_8s_2026_05_20-0042_flat_0p3_late_bias_cal.fits,2461181.696914352,11.308000087738035,146.80647340973096,2106.8613962136483,222051.34427261353,1512.544638633728,11,27,True,ok,V0399 named,35.61116673052311,1.0075254394983029
light_V0399_V_8s_2026_05_20-0043_flat_0p3_late_bias_cal.fits,2461181.697106134,11.58416636288166,143.7071957784781,2104.6898589550283,244107.74700927737,1698.6466522216797,11,28,True,ok,V0399 named,35.88733300566673,0.9862552530751182
light_V0399_V_8s_2026_05_20-0044_flat_0p3_late_bias_cal.fits,2461181.6972972224,11.859333515167236,145.7219533448248,2075.371948164658,238742.98565673828,1638.3460431098938,11,28,True,ok,V0399 named,36.16250015795231,1.00008243286746
light_V0399_V_8s_2026_05_20-0045_flat_0p3_late_bias_cal.fits,2461181.6974885417,12.13483326137066,148.0319630980983,2148.263030410728,230200.0648803711,1555.0700001716614,11,27,True,ok,V0399 named,36.43799990415573,1.0159359135611659
light_V0399_V_8s_2026_05_20-0046_flat_0p3_late_bias_cal.fits,2461181.697679977,12.410499975085258,147.85871534018884,2121.5737237070125,234916.31085586548,1588.7890701293943,11,27,True,ok,V0399 named,36.71366661787033,1.0147469229167094
light_V0399_V_8s_2026_05_20-0047_flat_0p3_late_bias_cal.fits,2461181.6978716436,12.686499953269958,143.5097941476736,2133.5985077999912,226104.6503982544,1575.5346298217771,11,27,True,ok,V0399 named,36.98966659605503,0.9849004956164406
light_V0399_V_8s_2026_05_20-0048_flat_0p3_late_bias_cal.fits,2461181.6980633102,12.96249993145466,142.67582378365438,2065.9267230277287,234272.60078811648,1641.9922771453855,11,29,True,ok,V0399 named,37.26566657423973,0.9791769989747636
light_V0399_V_8s_2026_05_20-0049_flat_0p3_late_bias_cal.fits,2461181.698254977,13.23849990963936,145.96857373573027,2051.3169837316223,235494.7014465332,1613.3246726989746,11,29,True,ok,V0399 named,37.54166655242443,1.0017749761999517
light_V0399_V_8s_2026_05_20-0050_flat_0p3_late_bias_cal.fits,2461181.698446412,13.514166623353958,145.7033259624976,2100.375107267773,204334.7206993103,1402.4025831222534,11,25,True,ok,V0399 named,37.81733326613903,0.9999545940799048
light_V0399_V_8s_2026_05_20-0051_flat_0p3_late_bias_cal.fits,2461181.698638773,13.79116639494896,149.6556610985967,2275.2179838310203,236134.6334991455,1577.8529977798462,11,29,True,ok,V0399 named,38.09433303773403,1.0270792712317702
light_V0399_V_8s_2026_05_20-0052_flat_0p3_late_bias_cal.fits,2461181.6988304397,14.06716637313366,141.54566536554807,1962.3376133075735,228602.5525817871,1615.044529914856,11,28,True,ok,V0399 named,38.37033301591873,0.9714207786224955
light_V0399_V_8s_2026_05_20-0053_flat_0p3_late_bias_cal.fits,2461181.6990222223,14.343333318829536,142.61807675775967,2031.8544181608615,229403.2650527954,1608.5146446228027,11,27,True,ok,V0399 named,38.64649996161461,0.9787806840419615
light_V0399_V_8s_2026_05_20-0054_flat_0p3_late_bias_cal.fits,2461181.699213773,14.61916632950306,148.39217223259158,2104.3339623246757,239345.4339542389,1612.9249296188354,11,29,True,ok,V0399 named,38.92233297228813,1.0184080107249522
light_V0399_V_8s_2026_05_20-0055_flat_0p3_late_bias_cal.fits,2461181.699405208,14.89483304321766,141.9895555601745,2032.1744420735904,242748.7881679535,1709.624255180359,11,30,True,ok,V0399 named,39.19799968600273,0.9744671746910243
light_V0399_V_8s_2026_05_20-0056_flat_0p3_late_bias_cal.fits,2461181.699596991,15.170999988913536,146.54085397893067,2125.530946929224,245069.3776512146,1672.3621501922607,11,30,True,ok,V0399 named,39.47416663169861,1.0057025067110719
light_V0399_V_8s_2026_05_20-0057_flat_0p3_late_bias_cal.fits,2461181.699788773,15.44716626405716,146.3302771186052,2094.191432448434,252993.58805847168,1728.9216766357422,11,31,True,ok,V0399 named,39.75033290684223,1.0042573283151885
light_V0399_V_8s_2026_05_20-0058_flat_0p3_late_bias_cal.fits,2461181.6999804396,15.72316624224186,150.01484729821902,2153.814381457875,222733.0709533691,1484.740177154541,11,27,True,ok,V0399 named,40.02633288502693,1.0295443480450124
light_V0399_V_8s_2026_05_20-0059_flat_0p3_late_bias_cal.fits,2461181.7001721063,15.99916622042656,144.92328056911296,2055.3878085607976,240993.7637939453,1662.9057998657229,11,29,True,ok,V0399 named,40.30233286321163,0.9946011817981112
light_V0399_V_8s_2026_05_20-0060_flat_0p3_late_bias_cal.fits,2461181.7003641203,16.275666430592537,149.10085878921305,2159.6266357436466,216444.2181892395,1451.663122177124,11,30,True,ok,V0399 named,40.57883307337761,1.0232716909009194
light_V0399_V_8s_2026_05_20-0061_flat_0p3_late_bias_cal.fits,2461181.70055544,16.551166847348213,141.38404979267193,2011.0671161988932,244067.7834014893,1726.2752323150637,11,29,True,ok,V0399 named,40.854333490133286,0.9703116190785744
light_V0399_V_8s_2026_05_20-0062_flat_0p3_late_bias_cal.fits,2461181.700747222,16.827333122491837,144.4905587297984,2134.257616850422,233304.4708480835,1614.6693105697632,11,30,True,ok,V0399 named,41.13049976527691,0.9916314335900801
light_V0399_V_8s_2026_05_20-0063_flat_0p3_late_bias_cal.fits,2461181.70093831,17.10249960422516,144.05767163587993,2080.9837073329973,232477.3215637207,1613.7795295715332,11,32,True,ok,V0399 named,41.40566624701023,0.9886605512480181
light_V0399_V_8s_2026_05_20-0064_flat_0p3_late_bias_cal.fits,2461181.701130209,17.378833517432213,141.46036009036806,1969.9124895664072,236397.12132263184,1671.11918258667,11,31,True,ok,V0399 named,41.68200083076954,0.970835332811619
light_V0399_V_8s_2026_05_20-0065_flat_0p3_late_bias_cal.fits,2461181.7013217593,17.654666528105736,143.80027074684625,2114.9079029927543,233315.5585899353,1622.4973526000977,11,33,True,ok,V0399 named,41.95783317089081,0.9868940218993626
light_V0399_V_8s_2026_05_20-0066_flat_0p3_late_bias_cal.fits,2461181.701513542,17.930833473801613,146.4425552367012,2168.029479972822,238203.39588165283,1626.5995597839355,11,32,True,ok,V0399 named,42.234000116586685,1.005027887389685
light_V0399_V_8s_2026_05_20-0067_flat_0p3_late_bias_cal.fits,2461181.70170544,18.207166716456413,145.66800829764637,2101.1409134691708,260994.58959960935,1791.708369255066,11,30,True,ok,V0399 named,42.510333359241486,0.9997122107232665
light_V0399_V_8s_2026_05_20-0068_flat_0p3_late_bias_cal.fits,2461181.7018971066,18.483166694641113,142.07813789274255,2053.5485435688156,239436.9409713745,1685.2483043670654,11,32,True,ok,V0399 named,42.786333337426186,0.9750751107818485
light_V0399_V_8s_2026_05_20-0069_flat_0p3_late_bias_cal.fits,2461181.7020890047,18.759499937295914,144.7128682833522,2078.744736347634,205170.08976745603,1417.7736382484436,11,27,True,ok,V0399 named,43.062666580080986,0.9931571328691837
light_V0399_V_8s_2026_05_20-0070_flat_0p3_late_bias_cal.fits,2461181.702280787,19.035666212439537,151.97293011314375,2146.9192865825503,207100.23192977905,1362.744218826294,11,28,True,ok,V0399 named,43.33883285522461,1.0429825718703
light_V0399_V_8s_2026_05_20-0071_flat_0p3_late_bias_cal.fits,2461181.7024725694,19.311833158135418,147.6772178488174,2115.666212059615,238952.70917892456,1618.074288368225,11,31,True,ok,V0399 named,43.61499980092049,1.0135013147666418
light_V0399_V_8s_2026_05_20-0072_flat_0p3_late_bias_cal.fits,2461181.7026641206,19.58766683936119,145.17738552968223,2063.0665951456076,245099.63958740231,1688.276990890503,11,30,True,ok,V0399 named,43.89083348214626,0.9963450913555714
light_V0399_V_8s_2026_05_20-0073_flat_0p3_late_bias_cal.fits,2461181.7028560187,19.86400008201599,146.89547997750282,2104.024981344397,242907.1375751495,1653.605254650116,11,32,True,ok,V0399 named,44.16716672480106,1.0081362870939827
light_V0399_V_8s_2026_05_20-0074_flat_0p3_late_bias_cal.fits,2461181.7030475694,20.13983309268951,149.19095216414985,2174.29975164072,190775.7830810547,1278.7356090545654,11,25,True,ok,V0399 named,44.44299973547459,1.0238899971994826
light_V0399_V_8s_2026_05_20-0075_flat_0p3_late_bias_cal.fits,2461181.7032395834,20.41633330285549,145.3196451497736,2132.1179436192147,254214.4809360504,1749.3469700813291,11,30,True,ok,V0399 named,44.719499945640564,0.9973214119695499
light_V0399_V_8s_2026_05_20-0076_flat_0p3_late_bias_cal.fits,2461181.703431134,20.692166313529015,148.18095015999543,2210.0487642476014,221191.1690196991,1492.7098846435547,11,29,True,ok,V0399 named,44.99533295631409,1.016958404269723
light_V0399_V_8s_2026_05_20-0077_flat_0p3_late_bias_cal.fits,2461181.703622338,20.96749976277351,143.2032717537963,2049.422223540286,250204.75310325623,1747.1999769210815,11,32,True,ok,V0399 named,45.270666405558586,0.9827968478519078
light_V0399_V_8s_2026_05_20-0078_flat_0p3_late_bias_cal.fits,2461181.703814236,21.24383300542831,146.7991181771761,2140.7606448284023,218499.7227783203,1488.4266710281372,11,29,True,ok,V0399 named,45.54699964821339,1.0074749609074047
light_V0399_V_8s_2026_05_20-0079_flat_0p3_late_bias_cal.fits,2461181.7040060186,21.51999995112419,145.9987026152453,2056.8520866158833,268106.16564941406,1836.3599185943604,11,33,True,ok,V0399 named,45.823166593909264,1.001981749183935
light_V0399_V_8s_2026_05_20-0080_flat_0p3_late_bias_cal.fits,2461181.7041976852,21.79599992930889,147.2745252603329,2113.1273188346836,261798.965467453,1777.6255941390991,11,34,True,ok,V0399 named,46.099166572093964,1.0107376557959424
light_V0399_V_8s_2026_05_20-0081_flat_0p3_late_bias_cal.fits,2461181.704389352,22.07199990749359,145.0288203086938,2144.626564230091,249815.5061340332,1722.5231895446775,11,31,True,ok,V0399 named,46.375166550278664,0.9953254957199432
light_V0399_V_8s_2026_05_20-0082_flat_0p3_late_bias_cal.fits,2461181.704580671,22.347499653697017,,,287236.0617656708,1850.076223373413,11,32,False,saturated,V0399 named,46.650666296482086,
light_V0399_V_8s_2026_05_20-0083_flat_0p3_late_bias_cal.fits,2461181.704772338,22.62349963188171,148.54153380817775,2117.0076022143876,227200.09252929688,1529.5391578674316,11,32,True,ok,V0399 named,46.926666274666786,1.019433071702111
light_V0399_V_8s_2026_05_20-0084_flat_0p3_late_bias_cal.fits,2461181.704964236,22.89983287453651,147.81687957423517,2072.7040331462495,219999.396982193,1488.3239154815674,11,30,True,ok,V0399 named,47.20299951732159,1.0144598061602053
light_V0399_V_8s_2026_05_20-0085_flat_0p3_late_bias_cal.fits,2461181.7051554397,23.175166323781013,147.36946826707728,2170.801051675972,244224.54489135745,1657.22620677948,11,32,True,ok,V0399 named,47.478332966566086,1.0113892448735606
light_V0399_V_8s_2026_05_20-0086_flat_0p3_late_bias_cal.fits,2461181.705346875,23.450833037495613,144.85393207039155,2076.840637373265,222623.6554222107,1536.8837575912476,11,30,True,ok,V0399 named,47.753999680280685,0.9941252465411022
light_V0399_V_8s_2026_05_20-0087_flat_0p3_late_bias_cal.fits,2461181.705539352,23.72799977660179,148.42821532563576,2089.220986405075,219467.5806465149,1478.610924243927,11,30,True,ok,V0399 named,48.031166419386864,1.0186553726587741
light_V0399_V_8s_2026_05_20-0088_flat_0p3_late_bias_cal.fits,2461181.7057315973,24.00483325123787,,,286215.9263305664,1816.613437652588,11,33,False,saturated,V0399 named,48.30799989402294,
light_V0399_V_8s_2026_05_20-0089_flat_0p3_late_bias_cal.fits,2461181.705923148,24.280666261911392,150.5139697924534,2234.237107048648,237148.92865753177,1575.594139099121,11,36,True,ok,V0399 named,48.583832904696465,1.0329698006063819
light_V0399_V_8s_2026_05_20-0090_flat_0p3_late_bias_cal.fits,2461181.7061149306,24.55683320760727,149.79594397479906,2146.595768855504,251952.29607009888,1681.9700813293457,11,32,True,ok,V0399 named,48.85999985039234,1.028042025551911
light_V0399_V_8s_2026_05_20-0091_flat_0p3_late_bias_cal.fits,2461181.706306713,24.833000153303143,144.40604766018717,2075.573173494343,247653.96411132812,1714.9833273887634,11,33,True,ok,V0399 named,49.13616679608822,0.9910514383720567
light_V0399_V_8s_2026_05_20-0092_flat_0p3_late_bias_cal.fits,2461181.706498958,25.10983295738697,147.69977553114958,2084.4285956409285,227921.80810546875,1543.1425490379331,11,31,True,ok,V0399 named,49.41299960017204,1.0136561270053526
light_V0399_V_8s_2026_05_20-0093_flat_0p3_late_bias_cal.fits,2461181.7066908563,25.38616620004177,148.33163157522645,2154.3576034486164,260963.2859916687,1759.3232355117798,11,34,True,ok,V0399 named,49.68933284282684,1.0179925232399483
light_V0399_V_8s_2026_05_20-0094_flat_0p3_late_bias_cal.fits,2461181.706882639,25.662333145737648,144.8562825220053,2068.7237228856325,220744.19573020935,1523.884169101715,11,31,True,ok,V0399 named,49.96549978852272,0.9941413775722493
light_V0399_V_8s_2026_05_20-0095_flat_0p3_late_bias_cal.fits,2461181.7070737267,25.93749962747097,142.25647581146754,2038.0732067283368,257497.88716125488,1810.09606552124,11,33,True,ok,V0399 named,50.24066627025604,0.9762990349438379
light_V0399_V_8s_2026_05_20-0096_flat_0p3_late_bias_cal.fits,2461181.7072653933,26.21349960565567,146.01393153445397,2117.383988487407,276574.8903808594,1894.1678199768064,11,31,True,ok,V0399 named,50.51666624844074,1.002086264490123
light_V0399_V_8s_2026_05_20-0097_flat_0p3_late_bias_cal.fits,2461181.707456597,26.48883305490017,145.33040396331532,2048.0955436379545,248023.498046875,1706.6181011199951,11,32,True,ok,V0399 named,50.79199969768524,0.9973952491654878
light_V0399_V_8s_2026_05_20-0098_flat_0p3_late_bias_cal.fits,2461181.7076488426,26.765666529536247,146.85740585747143,2121.2190612701397,238526.73048591617,1624.2063455581665,11,34,True,ok,V0399 named,51.06883317232132,1.0078749863241518
light_V0399_V_8s_2026_05_20-0099_flat_0p3_late_bias_cal.fits,2461181.707839815,27.04066671431065,144.34731013436414,2089.105497933394,275634.7908592224,1909.5249547958376,11,35,True,ok,V0399 named,51.34383335709572,0.9906483256880899
light_V0399_V_8s_2026_05_20-0100_flat_0p3_late_bias_cal.fits,2461181.7080314816,27.316666692495343,146.67974408872618,2111.607638501981,229199.96141815183,1562.587682723999,11,33,True,ok,V0399 named,51.61983333528042,1.0066557025454486
light_V0399_V_8s_2026_05_20-0101_flat_0p3_late_bias_cal.fits,2461181.7082226854,27.592000141739845,144.45619286014883,2081.2445855240076,270164.6859512329,1870.2187881469729,11,34,True,ok,V0399 named,51.89516678452492,0.991395582356015
light_V0399_V_8s_2026_05_20-0102_flat_0p3_late_bias_cal.fits,2461181.7084144675,27.86816641688347,150.35598504221915,2213.109536744122,230227.1424255371,1531.2136883735657,11,32,True,ok,V0399 named,52.17133305966854,1.0318855592155438
light_V0399_V_8s_2026_05_20-0103_flat_0p3_late_bias_cal.fits,2461181.7086069444,28.145333155989647,144.31417694720065,2079.1164815353895,254406.69688415527,1762.8669772148132,11,31,True,ok,V0399 named,52.44849979877472,0.9904209342918965
light_V0399_V_8s_2026_05_20-0104_flat_0p3_late_bias_cal.fits,2461181.708799537,28.42266619205475,150.14608980964115,2293.467121306146,218690.84701919556,1456.5204281806946,11,29,True,ok,V0399 named,52.72583283483982,1.0304450587965908
light_V0399_V_8s_2026_05_20-0105_flat_0p3_late_bias_cal.fits,2461181.7089913194,28.698833137750626,146.77366197593972,2084.4380031443666,219466.10537719727,1495.2689905166626,11,30,True,ok,V0399 named,53.0019997805357,1.007300256279312
light_V0399_V_8s_2026_05_20-0106_flat_0p3_late_bias_cal.fits,2461181.709182986,28.97483311593533,148.29385263653063,2121.8688552298668,262697.68003845215,1771.4670929908752,11,30,True,ok,V0399 named,53.2779997587204,1.0177332482847692
light_V0399_V_8s_2026_05_20-0107_flat_0p3_late_bias_cal.fits,2461181.7093744213,29.250499829649925,142.27906518893704,2040.220262313076,260122.1408996582,1828.253092288971,11,36,True,ok,V0399 named,53.553666472435,0.9764540647046811
light_V0399_V_8s_2026_05_20-0108_flat_0p3_late_bias_cal.fits,2461181.7095659724,29.526333510875705,143.7808688431452,2051.566780939916,265232.46862983704,1844.6993036270144,11,30,True,ok,V0399 named,53.829500153660774,0.9867608676105941
light_V0399_V_8s_2026_05_20-0109_flat_0p3_late_bias_cal.fits,2461181.7097577546,29.802499786019325,146.45746309898192,2130.9511741257465,262552.0541381836,1792.684705734253,11,32,True,ok,V0399 named,54.1056664288044,1.0051301992983326
