sequence,file,jd,diff_flux,target_flux_rate,comparison_ensemble_flux_rate,n_comps,good,reject_reason,check_diff_flux,minutes_combined,diff_flux_norm,check_diff_flux_norm
V_8 generic,light_V_8s_2026_05_20-0001_flat_0p3_late_bias_cal.fits,2461181.672184375,115.9404543027488,188007.7903671265,1621.5892157554626,4,True,ok,170.09982141638636,0.0,0.9733630473263188,0.97944167805172
V_8 generic,light_V_8s_2026_05_20-0002_flat_0p3_late_bias_cal.fits,2461181.672376852,121.17583263624475,169939.37365722656,1402.419690132141,4,True,ok,174.18136235657377,0.2771667391061783,1.0173159871284272,1.002943356502682
V_8 generic,light_V_8s_2026_05_20-0003_flat_0p3_late_bias_cal.fits,2461181.6725682872,116.01758167440926,198252.70974731445,1708.8160853385925,4,True,ok,174.97177847511313,0.5528334528207779,0.9740105601721428,1.007494604605443
V_8 generic,light_V_8s_2026_05_20-0004_flat_0p3_late_bias_cal.fits,2461181.6727600694,118.01104773893313,170249.80078125,1442.6598529815674,4,True,ok,174.93323687462603,0.8289997279644012,0.9907464459764177,1.007272680504985
V_8 generic,light_V_8s_2026_05_20-0005_flat_0p3_late_bias_cal.fits,2461181.6729527777,118.60388701208787,195226.19681549072,1646.0354018211365,4,True,ok,173.41689105913304,1.10649973154068,0.995723551206537,0.9985414997332097
V_8 generic,light_V_8s_2026_05_20-0006_flat_0p3_late_bias_cal.fits,2461181.6731434027,116.7302783131929,188454.54767608643,1614.4444303512573,4,True,ok,171.51075845778314,1.3809996843338013,0.9799939123706275,0.9875659108224775
V_8 generic,light_V_8s_2026_05_20-0007_flat_0p3_late_bias_cal.fits,2461181.6733350693,118.08671571023591,200988.49668884277,1702.041550397873,4,True,ok,166.53665975953106,1.6569996625185013,0.9913817066158142,0.958924848561247
V_8 generic,light_V_8s_2026_05_20-0008_flat_0p3_late_bias_cal.fits,2461181.6735259257,120.80932529473364,156232.16110992432,1293.212760925293,4,True,ok,176.91533666202994,1.931832879781723,1.0142390222765456,1.0186856915574107
V_8 generic,light_V_8s_2026_05_20-0009_flat_0p3_late_bias_cal.fits,2461181.6737177083,119.69159477666648,200525.34380340576,1675.3502547740936,4,True,ok,174.26508038065893,2.2079998254776,1.0048552606749692,1.0034254082844556
V_8 generic,light_V_8s_2026_05_20-0010_flat_0p3_late_bias_cal.fits,2461181.6739096064,117.97615240620341,176289.25703430176,1494.2787456512451,4,True,ok,168.1027694111942,2.4843330681324005,0.9904534867361979,0.9679425715221848
V_8 generic,light_V_8s_2026_05_20-0011_flat_0p3_late_bias_cal.fits,2461181.67410081,119.28216756469875,221924.2614517212,1860.4982285499573,4,True,ok,173.27716254230953,2.7596665173768997,1.0014179676171155,0.9977369372601294
V_8 generic,light_V_8s_2026_05_20-0012_flat_0p3_late_bias_cal.fits,2461181.674292361,117.79789282346215,174590.44567871094,1482.118580341339,4,True,ok,169.64447757707808,3.0354995280504227,0.9889569315284784,0.9768197897372644
V_8 generic,light_V_8s_2026_05_20-0013_flat_0p3_late_bias_cal.fits,2461181.6744832178,118.52425250504652,187004.49365615845,1577.7740817070007,4,True,ok,175.66541381362234,3.310333415865898,0.995054990030783,1.0114885850473294
V_8 generic,light_V_8s_2026_05_20-0014_flat_0p3_late_bias_cal.fits,2461181.674675,117.05105625250124,156422.44482421875,1336.3608140945435,4,True,ok,174.46188878337483,3.5864996910095215,0.9826869619571412,1.0045586390580428
V_8 generic,light_V_8s_2026_05_20-0015_flat_0p3_late_bias_cal.fits,2461181.6748667825,120.36038682178352,170918.1307373047,1420.0530195236206,4,True,ok,176.70043108465563,3.8626666367053986,1.010470017551485,1.0174482565173648
V_8 generic,light_V_8s_2026_05_20-0016_flat_0p3_late_bias_cal.fits,2461181.675058449,119.62846987050602,185470.78840637207,1550.3900418281555,4,True,ok,177.18130735020716,4.138666614890099,1.0043253037122157,1.0202171615787883
V_8 generic,light_V_8s_2026_05_20-0017_flat_0p3_late_bias_cal.fits,2461181.6752502313,120.253450658801,209430.39459228516,1741.574927330017,4,True,ok,171.5591894282655,4.414832890033722,1.0095722488641357,0.9878447783168931
V_8 generic,light_V_8s_2026_05_20-0018_flat_0p3_late_bias_cal.fits,2461181.67544213,118.92487029355858,127894.95864868164,1075.426513671875,4,True,ok,175.1578038424753,4.691166803240776,0.9984183247165432,1.0085657462236541
V_8 generic,light_V_8s_2026_05_20-0019_flat_0p3_late_bias_cal.fits,2461181.6756346063,118.34546213323149,219931.70593070984,1858.3873176574707,4,True,ok,173.71249826739944,4.968332871794701,0.9935539786522347,1.000243618040553
V_8 generic,light_V_8s_2026_05_20-0020_flat_0p3_late_bias_cal.fits,2461181.6758256946,119.05036423935442,196556.83554077148,1651.0393462181091,4,True,ok,174.37813015105164,5.2435000240802765,0.99947189286267,1.0040763534523858
V_8 generic,light_V_8s_2026_05_20-0021_flat_0p3_late_bias_cal.fits,2461181.676017361,121.1719501066232,203771.92554092407,1681.6757125854492,4,True,ok,175.74234722953457,5.5195000022649765,1.0172833918545299,1.011931570779777
V_8 generic,light_V_8s_2026_05_20-0022_flat_0p3_late_bias_cal.fits,2461181.676209028,119.2547391320783,208552.9726257324,1748.8023884296417,4,True,ok,170.40874057797132,5.7954999804496765,1.0011876957683516,0.9812204471267589
V_8 generic,light_V_8s_2026_05_20-0023_flat_0p3_late_bias_cal.fits,2461181.6764001157,117.79591350005212,220583.2804965973,1872.5885639190674,4,True,ok,174.03960643096494,6.070666462182999,0.9889403143754958,1.0021271201274995
V_8 generic,light_V_8s_2026_05_20-0024_flat_0p3_late_bias_cal.fits,2461181.6765917824,123.41626210036964,158948.5138130188,1287.9057517051697,4,True,ok,176.93736500806907,6.346666440367699,1.0361252221244002,1.0188125316682914
V_8 generic,light_V_8s_2026_05_20-0025_flat_0p3_late_bias_cal.fits,2461181.676783449,113.86468178708425,221125.41875839233,1942.0018155574799,4,True,ok,172.68470524685384,6.622666418552399,0.9559361683861389,0.9943255440981422
V_8 generic,light_V_8s_2026_05_20-0026_flat_0p3_late_bias_cal.fits,2461181.676976158,119.15307489120981,227065.96070480347,1905.6659755706785,4,True,ok,172.93173822466662,6.900167092680931,1.0003341868193745,0.9957479700143387
V_8 generic,light_V_8s_2026_05_20-0027_flat_0p3_late_bias_cal.fits,2461181.6771674766,119.47933992458621,197368.7423171997,1651.9068689346313,4,True,ok,175.3190334196579,7.1756661683321,1.0030733025924938,1.009494112675261
V_8 generic,light_V_8s_2026_05_20-0028_flat_0p3_late_bias_cal.fits,2461181.677359375,122.93702335049421,172898.94860839844,1406.4025945663452,4,True,ok,177.15231811864882,7.452000081539154,1.0321018353541749,1.0200502404064642
V_8 generic,light_V_8s_2026_05_20-0029_flat_0p3_late_bias_cal.fits,2461181.677550463,117.35671403805557,224322.55504989624,1911.4590663909912,4,True,ok,174.9253313736978,7.727166563272476,0.9852530722538051,1.0072271603096636
V_8 generic,light_V_8s_2026_05_20-0030_flat_0p3_late_bias_cal.fits,2461181.677741667,118.62686843389055,193333.1411743164,1629.7584495544434,4,True,ok,169.1969961271503,8.002500012516975,0.9959164887527306,0.9742431733800878
V_8 generic,light_V_8s_2026_05_20-0031_flat_0p3_late_bias_cal.fits,2461181.6779328706,118.3849605131994,207404.0467529297,1751.9459047317505,4,True,ok,173.27341515828923,8.277833461761475,0.9938855821785555,0.9977153596707905
V_8 generic,light_V_8s_2026_05_20-0032_flat_0p3_late_bias_cal.fits,2461181.6781244213,117.50145326622858,153637.23175048828,1307.5347366333008,4,True,ok,177.54211607104403,8.553666472434998,0.9864682116721333,1.0222947128428022
V_8 generic,light_V_8s_2026_05_20-0033_flat_0p3_late_bias_cal.fits,2461181.678316204,118.35589999755639,216752.25330352783,1831.3599348068237,4,True,ok,170.8034061852944,8.829833418130875,0.9936416083884468,0.9834929477178064
V_8 generic,light_V_8s_2026_05_20-0034_flat_0p3_late_bias_cal.fits,2461181.6785078705,117.64901483589972,197608.60961914065,1679.645255804062,4,True,ok,173.627879885069,9.105833396315575,0.9877070456924684,0.9997563819594469
V_8 generic,light_V_8s_2026_05_20-0035_flat_0p3_late_bias_cal.fits,2461181.678699537,118.49573594174237,216168.37565612793,1824.271345615387,4,True,ok,173.25283466793823,9.381833374500275,0.994815582921988,0.9975968563717472
V_8 generic,light_V_8s_2026_05_20-0036_flat_0p3_late_bias_cal.fits,2461181.6788909724,118.7307310660291,213440.9463691711,1797.6891446113586,4,True,ok,171.70705415870606,9.657500088214874,0.9967884540104975,0.9886961894383242
V_8 generic,light_V_8s_2026_05_20-0037_flat_0p3_late_bias_cal.fits,2461181.67908206,115.20145619856619,216479.81624603271,1879.1413180828094,4,True,ok,168.95275133664174,9.932666569948196,0.9671588845862173,0.972836801959594
V_8 generic,light_V_8s_2026_05_20-0038_flat_0p3_late_bias_cal.fits,2461181.6792738424,120.5897972206298,178990.2028274536,1484.2897737026215,4,True,ok,175.5539951545921,10.20883284509182,1.0123960028018641,1.0108470318848501
V_8 generic,light_V_8s_2026_05_20-0039_flat_0p3_late_bias_cal.fits,2461181.6794653935,120.52708574893187,227040.60580444336,1883.7309837341309,4,True,ok,,10.484666526317596,1.011869516774521,
V_8 generic,light_V_8s_2026_05_20-0040_flat_0p3_late_bias_cal.fits,2461181.679657176,118.55096946802456,213038.4981994629,1797.0202956199646,4,True,ok,171.0249727936096,10.760833472013474,0.9952792888284374,0.9847687372444589
V_8 generic,light_V_8s_2026_05_20-0041_flat_0p3_late_bias_cal.fits,2461181.679848843,119.66188889110015,198913.84814453125,1662.2990827560425,4,True,ok,174.5606230177201,11.036833450198174,1.0046058687653698,1.0051271547881773
V_8 generic,light_V_8s_2026_05_20-0042_flat_0p3_late_bias_cal.fits,2461181.6800405094,120.10807275965975,196983.48907470703,1640.0520343780518,4,True,ok,169.7514248026638,11.312833428382874,1.0083517475665256,0.9774355962044224
V_8 generic,light_V_8s_2026_05_20-0043_flat_0p3_late_bias_cal.fits,2461181.6802317128,118.2150312538355,192641.7296447754,1629.587435722351,4,True,ok,173.02966061008678,11.588166207075119,0.9924589631203582,0.9963118110854
V_8 generic,light_V_8s_2026_05_20-0044_flat_0p3_late_bias_cal.fits,2461181.6804236113,121.58123712747253,228688.0346069336,1880.9484095573425,4,True,ok,174.28456001783724,11.864500120282173,1.020719507956031,1.003537572826234
V_8 generic,light_V_8s_2026_05_20-0045_flat_0p3_late_bias_cal.fits,2461181.680614699,118.03867831370725,160770.29280090332,1362.013664484024,4,True,ok,172.8997416176125,12.139666602015495,0.9909784148834162,0.9955637322518055
V_8 generic,light_V_8s_2026_05_20-0046_flat_0p3_late_bias_cal.fits,2461181.6808056715,121.01593026257913,210633.095703125,1740.540235042572,4,True,ok,171.45945763373555,12.414666786789894,1.0159735474886837,0.9872705185947125
V_8 generic,light_V_8s_2026_05_20-0047_flat_0p3_late_bias_cal.fits,2461181.6809974536,119.91469130583187,217711.7915153503,1815.5556182861326,4,True,ok,171.27681056458792,12.690833061933517,1.006728238651313,0.9862188293547851
V_8 generic,light_V_8s_2026_05_20-0048_flat_0p3_late_bias_cal.fits,2461181.6811891203,120.71972059276398,143570.20705413818,1189.285448551178,4,True,ok,173.16831648414788,12.966833040118217,1.0134867576223447,0.9971101972379033
V_8 generic,light_V_8s_2026_05_20-0049_flat_0p3_late_bias_cal.fits,2461181.68138044,118.71350722165317,215837.9758834839,1818.1416835784912,4,True,ok,174.48566744079997,13.242333456873894,0.9966438534588674,1.00469555753295
V_8 generic,light_V_8s_2026_05_20-0050_flat_0p3_late_bias_cal.fits,2461181.6815721067,122.58032870172232,233171.63018798828,1902.1945254802706,4,True,ok,175.81247275902123,13.518333435058594,1.029107251691539,1.0123353564257744
V_8 generic,light_V_8s_2026_05_20-0051_flat_0p3_late_bias_cal.fits,2461181.6817636574,118.90144548198292,217706.64297485352,1830.983989238739,4,True,ok,172.8144889677622,13.794166445732117,0.9982216647490154,0.9950728440325679
V_8 generic,light_V_8s_2026_05_20-0052_flat_0p3_late_bias_cal.fits,2461181.681955324,116.38870566876594,205164.5902290344,1762.7534308433533,4,True,ok,176.22313076203073,14.070166423916817,0.9771262835342374,1.0146999418805023
V_8 generic,light_V_8s_2026_05_20-0053_flat_0p3_late_bias_cal.fits,2461181.682147222,120.68158334110888,216429.93557929993,1793.3965530395508,4,True,ok,173.19909205138293,14.346499666571617,1.0131665812722441,0.9972874042035821
V_8 generic,light_V_8s_2026_05_20-0054_flat_0p3_late_bias_cal.fits,2461181.6823388888,119.52797126977404,220528.567987442,1844.9954905509949,4,True,ok,174.39407259228935,14.622499644756317,1.0034815807438282,1.0041681506763223
V_8 generic,light_V_8s_2026_05_20-0055_flat_0p3_late_bias_cal.fits,2461181.682530903,118.44652288919856,177449.37664031982,1498.1391797065735,4,True,ok,174.73997872415944,14.898999854922295,0.9944024211219903,1.0061598922279955
V_8 generic,light_V_8s_2026_05_20-0056_flat_0p3_late_bias_cal.fits,2461181.6827226854,120.26309196531152,245853.3204345703,2044.295688867569,4,True,ok,,15.175166800618172,1.009653191202526,
V_8 generic,light_V_8s_2026_05_20-0057_flat_0p3_late_bias_cal.fits,2461181.682914352,116.91052275274379,197210.2832183838,1686.848014831543,4,True,ok,174.63517334892614,15.451166778802872,0.9815071311862684,1.0055564186221293
V_8 generic,light_V_8s_2026_05_20-0058_flat_0p3_late_bias_cal.fits,2461181.68310625,118.64166716795329,193859.68438339233,1633.9932589530945,4,True,ok,174.74312716907468,15.727500021457672,0.9960407296052485,1.0061780211016496
V_8 generic,light_V_8s_2026_05_20-0059_flat_0p3_late_bias_cal.fits,2461181.683298148,119.11326880676198,232460.90953826904,1951.5954172611237,4,True,ok,171.79493187869755,16.003833264112473,1.0,0.989202192918017
V_8 generic,light_V_8s_2026_05_20-0060_flat_0p3_late_bias_cal.fits,2461181.683489236,120.4355166071331,201666.83404541016,1674.4797525405884,4,True,ok,167.87203156359462,16.278999745845795,1.0111007599205106,0.9666139736273652
V_8 generic,light_V_8s_2026_05_20-0061_flat_0p3_late_bias_cal.fits,2461181.683680787,117.35757965613078,210210.9133338928,1791.2001419067383,4,True,ok,174.74111023654294,16.55483342707157,0.9852603394380901,1.006166407522241
V_8 generic,light_V_8s_2026_05_20-0062_flat_0p3_late_bias_cal.fits,2461181.683872454,118.86972739844148,218861.63068008423,1841.188967704773,4,True,ok,175.91433255753873,16.83083340525627,0.9979553796922861,1.0129218692813158
V_8 generic,light_V_8s_2026_05_20-0063_flat_0p3_late_bias_cal.fits,2461181.6840641205,119.93732873902599,192489.86711883545,1604.9204125404358,4,True,ok,173.24061449925676,17.10683338344097,1.0069182882857566,0.9975264921443201
V_8 generic,light_V_8s_2026_05_20-0064_flat_0p3_late_bias_cal.fits,2461181.684255671,120.91483235347339,217331.67095947263,1797.394634962082,4,True,ok,177.69687634358692,17.382666394114494,1.0151247931045708,1.023185828775629
V_8 generic,light_V_8s_2026_05_20-0065_flat_0p3_late_bias_cal.fits,2461181.684446991,119.89564454415431,211296.21283721924,1762.334350347519,4,True,ok,177.6947264302711,17.65816681087017,1.0065683340338982,1.0231734494874665
V_8 generic,light_V_8s_2026_05_20-0066_flat_0p3_late_bias_cal.fits,2461181.684639352,120.23702666921892,184285.02447509769,1532.6811513900757,4,True,ok,174.25981270466002,17.935166582465172,1.009434363389691,1.0033950767921773
V_8 generic,light_V_8s_2026_05_20-0067_flat_0p3_late_bias_cal.fits,2461181.6848310186,116.66327048657733,227276.5429058075,1948.1413640975952,4,True,ok,169.4766101565938,18.211166560649872,0.9794313568527845,0.975853202314419
V_8 generic,light_V_8s_2026_05_20-0068_flat_0p3_late_bias_cal.fits,2461181.6850228007,118.9224063862296,226374.03174209595,1903.5439882278442,4,True,ok,174.28698872186968,18.487332835793495,0.9983976393021166,1.003551557402662
V_8 generic,light_V_8s_2026_05_20-0069_flat_0p3_late_bias_cal.fits,2461181.685213773,120.17021899589133,224703.19215011597,1869.8742003440857,4,True,ok,168.8416139907237,18.762333020567894,1.0088734882328185,0.9721968686094364
V_8 generic,light_V_8s_2026_05_20-0070_flat_0p3_late_bias_cal.fits,2461181.685405671,119.38096539887964,205259.9503326416,1719.3691611289978,4,True,ok,173.15994174378667,19.038666263222694,1.0022474120205025,0.9970619751428751
V_8 generic,light_V_8s_2026_05_20-0071_flat_0p3_late_bias_cal.fits,2461181.6855980325,118.15203882773397,234139.21131896973,1981.6772832870483,4,True,ok,173.51690635839617,19.31566670536995,0.9919301183767577,0.9991173918871546
V_8 generic,light_V_8s_2026_05_20-0072_flat_0p3_late_bias_cal.fits,2461181.6857905095,120.66253676974657,221500.51607322693,1835.7024641036987,4,True,ok,171.7017388259635,19.592833444476128,1.0130066782525964,0.9886655835365812
V_8 generic,light_V_8s_2026_05_20-0073_flat_0p3_late_bias_cal.fits,2461181.68598206,120.96757053423215,194727.6637039185,1609.750967502594,4,True,ok,174.21981232239258,19.86866645514965,1.0155675496613095,1.0031647529669994
V_8 generic,light_V_8s_2026_05_20-0074_flat_0p3_late_bias_cal.fits,2461181.686173727,120.90867082142249,233022.48516845703,1927.2603328227997,4,True,ok,,20.14466643333435,1.0150730647613508,
V_8 generic,light_V_8s_2026_05_20-0075_flat_0p3_late_bias_cal.fits,2461181.686365625,124.26135738846145,226286.4430541992,1821.052399635315,4,True,ok,173.0773412910195,20.42099967598915,1.0432201100118512,0.9965863583821257
V_8 generic,light_V_8s_2026_05_20-0076_flat_0p3_late_bias_cal.fits,2461181.686557176,118.07780442377472,180922.75484848025,1532.2333924770355,4,True,ok,176.53599563150624,20.696833357214928,0.9913068930660689,1.0165014305017772
V_8 generic,light_V_8s_2026_05_20-0077_flat_0p3_late_bias_cal.fits,2461181.6867488427,118.95592429270945,228740.64950561523,1922.9025444984436,4,True,ok,171.57976930851163,20.972833335399628,0.9986790345388994,0.9879632781029276
V_8 generic,light_V_8s_2026_05_20-0078_flat_0p3_late_bias_cal.fits,2461181.6869399305,120.07936951801514,246467.4213256836,2052.537603378296,4,True,ok,,21.24799981713295,1.0081107732239343,
V_8 generic,light_V_8s_2026_05_20-0079_flat_0p3_late_bias_cal.fits,2461181.6871314817,120.79350238592886,216928.78143310547,1795.8646545410156,4,True,ok,172.38466263630946,21.523833498358727,1.0141061830978102,0.9925978865643977
V_8 generic,light_V_8s_2026_05_20-0080_flat_0p3_late_bias_cal.fits,2461181.687323264,121.10727424656739,233840.31356048584,1930.852750301361,4,True,ok,171.8122028850909,21.79999977350235,1.0167404140594973,0.9893016400740615
V_8 generic,light_V_8s_2026_05_20-0081_flat_0p3_late_bias_cal.fits,2461181.6875149305,120.5932734100499,214302.12406158447,1777.0653204917908,4,True,ok,174.89859392145596,22.07599975168705,1.0124251866993,1.00707320497407
V_8 generic,light_V_8s_2026_05_20-0082_flat_0p3_late_bias_cal.fits,2461181.687706597,119.63393511450916,205812.27138137817,1720.3502600193024,4,True,ok,174.14678141763872,22.35199972987175,1.0043711864594351,1.0027442380522502
V_8 generic,light_V_8s_2026_05_20-0083_flat_0p3_late_bias_cal.fits,2461181.6878975695,118.9623193408778,245616.07037353516,2064.6543521881104,4,True,ok,,22.62699991464615,0.9987327233363978,
V0399 named,light_V0399_V_8s_2026_05_20-0001_flat_0p3_late_bias_cal.fits,2461181.689061574,127.1986663841372,213236.88902664185,1676.4082131385803,4,True,ok,188.24611902612307,24.303166642785072,0.9750842851833061,0.9956242784522665
V0399 named,light_V0399_V_8s_2026_05_20-0002_flat_0p3_late_bias_cal.fits,2461181.689252662,128.72587927026345,212825.65330696103,1653.3245258331299,4,True,ok,187.35188422420416,24.578333124518394,0.9867916507377053,0.990894715452331
V0399 named,light_V0399_V_8s_2026_05_20-0003_flat_0p3_late_bias_cal.fits,2461181.68944375,132.88574396854509,207401.8688964844,1560.7533411979675,4,True,ok,192.26715593096299,24.853499606251717,1.0186804968324712,1.0168913408901148
V0399 named,light_V0399_V_8s_2026_05_20-0004_flat_0p3_late_bias_cal.fits,2461181.6896349536,132.98835514527357,213428.76544189453,1604.8680744171143,4,True,ok,193.58031784229243,25.128833055496216,1.0194670974215838,1.023836588352438
V0399 named,light_V0399_V_8s_2026_05_20-0005_flat_0p3_late_bias_cal.fits,2461181.6898260415,130.55210727969802,194213.26579284668,1487.6302638053894,4,True,ok,190.39495589272775,25.403999537229538,1.0007912175868063,1.0069893688238138
V0399 named,light_V0399_V_8s_2026_05_20-0006_flat_0p3_late_bias_cal.fits,2461181.6900171298,127.99453983696856,216074.8966140747,1688.1571424007416,4,True,ok,188.0693935447545,25.679166689515114,0.9811853216085372,0.9946895862483476
V0399 named,light_V0399_V_8s_2026_05_20-0007_flat_0p3_late_bias_cal.fits,2461181.6902081016,131.36529811109293,215558.9920463562,1640.9127459526062,4,True,ok,192.04332230785067,25.95416620373726,1.0070250062190997,1.0157074960881212
V0399 named,light_V0399_V_8s_2026_05_20-0008_flat_0p3_late_bias_cal.fits,2461181.690400463,130.2287813990315,222153.91143798828,1705.8741474151611,4,True,ok,186.74932494695466,26.231166645884514,0.9983126539808103,0.9877078096678191
V0399 named,light_V0399_V_8s_2026_05_20-0009_flat_0p3_late_bias_cal.fits,2461181.690591667,126.16747587241981,197853.26067352295,1568.1795907020569,4,True,ok,190.2314887535275,26.506500095129013,0.9671793464635151,1.0061247993263978
V0399 named,light_V0399_V_8s_2026_05_20-0010_flat_0p3_late_bias_cal.fits,2461181.690783102,130.11776960307492,226050.49810028076,1737.2761521339417,4,True,ok,183.21847506916728,26.782166808843613,0.9974616556112177,0.9690333218213659
V0399 named,light_V0399_V_8s_2026_05_20-0011_flat_0p3_late_bias_cal.fits,2461181.690974884,128.5694967439517,191763.0636291504,1491.5129053592682,4,True,ok,190.59748356634236,27.058333083987236,0.9855928477296348,1.0080605275279206
V0399 named,light_V0399_V_8s_2026_05_20-0012_flat_0p3_late_bias_cal.fits,2461181.691166551,130.89213359097727,219161.3501586914,1674.3660917282104,4,True,ok,182.49982750385433,27.334333062171936,1.0033978039772324,0.9652324309059102
V0399 named,light_V0399_V_8s_2026_05_20-0013_flat_0p3_late_bias_cal.fits,2461181.691357754,130.14214196617257,197522.26099777225,1517.7425084114075,4,True,ok,185.80519704498292,27.60966584086418,0.9976484901820892,0.9827143645650448
V0399 named,light_V0399_V_8s_2026_05_20-0014_flat_0p3_late_bias_cal.fits,2461181.6915494213,128.19133782980796,221708.6342277527,1729.5133819580078,4,True,ok,190.7249453217722,27.885666489601135,0.9826939430086532,1.008734666357112
V0399 named,light_V0399_V_8s_2026_05_20-0015_flat_0p3_late_bias_cal.fits,2461181.6917408565,131.79629902642418,159362.80712890625,1209.1599559783936,4,True,ok,187.2488874250115,28.161333203315735,1.010328989125414,0.9903499705491713
V0399 named,light_V0399_V_8s_2026_05_20-0016_flat_0p3_late_bias_cal.fits,2461181.691932523,128.60104470685638,221685.6000213623,1723.824254512787,4,True,ok,185.25483352892346,28.437333181500435,0.9858346892813773,0.9798035195425925
V0399 named,light_V0399_V_8s_2026_05_20-0017_flat_0p3_late_bias_cal.fits,2461181.692123727,128.7590991062638,223261.77835083008,1733.9495220184326,4,True,ok,188.2869228611779,28.712666630744934,0.9870463085966366,0.9958400878885765
V0399 named,light_V0399_V_8s_2026_05_20-0018_flat_0p3_late_bias_cal.fits,2461181.6923153936,131.1625042139926,232005.79425048828,1768.8423657417297,4,True,ok,190.41747055643194,28.988666608929634,1.0054704211922691,1.0071084477504926
V0399 named,light_V0399_V_8s_2026_05_20-0019_flat_0p3_late_bias_cal.fits,2461181.6925069443,129.3336341737793,223778.26028060913,1730.2402558326721,4,True,ok,188.24132475103264,29.264499619603157,0.9914506009649956,0.9955989217718616
V0399 named,light_V0399_V_8s_2026_05_20-0020_flat_0p3_late_bias_cal.fits,2461181.692698148,131.06268939152775,234296.61059570312,1787.6682653427124,4,True,ok,186.50492873018692,29.539833068847656,1.0047052570000605,0.9864152103396913
V0399 named,light_V0399_V_8s_2026_05_20-0021_flat_0p3_late_bias_cal.fits,2461181.6928898147,130.8195741458423,228764.4548339844,1748.7020297050476,4,True,ok,186.44223196834818,29.815833047032356,1.0028415750740216,0.9860836103120789
V0399 named,light_V0399_V_8s_2026_05_20-0022_flat_0p3_late_bias_cal.fits,2461181.6930810185,129.2445047890222,220096.73046875,1702.9484605789185,4,True,ok,189.7843012207706,30.091166496276855,0.9907673496000619,1.0037596469028722
V0399 named,light_V0399_V_8s_2026_05_20-0023_flat_0p3_late_bias_cal.fits,2461181.693271991,132.39612849632968,213253.86248779297,1610.7258188724518,4,True,ok,189.20058607459958,30.366166681051254,1.014927184267872,1.0006724067821473
V0399 named,light_V0399_V_8s_2026_05_20-0024_flat_0p3_late_bias_cal.fits,2461181.6934636575,127.56355987738748,200717.47729492188,1573.4703350067139,4,True,ok,191.34205387791138,30.642166659235954,0.9778814993455952,1.0119985225476746
V0399 named,light_V0399_V_8s_2026_05_20-0025_flat_0p3_late_bias_cal.fits,2461181.6936555556,128.43566494613333,232114.9378585815,1807.2467484474182,4,True,ok,188.56181830717108,30.918499901890755,0.9845669149378835,0.9972939961098067
V0399 named,light_V0399_V_8s_2026_05_20-0026_flat_0p3_late_bias_cal.fits,2461181.6938471063,131.39018069043615,215924.53985214233,1643.3841457366943,4,True,ok,190.4182315727816,31.194332912564278,1.0072157520247134,1.0071124727277825
V0399 named,light_V0399_V_8s_2026_05_20-0027_flat_0p3_late_bias_cal.fits,2461181.6940381946,128.1767046316413,224973.28406524655,1755.1807460784912,4,True,ok,189.87984513093764,31.469500064849854,0.9825817672918795,1.0042649738499174
V0399 named,light_V0399_V_8s_2026_05_20-0028_flat_0p3_late_bias_cal.fits,2461181.6942291665,130.84356779176943,222195.4062194824,1698.1759972572327,4,True,ok,192.92038068724494,31.744499579072,1.0030255064606697,1.0203462138511352
V0399 named,light_V0399_V_8s_2026_05_20-0029_flat_0p3_late_bias_cal.fits,2461181.694420139,130.56939289922414,227051.23852348328,1738.9315633773804,4,True,ok,189.22061816450787,32.0194997638464,1.000923726334254,1.0007783555005805
V0399 named,light_V0399_V_8s_2026_05_20-0030_flat_0p3_late_bias_cal.fits,2461181.6946113426,129.42894469320015,241749.15566825867,1867.813696861267,4,True,ok,,32.2948332130909,0.9921812359027807,
V0399 named,light_V0399_V_8s_2026_05_20-0031_flat_0p3_late_bias_cal.fits,2461181.6948032407,130.62628769174196,238632.84550857544,1826.8363108634949,4,True,ok,,32.5711664557457,1.0013598725586599,
V0399 named,light_V0399_V_8s_2026_05_20-0032_flat_0p3_late_bias_cal.fits,2461181.6949944445,130.91614969886524,233578.3048057556,1784.182511806488,4,True,ok,187.69777166987868,32.846499904990196,1.0035819075536183,0.9927240967979172
V0399 named,light_V0399_V_8s_2026_05_20-0033_flat_0p3_late_bias_cal.fits,2461181.695186111,124.00960437197365,205907.8310699463,1660.4184176921844,4,True,ok,188.11221302121547,33.122499883174896,0.9506374545605323,0.9949160563109216
V0399 named,light_V0399_V_8s_2026_05_20-0034_flat_0p3_late_bias_cal.fits,2461181.695378125,127.07579228788335,241943.8330478668,1903.9333038330078,4,True,ok,,33.399000093340874,0.9741423523492668,
V0399 named,light_V0399_V_8s_2026_05_20-0035_flat_0p3_late_bias_cal.fits,2461181.695569792,128.9183325029067,239898.8376083374,1860.8589868545532,4,True,ok,,33.675000071525574,0.9882669659129166,
V0399 named,light_V0399_V_8s_2026_05_20-0036_flat_0p3_late_bias_cal.fits,2461181.695762153,130.96443614960677,250873.67641448975,1915.586275100708,4,True,ok,,33.951999843120575,1.00395206363028,
V0399 named,light_V0399_V_8s_2026_05_20-0037_flat_0p3_late_bias_cal.fits,2461181.6959542823,131.37556698090555,182873.85451507568,1391.9928851127625,4,True,ok,187.87681525259197,34.228666350245476,1.0071037257046536,0.9936710493235397
V0399 named,light_V0399_V_8s_2026_05_20-0038_flat_0p3_late_bias_cal.fits,2461181.69614699,133.72319364191014,239068.60704612732,1787.787148475647,4,True,ok,189.0140644848301,34.5061656832695,1.025100249801139,0.9996859034524068
V0399 named,light_V0399_V_8s_2026_05_20-0039_flat_0p3_late_bias_cal.fits,2461181.696338542,131.0421795065615,238322.09629440308,1818.6670672893524,4,True,ok,,34.78200003504753,1.0045480315582378,
V0399 named,light_V0399_V_8s_2026_05_20-0040_flat_0p3_late_bias_cal.fits,2461181.6965310187,132.357767070729,267027.10497283936,2017.464565038681,4,True,ok,,35.05916677415371,1.0146331118194434,
V0399 named,light_V0399_V_8s_2026_05_20-0041_flat_0p3_late_bias_cal.fits,2461181.696722801,130.69176809196992,253016.7399291992,1935.9806942939758,4,True,ok,,35.33533304929733,1.0018618346551569,
V0399 named,light_V0399_V_8s_2026_05_20-0042_flat_0p3_late_bias_cal.fits,2461181.696914352,130.43097438622408,222051.34427261353,1702.443344593048,4,True,ok,189.132839121736,35.61116673052311,0.9998626325300377,1.0003140965475934
V0399 named,light_V0399_V_8s_2026_05_20-0043_flat_0p3_late_bias_cal.fits,2461181.697106134,129.52598868456576,244107.74700927737,1884.623692035675,4,True,ok,,35.88733300566673,0.9929251593545118,
V0399 named,light_V0399_V_8s_2026_05_20-0044_flat_0p3_late_bias_cal.fits,2461181.6972972224,130.86065651998527,238742.98565673828,1824.4061431884766,4,True,ok,187.55316253689512,36.16250015795231,1.0031565058713607,0.9919592663491982
V0399 named,light_V0399_V_8s_2026_05_20-0045_flat_0p3_late_bias_cal.fits,2461181.6974885417,131.97446245706348,230200.0648803711,1744.2773442268372,4,True,ok,186.30156469728433,36.43799990415573,1.011694761002975,0.9853396281732739
V0399 named,light_V0399_V_8s_2026_05_20-0046_flat_0p3_late_bias_cal.fits,2461181.697679977,131.8054949273265,234916.31085586548,1782.2952752113342,4,True,ok,,36.71366661787033,1.0103994834058403,
V0399 named,light_V0399_V_8s_2026_05_20-0047_flat_0p3_late_bias_cal.fits,2461181.6978716436,130.64487393130696,226104.6503982544,1730.6813776493073,4,True,ok,197.51653395609003,36.98966659605503,1.0015023516477546,1.0446550378822692
V0399 named,light_V0399_V_8s_2026_05_20-0048_flat_0p3_late_bias_cal.fits,2461181.6980633102,130.22906029254284,234272.60078811648,1798.9272153377533,4,True,ok,186.1477537166287,37.26566657423973,0.9983147919331007,0.9845261296139116
V0399 named,light_V0399_V_8s_2026_05_20-0049_flat_0p3_late_bias_cal.fits,2461181.698254977,131.15843804073825,235494.7014465332,1795.4979104995728,4,True,ok,187.2128478142118,37.54166655242443,1.0054392505695429,0.9901593588559062
V0399 named,light_V0399_V_8s_2026_05_20-0050_flat_0p3_late_bias_cal.fits,2461181.698446412,130.20001986913078,204334.7206993103,1569.3908565044403,4,True,ok,185.6229417939925,37.81733326613903,0.9980921727712091,0.9817504256870472
V0399 named,light_V0399_V_8s_2026_05_20-0051_flat_0p3_late_bias_cal.fits,2461181.698638773,130.19652066785247,236134.6334991455,1813.6785244941711,4,True,ok,191.10107615575663,38.09433303773403,0.9980653484634221,1.010724003466035
V0399 named,light_V0399_V_8s_2026_05_20-0052_flat_0p3_late_bias_cal.fits,2461181.6988304397,130.4186271711539,228602.5525817871,1752.836673259735,4,True,ok,189.14845034668429,38.37033301591873,0.9997679807878225,1.0003966635330659
V0399 named,light_V0399_V_8s_2026_05_20-0053_flat_0p3_late_bias_cal.fits,2461181.6990222223,130.57390215478523,229403.2650527954,1756.8845019340515,4,True,ok,193.3105360176873,38.64649996161461,1.000958293553868,1.022409725818158
V0399 named,light_V0399_V_8s_2026_05_20-0054_flat_0p3_late_bias_cal.fits,2461181.699213773,133.3283072070186,239345.4339542389,1795.1584248542786,4,True,ok,,38.92233297228813,1.0220731146271589,
V0399 named,light_V0399_V_8s_2026_05_20-0055_flat_0p3_late_bias_cal.fits,2461181.699405208,131.59748182711823,242748.7881679535,1844.6309518814087,4,True,ok,,39.19799968600273,1.0088048888169883,
V0399 named,light_V0399_V_8s_2026_05_20-0056_flat_0p3_late_bias_cal.fits,2461181.699596991,130.70147705859802,245069.3776512146,1875.0314316749573,4,True,ok,,39.47416663169861,1.0019362620139771,
V0399 named,light_V0399_V_8s_2026_05_20-0057_flat_0p3_late_bias_cal.fits,2461181.699788773,131.13473932391875,252993.58805847168,1929.2644295692444,4,True,ok,,39.75033290684223,1.0052575800614583,
V0399 named,light_V0399_V_8s_2026_05_20-0058_flat_0p3_late_bias_cal.fits,2461181.6999804396,131.30464909490905,222733.0709533691,1696.3075754642487,4,True,ok,188.73772109564672,40.02633288502693,1.006560080726767,0.9982243371322929
V0399 named,light_V0399_V_8s_2026_05_20-0059_flat_0p3_late_bias_cal.fits,2461181.7001721063,132.44454374973228,240993.7637939453,1819.5824227333069,4,True,ok,,40.30233286321163,1.0152983277247811,
V0399 named,light_V0399_V_8s_2026_05_20-0060_flat_0p3_late_bias_cal.fits,2461181.7003641203,129.36659307946084,216444.2181892395,1673.1075081825256,4,True,ok,186.13149628998772,40.57883307337761,0.9917032585745483,0.984440144900109
V0399 named,light_V0399_V_8s_2026_05_20-0061_flat_0p3_late_bias_cal.fits,2461181.70055544,126.74609108186847,244067.7834014893,1925.643476009369,4,True,ok,,40.854333490133286,0.9716149165362199,
V0399 named,light_V0399_V_8s_2026_05_20-0062_flat_0p3_late_bias_cal.fits,2461181.700747222,130.44889382072762,233304.4708480835,1788.4741220474243,4,True,ok,189.37642960894595,41.13049976527691,1.0,1.0016024344125167
V0399 named,light_V0399_V_8s_2026_05_20-0063_flat_0p3_late_bias_cal.fits,2461181.70093831,128.77512564819767,232477.3215637207,1805.2967946529388,4,True,ok,190.77471264224852,41.40566624701023,0.9871691654600754,1.0089978832180815
V0399 named,light_V0399_V_8s_2026_05_20-0064_flat_0p3_late_bias_cal.fits,2461181.701130209,130.8362360761932,236397.12132263184,1806.81689119339,4,True,ok,190.4178165205866,41.68200083076954,1.002969302721707,1.007110277537548
V0399 named,light_V0399_V_8s_2026_05_20-0065_flat_0p3_late_bias_cal.fits,2461181.7013217593,126.4452230653484,233315.5585899353,1845.1907706260681,4,True,ok,,41.95783317089081,0.9693085112635653,
V0399 named,light_V0399_V_8s_2026_05_20-0066_flat_0p3_late_bias_cal.fits,2461181.701513542,128.7954205181032,238203.39588165283,1849.4710054397583,4,True,ok,187.66791311232706,42.234000116586685,0.9873247426314191,0.9925661763851524
V0399 named,light_V0399_V_8s_2026_05_20-0067_flat_0p3_late_bias_cal.fits,2461181.70170544,129.34945778648787,260994.58959960935,2017.7478442192078,4,True,ok,,42.510333359241486,0.9915719022060036,
V0399 named,light_V0399_V_8s_2026_05_20-0068_flat_0p3_late_bias_cal.fits,2461181.7018971066,129.00114243658328,239436.9409713745,1856.0838799476624,4,True,ok,,42.786333337426186,0.9889017733938477,
V0399 named,light_V0399_V_8s_2026_05_20-0069_flat_0p3_late_bias_cal.fits,2461181.7020890047,128.33505046577696,205170.08976745603,1598.7065811157227,4,True,ok,191.51152489102506,43.062666580080986,0.9837956206983582,1.0128948462329797
V0399 named,light_V0399_V_8s_2026_05_20-0070_flat_0p3_late_bias_cal.fits,2461181.702280787,130.26042741573661,207100.23192977905,1589.8936924934387,4,True,ok,189.88110847952012,43.33883285522461,0.9985552471970364,1.0042716556371827
V0399 named,light_V0399_V_8s_2026_05_20-0071_flat_0p3_late_bias_cal.fits,2461181.7024725694,132.67115503542706,238952.70917892456,1801.0901398658752,4,True,ok,,43.61499980092049,1.017035492978219,
V0399 named,light_V0399_V_8s_2026_05_20-0072_flat_0p3_late_bias_cal.fits,2461181.7026641206,131.63323438594185,245099.63958740231,1861.9890389442444,4,True,ok,,43.89083348214626,1.0090789621170866,
V0399 named,light_V0399_V_8s_2026_05_20-0073_flat_0p3_late_bias_cal.fits,2461181.7028560187,129.12939105802792,242907.1375751495,1881.1142497062683,4,True,ok,,44.16716672480106,0.9898849064637294,
V0399 named,light_V0399_V_8s_2026_05_20-0074_flat_0p3_late_bias_cal.fits,2461181.7030475694,131.74626950760003,190775.7830810547,1448.0545353889465,4,True,ok,186.68212553677128,44.44299973547459,1.0099454709723745,0.9873523953590282
V0399 named,light_V0399_V_8s_2026_05_20-0075_flat_0p3_late_bias_cal.fits,2461181.7032395834,130.92968619833326,254214.4809360504,1941.6107096672058,4,True,ok,,44.719499945640564,1.0036856761565673,
V0399 named,light_V0399_V_8s_2026_05_20-0076_flat_0p3_late_bias_cal.fits,2461181.703431134,130.77659429482875,221191.1690196991,1691.3666410446167,4,True,ok,190.2682289499771,44.99533295631409,1.0025120985276539,1.006319116382014
V0399 named,light_V0399_V_8s_2026_05_20-0077_flat_0p3_late_bias_cal.fits,2461181.703622338,127.69222515589539,250204.75310325623,1959.4360799789429,4,True,ok,,45.270666405558586,0.9788678264407467,
V0399 named,light_V0399_V_8s_2026_05_20-0078_flat_0p3_late_bias_cal.fits,2461181.703814236,131.3485350399383,218499.7227783203,1663.5109231472015,4,True,ok,191.69461055548905,45.54699964821339,1.0068965032424655,1.013863177126174
V0399 named,light_V0399_V_8s_2026_05_20-0079_flat_0p3_late_bias_cal.fits,2461181.7040060186,131.3400523235228,268106.16564941406,2041.3130717277527,4,True,ok,,45.823166593909264,1.0068314761183017,
V0399 named,light_V0399_V_8s_2026_05_20-0080_flat_0p3_late_bias_cal.fits,2461181.7041976852,132.31157146795763,261798.965467453,1978.655098438263,4,True,ok,,46.099166572093964,1.014278983843204,
V0399 named,light_V0399_V_8s_2026_05_20-0081_flat_0p3_late_bias_cal.fits,2461181.704389352,131.731253786861,249815.5061340332,1896.4027059078217,4,True,ok,,46.375166550278664,1.0098303628997858,
V0399 named,light_V0399_V_8s_2026_05_20-0082_flat_0p3_late_bias_cal.fits,2461181.704580671,,,,4,False,too_few_or_bad_target,,46.650666296482086,,
V0399 named,light_V0399_V_8s_2026_05_20-0083_flat_0p3_late_bias_cal.fits,2461181.704772338,130.2057083593297,227200.09252929688,1744.931888103485,4,True,ok,,46.926666274666786,0.9981357798117313,
V0399 named,light_V0399_V_8s_2026_05_20-0084_flat_0p3_late_bias_cal.fits,2461181.704964236,129.600703346052,219999.396982193,1697.5169987678528,4,True,ok,186.70913872639133,47.20299951732159,0.993497909795684,0.9874952667635666
V0399 named,light_V0399_V_8s_2026_05_20-0085_flat_0p3_late_bias_cal.fits,2461181.7051554397,127.71747026356701,244224.54489135745,1912.225041627884,4,True,ok,,47.478332966566086,0.9790613513295534,
V0399 named,light_V0399_V_8s_2026_05_20-0086_flat_0p3_late_bias_cal.fits,2461181.705346875,129.30701617257853,222623.6554222107,1721.6672537326813,4,True,ok,190.2843860719114,47.753999680280685,0.991246551697722,1.0064045705892557
V0399 named,light_V0399_V_8s_2026_05_20-0087_flat_0p3_late_bias_cal.fits,2461181.705539352,132.2279820139512,219467.5806465149,1659.7665433883667,4,True,ok,188.54554627665087,48.031166419386864,1.0136382006862283,0.9972079341568195
V0399 named,light_V0399_V_8s_2026_05_20-0088_flat_0p3_late_bias_cal.fits,2461181.7057315973,,,,4,False,too_few_or_bad_target,,48.30799989402294,,
V0399 named,light_V0399_V_8s_2026_05_20-0089_flat_0p3_late_bias_cal.fits,2461181.705923148,129.38764377824873,237148.92865753177,1832.8560729026794,4,True,ok,188.3458307426778,48.583832904696465,0.991864629807154,0.9961516487181803
V0399 named,light_V0399_V_8s_2026_05_20-0090_flat_0p3_late_bias_cal.fits,2461181.7061149306,133.1028700367399,251952.29607009888,1892.9140746593475,4,True,ok,,48.85999985039234,1.0203449499515078,
V0399 named,light_V0399_V_8s_2026_05_20-0091_flat_0p3_late_bias_cal.fits,2461181.706306713,132.8679886285901,247653.96411132812,1863.9099354743958,4,True,ok,,49.13616679608822,1.018544387284625,
V0399 named,light_V0399_V_8s_2026_05_20-0092_flat_0p3_late_bias_cal.fits,2461181.706498958,133.8702979152892,227921.80810546875,1702.5569648742676,4,True,ok,189.2014532679046,49.41299960017204,1.0262279272315142,1.0006769933240272
V0399 named,light_V0399_V_8s_2026_05_20-0093_flat_0p3_late_bias_cal.fits,2461181.7066908563,129.92797221194195,260963.2859916687,2008.5227341651917,4,True,ok,,49.68933284282684,0.9960066996850003,
V0399 named,light_V0399_V_8s_2026_05_20-0094_flat_0p3_late_bias_cal.fits,2461181.706882639,130.69339199825862,220744.19573020935,1689.0233879089355,4,True,ok,187.7690122663901,49.96549978852272,1.0018742832566063,0.9931008847384343
V0399 named,light_V0399_V_8s_2026_05_20-0095_flat_0p3_late_bias_cal.fits,2461181.7070737267,129.6855459977732,257497.88716125488,1985.5557932853699,4,True,ok,,50.24066627025604,0.9941482997624843,
V0399 named,light_V0399_V_8s_2026_05_20-0096_flat_0p3_late_bias_cal.fits,2461181.7072653933,130.68101600645133,276574.8903808594,2116.412152528763,4,True,ok,,50.51666624844074,1.0017794109166054,
V0399 named,light_V0399_V_8s_2026_05_20-0097_flat_0p3_late_bias_cal.fits,2461181.707456597,129.99142748901258,248023.498046875,1907.9988799095154,4,True,ok,,50.79199969768524,0.9964931375167986,
V0399 named,light_V0399_V_8s_2026_05_20-0098_flat_0p3_late_bias_cal.fits,2461181.7076488426,132.33842442967997,238526.73048591617,1802.3996546268463,4,True,ok,,51.06883317232132,1.014484834279615,
V0399 named,light_V0399_V_8s_2026_05_20-0099_flat_0p3_late_bias_cal.fits,2461181.707839815,130.85180727747604,275634.7908592224,2106.465295314789,4,True,ok,,51.34383335709572,1.0030886690177852,
V0399 named,light_V0399_V_8s_2026_05_20-0100_flat_0p3_late_bias_cal.fits,2461181.7080314816,129.354507884672,229199.96141815183,1771.8745574951172,4,True,ok,188.19994368660412,51.61983333528042,0.9916106154371871,0.9953800593983563
V0399 named,light_V0399_V_8s_2026_05_20-0101_flat_0p3_late_bias_cal.fits,2461181.7082226854,130.22048976354534,270164.6859512329,2074.671093940735,4,True,ok,,51.89516678452492,0.9982490916519678,
V0399 named,light_V0399_V_8s_2026_05_20-0102_flat_0p3_late_bias_cal.fits,2461181.7084144675,132.35453617470102,230227.1424255371,1739.4730024337769,4,True,ok,191.62811676685345,52.17133305966854,1.0146083442960603,1.0135114948143453
V0399 named,light_V0399_V_8s_2026_05_20-0103_flat_0p3_late_bias_cal.fits,2461181.7086069444,126.88870216817627,254406.69688415527,2004.9594056606293,4,True,ok,,52.44849979877472,0.9727081499254104,
V0399 named,light_V0399_V_8s_2026_05_20-0104_flat_0p3_late_bias_cal.fits,2461181.708799537,127.29406052100754,218690.84701919556,1717.9972586631775,4,True,ok,190.6193805553635,52.72583283483982,0.9758155611188571,1.008176339604192
V0399 named,light_V0399_V_8s_2026_05_20-0105_flat_0p3_late_bias_cal.fits,2461181.7089913194,134.02716525354109,219466.10537719727,1637.4747982025146,4,True,ok,193.36753326324813,53.0019997805357,1.0274304467290538,1.0227111813901444
V0399 named,light_V0399_V_8s_2026_05_20-0106_flat_0p3_late_bias_cal.fits,2461181.709182986,129.604828885906,262697.68003845215,2026.9127492904663,4,True,ok,,53.2779997587204,0.993529535513106,
V0399 named,light_V0399_V_8s_2026_05_20-0107_flat_0p3_late_bias_cal.fits,2461181.7093744213,129.65473913531943,260122.1408996582,2006.267897605896,4,True,ok,,53.553666472435,0.9939121393662442,
V0399 named,light_V0399_V_8s_2026_05_20-0108_flat_0p3_late_bias_cal.fits,2461181.7095659724,129.42925106591989,265232.46862983704,2049.246723175049,4,True,ok,,53.829500153660774,0.9921835845062128,
V0399 named,light_V0399_V_8s_2026_05_20-0109_flat_0p3_late_bias_cal.fits,2461181.7097577546,129.86476491988645,262552.0541381836,2021.734334945679,4,True,ok,,54.1056664288044,0.9955221628659886,
