file,jd,exptime,diff_flux,diff_flux_err,target_flux_rate,comparison_ensemble_flux_rate,n_comparisons,registered,frame_artifact,good,reject_reason,minutes,diff_flux_norm
light_AMCVn_V_45s_2026_05_20-0001_flat_4s_masked_clipmean_cal.fits,2461181.7278106483,45.0,0.9844402401445997,0.009032526326338343,406.28358289930554,0.9110851697630897,6,True,False,True,ok,0.0,0.9789508084073819
light_AMCVn_V_45s_2026_05_20-0002_flat_4s_masked_clipmean_cal.fits,2461181.7284305557,45.0,1.0023885956293406,0.009294661438762569,407.6250701904297,0.8977260570930976,6,True,False,True,ok,0.8926666527986526,0.9967990803439184
light_AMCVn_V_45s_2026_05_20-0003_flat_4s_masked_clipmean_cal.fits,2461181.729050347,45.0,1.0239079407720801,0.009184687813267459,424.60666707356773,0.9154717756319044,6,True,False,True,ok,1.7851663380861282,1.018198429400178
light_AMCVn_V_45s_2026_05_20-0004_flat_4s_masked_clipmean_cal.fits,2461181.729670602,45.0,1.002335681692307,0.009022694360613604,418.8803500705295,0.9225626291017177,6,True,False,True,ok,2.6783332228660583,0.9967464614653693
light_AMCVn_V_45s_2026_05_20-0005_flat_4s_masked_clipmean_cal.fits,2461181.7302908567,45.0,1.0219207029012385,0.008947695946823809,443.04114312065974,0.9570748915280551,6,True,False,True,ok,3.5715001076459885,1.0162222727572188
light_AMCVn_V_45s_2026_05_20-0006_flat_4s_masked_clipmean_cal.fits,2461181.730911111,45.0,1.0191510121170375,0.009069233684123646,427.50913764105906,0.9260318479720698,6,True,False,True,ok,4.464666321873665,1.013468026311712
light_AMCVn_V_45s_2026_05_20-0007_flat_4s_masked_clipmean_cal.fits,2461181.731531597,45.0,1.0102944426867129,0.009454847227618463,403.00632731119794,0.8806086803442084,6,True,False,True,ok,5.358166471123695,1.0046608428484893
light_AMCVn_V_45s_2026_05_20-0008_flat_4s_masked_clipmean_cal.fits,2461181.732152315,45.0,0.9979829889132444,0.00907742283043266,418.8277604844835,0.9264700456819783,6,True,False,True,ok,6.251999884843826,0.9924180401544054
light_AMCVn_V_45s_2026_05_20-0009_flat_4s_masked_clipmean_cal.fits,2461181.732770949,45.0,0.9823593416578916,0.009104517737273684,403.4709415011936,0.9066944216046301,6,True,False,True,ok,7.1428332477808,0.9768815134185085
light_AMCVn_V_45s_2026_05_20-0010_flat_4s_masked_clipmean_cal.fits,2461181.733390972,45.0,0.9822917595311284,0.008800399447792222,412.306490749783,0.9266137329551398,6,True,False,True,ok,8.035666197538376,0.9768143081429306
light_AMCVn_V_45s_2026_05_20-0011_flat_4s_masked_clipmean_cal.fits,2461181.734009838,45.0,0.9847627357910236,0.008653597655776751,428.9929158528646,0.961695482056552,6,True,False,True,ok,8.926833495497704,0.9792715057548695
light_AMCVn_V_45s_2026_05_20-0012_flat_4s_masked_clipmean_cal.fits,2461181.7346302085,45.0,1.0146521423087411,0.009272784605359043,418.57328525119357,0.9106959212773561,6,True,False,True,ok,9.820166677236557,1.0089942430832812
light_AMCVn_V_45s_2026_05_20-0013_flat_4s_masked_clipmean_cal.fits,2461181.73525,45.0,0.9795467014239494,0.00894883636208775,413.2357896592882,0.9313048033774276,6,True,False,True,ok,10.712666362524033,0.9740845570178107
light_AMCVn_V_45s_2026_05_20-0014_flat_4s_masked_clipmean_cal.fits,2461181.7358685187,45.0,0.9977818276150453,0.008670983555086881,434.3223605685764,0.9609386477671508,6,True,False,True,ok,11.603333428502083,0.9922180005710343
light_AMCVn_V_45s_2026_05_20-0015_flat_4s_masked_clipmean_cal.fits,2461181.73648831,45.0,1.0122760049055186,0.008829060065158325,439.18688625759546,0.9577882017052028,6,True,False,True,ok,12.495833113789558,1.0066313554879611
light_AMCVn_V_45s_2026_05_20-0016_flat_4s_masked_clipmean_cal.fits,2461181.7371069444,45.0,1.0194530600226184,0.008817984533089927,444.1858039008247,0.9618702711946623,6,True,False,True,ok,13.386666476726532,1.0137683899389676
light_AMCVn_V_45s_2026_05_20-0017_flat_4s_masked_clipmean_cal.fits,2461181.737727546,45.0,1.014504246875454,0.00862407775354003,447.69239298502606,0.974192781174627,6,True,False,True,ok,14.280332922935486,1.0088471723439187
light_AMCVn_V_45s_2026_05_20-0018_flat_4s_masked_clipmean_cal.fits,2461181.7383474535,45.0,1.0225077049109128,0.00877183953776949,441.2225708007812,0.9525991571378887,6,True,False,True,ok,15.172999575734138,1.01680600152863
light_AMCVn_V_45s_2026_05_20-0019_flat_4s_masked_clipmean_cal.fits,2461181.7389679397,45.0,0.9963787414657778,0.00863249324993184,445.8729336208767,0.9878834689725963,6,True,False,True,ok,16.06649972498417,0.9908227383051511
light_AMCVn_V_45s_2026_05_20-0020_flat_4s_masked_clipmean_cal.fits,2461181.7395881945,45.0,1.003214718260839,0.008992018061681286,428.8813490125868,0.9437616518859291,6,True,False,True,ok,16.9596666097641,0.997620596353697
light_AMCVn_V_45s_2026_05_20-0021_flat_4s_masked_clipmean_cal.fits,2461181.7402072917,45.0,0.9839588141469746,0.008566925964864658,443.2602973090278,0.9944912684573421,5,True,False,True,ok,17.851166501641273,0.9784720669354828
light_AMCVn_V_45s_2026_05_20-0022_flat_4s_masked_clipmean_cal.fits,2461181.7408261574,45.0,0.9907947497136669,0.008618239660296251,435.8359137641059,0.971087533842208,6,True,False,True,ok,18.742333129048347,0.9852698839855571
light_AMCVn_V_45s_2026_05_20-0023_flat_4s_masked_clipmean_cal.fits,2461181.741446412,45.0,1.0116893131934896,0.008598695746734771,459.4104281955295,1.0024731468634693,5,True,False,True,ok,19.635500013828278,1.0060479352839147
light_AMCVn_V_45s_2026_05_20-0024_flat_4s_masked_clipmean_cal.fits,2461181.742066088,45.0,0.9973227896333138,0.008692484838412695,434.913336859809,0.9626890766541978,6,True,False,True,ok,20.52783340215683,0.991761522275064
light_AMCVn_V_45s_2026_05_20-0025_flat_4s_masked_clipmean_cal.fits,2461181.7426853008,45.0,1.0078586615475769,0.008853698195941086,433.7788065592448,0.950140342646606,6,True,False,True,ok,21.419499590992928,1.0022386441024178
light_AMCVn_V_45s_2026_05_20-0026_flat_4s_masked_clipmean_cal.fits,2461181.743304051,45.0,1.0203074854604697,0.008693948547017922,448.3278299967448,0.970026697198022,6,True,False,True,ok,22.310499921441078,1.014618050933103
light_AMCVn_V_45s_2026_05_20-0027_flat_4s_masked_clipmean_cal.fits,2461181.7439229167,45.0,1.0364687002918718,0.008367746256814173,480.9275906032986,1.0243362988837026,5,True,False,True,ok,23.201666548848152,1.030689147662878
light_AMCVn_V_45s_2026_05_20-0028_flat_4s_masked_clipmean_cal.fits,2461181.7445425927,45.0,1.0096195196081117,0.008314963496624257,473.02009955512153,1.0342866476578054,5,True,False,True,ok,24.093999937176704,1.0039896832732649
light_AMCVn_V_45s_2026_05_20-0029_flat_4s_masked_clipmean_cal.fits,2461181.745163426,45.0,1.0006340064383161,0.008401105103840466,458.2277825249566,1.0109396265900792,5,True,False,True,ok,24.98799964785576,0.9950542750861366
light_AMCVn_V_40s_2026_05_20-0001_flat_4s_masked_clipmean_cal.fits,2461181.746172338,40.0,1.0026700739674643,0.008909028339303285,462.8890571594238,1.0191495626185858,6,True,False,True,ok,26.440832912921906,0.9970789891036568
light_AMCVn_V_40s_2026_05_20-0002_flat_4s_masked_clipmean_cal.fits,2461181.746734722,40.0,0.99765692966929,0.008769452345329503,458.02547721862794,1.0135086831146758,6,True,False,True,ok,27.250666245818138,0.9920937990807055
light_AMCVn_V_40s_2026_05_20-0003_flat_4s_masked_clipmean_cal.fits,2461181.7472962965,40.0,1.0121880736767521,0.009159673750612857,450.800057220459,0.983199860094775,6,True,False,True,ok,28.059333488345146,1.0065439145809614
light_AMCVn_V_40s_2026_05_20-0004_flat_4s_masked_clipmean_cal.fits,2461181.747858681,40.0,1.0090096214050046,0.009171442059842326,444.06095428466796,0.9715526525671387,6,True,False,True,ok,28.86916682124138,1.0033831859820832
light_AMCVn_V_40s_2026_05_20-0005_flat_4s_masked_clipmean_cal.fits,2461181.7484207177,40.0,1.0130714048665588,0.008955250858014201,463.4918571472168,1.0099993935429068,6,True,False,True,ok,29.678499922156334,1.0074223201429138
light_AMCVn_V_40s_2026_05_20-0006_flat_4s_masked_clipmean_cal.fits,2461181.7489822917,40.0,1.0112064408929666,0.008916735323156426,469.00880279541013,1.0239063308382346,6,True,False,True,ok,30.48716649413109,1.0055677555739861
light_AMCVn_V_40s_2026_05_20-0007_flat_4s_masked_clipmean_cal.fits,2461181.749544213,40.0,1.0078046011008341,0.008844095912468649,472.811287689209,1.035691854884718,6,True,False,True,ok,31.29633329808712,1.0021848851073225
light_AMCVn_V_40s_2026_05_20-0008_flat_4s_masked_clipmean_cal.fits,2461181.7501061345,40.0,0.9970604034724896,0.009114530360261046,442.26207733154297,0.979213277436592,6,True,False,True,ok,32.10550010204315,0.9915005992309024
light_AMCVn_V_40s_2026_05_20-0009_flat_4s_masked_clipmean_cal.fits,2461181.7506672456,40.0,0.9869289617152238,0.008674411608556221,462.20617828369143,1.0338770956230467,6,True,False,True,ok,32.913500145077705,0.9814256523787188
light_AMCVn_V_40s_2026_05_20-0010_flat_4s_masked_clipmean_cal.fits,2461181.751229051,40.0,0.9848835303890591,0.008719225239298868,463.7431980133057,1.039469471614496,6,True,False,True,ok,33.72249998152256,0.9793916267785496
light_AMCVn_V_40s_2026_05_20-0011_flat_4s_masked_clipmean_cal.fits,2461181.751791088,40.0,0.9913285939525543,0.008577973862143054,471.19648971557615,1.0493091855537506,5,True,False,True,ok,34.531833082437515,0.9858007514043309
light_AMCVn_V_40s_2026_05_20-0012_flat_4s_masked_clipmean_cal.fits,2461181.7523532407,40.0,0.9916037923175534,0.008514628623228345,474.63056640625,1.0566632078711287,6,True,False,True,ok,35.34133315086365,0.9860744152093055
light_AMCVn_V_40s_2026_05_20-0013_flat_4s_masked_clipmean_cal.fits,2461181.752915162,40.0,0.9777463273745757,0.008904718692110535,439.7126049041748,0.9928000342587828,6,True,False,True,ok,36.15049995481968,0.972294222207024
light_AMCVn_V_40s_2026_05_20-0014_flat_4s_masked_clipmean_cal.fits,2461181.7534769676,40.0,1.005075318365086,0.00891036613374071,466.2334045410156,1.024056314287991,6,True,False,True,ok,36.959499791264534,0.9994708213870701
light_AMCVn_V_40s_2026_05_20-0015_flat_4s_masked_clipmean_cal.fits,2461181.754038889,40.0,0.9972831950584645,0.009002604918041569,442.10876235961916,0.9786551435163047,6,True,False,True,ok,37.768666595220566,0.991722148487325
light_AMCVn_V_40s_2026_05_20-0016_flat_4s_masked_clipmean_cal.fits,2461181.7546011573,40.0,1.0124144635558017,0.009066048065088435,453.78263626098635,0.9894835859290676,6,True,False,True,ok,38.57833296060562,1.0067690420656712
light_AMCVn_V_40s_2026_05_20-0017_flat_4s_masked_clipmean_cal.fits,2461181.75516331,40.0,1.0189739255424535,0.009043292977737682,467.67892532348634,1.0132200855955755,6,True,False,True,ok,39.38783302903175,1.0132919272065783
light_AMCVn_V_40s_2026_05_20-0018_flat_4s_masked_clipmean_cal.fits,2461181.755726273,40.0,1.022817149521758,0.009277259305644998,455.70861740112304,0.9835768566445322,6,True,False,True,ok,40.198499858379364,1.0171137206156715
light_AMCVn_V_40s_2026_05_20-0019_flat_4s_masked_clipmean_cal.fits,2461181.7562893517,40.0,0.996818581896968,0.008991542489812028,442.4876087188721,0.9799502986796764,6,True,False,True,ok,41.0093329846859,0.9912601260998849
light_AMCVn_V_40s_2026_05_20-0020_flat_4s_masked_clipmean_cal.fits,2461181.7568516205,40.0,1.0064311661062253,0.009393640373288515,421.80637435913087,0.925226627146762,6,True,False,True,ok,41.81900002062321,1.0008191086554479
light_AMCVn_V_40s_2026_05_20-0021_flat_4s_masked_clipmean_cal.fits,2461181.7574131945,40.0,1.0175743998821536,0.008864286797241386,465.72886962890624,1.0103830426054392,6,True,False,True,ok,42.62766659259796,1.0119002055756785
light_AMCVn_V_40s_2026_05_20-0022_flat_4s_masked_clipmean_cal.fits,2461181.757975,40.0,0.9834118361310076,0.009016232658219797,439.0831748962402,0.9856674754678316,6,True,False,True,ok,43.436666429042816,0.977928138976145
light_AMCVn_V_40s_2026_05_20-0023_flat_4s_masked_clipmean_cal.fits,2461181.7585376156,40.0,1.0214856332834006,0.008950782088465841,473.20891189575195,1.022679884238759,6,True,False,True,ok,44.24683302640915,1.015789629172847
light_AMCVn_V_40s_2026_05_20-0024_flat_4s_masked_clipmean_cal.fits,2461181.7590993056,40.0,1.0109404669113051,0.008735395683022246,469.01825828552245,1.0241963640593732,6,True,False,True,ok,45.05566656589508,1.0053032647153795
light_AMCVn_V_40s_2026_05_20-0025_flat_4s_masked_clipmean_cal.fits,2461181.7596614584,40.0,0.9880904082060981,0.008705796573815825,461.19687538146974,1.0304068431132056,6,True,False,True,ok,45.86516663432121,0.9825806224163072
light_AMCVn_V_40s_2026_05_20-0026_flat_4s_masked_clipmean_cal.fits,2461181.7602230324,40.0,0.9911268200319236,0.017260147796169065,461.7225143432617,1.028420878805143,6,True,False,True,ok,46.67383320629597,0.9856001026146308
light_AMCVn_V_40s_2026_05_20-0027_flat_4s_masked_clipmean_cal.fits,2461181.7607847224,40.0,1.0243185377659245,0.008915717384897265,468.9540824890137,1.0106815783032828,6,True,False,True,ok,47.4826667457819,1.0186067368247045
light_AMCVn_V_40s_2026_05_20-0028_flat_4s_masked_clipmean_cal.fits,2461181.7613462964,40.0,1.0113050139521893,0.008746542476617243,474.39560775756837,1.035565468921327,6,True,False,True,ok,48.29133331775665,1.0056657789705095
light_AMCVn_V_40s_2026_05_20-0029_flat_4s_masked_clipmean_cal.fits,2461181.7619086807,40.0,1.0180229730581907,0.008952445401087797,468.05290908813475,1.0149775392550435,6,True,False,True,ok,49.101166650652885,1.012346277419762
light_AMCVn_V_40s_2026_05_20-0030_flat_4s_masked_clipmean_cal.fits,2461181.762470602,40.0,0.9868690634667328,0.008887717046491281,444.9338161468506,0.9953021474438873,6,True,False,True,ok,49.91033345460892,0.9813660881346019
light_AMCVn_V_40s_2026_05_20-0031_flat_4s_masked_clipmean_cal.fits,2461181.763032176,40.0,0.9952427674623102,0.008763938662666266,451.6784595489502,1.0018885442792826,6,True,False,True,ok,50.71900002658367,0.9896930987153869
light_AMCVn_V_40s_2026_05_20-0032_flat_4s_masked_clipmean_cal.fits,2461181.763594792,40.0,1.002407121468991,0.009305430977260358,435.230224609375,0.958504078994902,6,True,False,True,ok,51.52916729450226,0.9968175028798556
light_AMCVn_V_40s_2026_05_20-0033_flat_4s_masked_clipmean_cal.fits,2461181.764156713,40.0,0.986251237811676,0.008711831590230586,456.7872947692871,1.0224580908862984,6,True,False,True,ok,52.338333427906036,0.9807517075964965
light_AMCVn_V_40s_2026_05_20-0034_flat_4s_masked_clipmean_cal.fits,2461181.76471875,40.0,1.001968479066969,0.008953698620886573,456.868701171875,1.0065988013044578,6,True,False,True,ok,53.14766652882099,0.9963813064338448
light_AMCVn_V_40s_2026_05_20-0035_flat_4s_masked_clipmean_cal.fits,2461181.765280209,40.0,0.9872280752825021,0.00951125560929673,411.05688095092773,0.9191861806690207,6,True,False,True,ok,53.956167474389076,0.9817230980301173
light_AMCVn_V_40s_2026_05_20-0036_flat_4s_masked_clipmean_cal.fits,2461181.765842593,40.0,1.0365119701505885,0.009329985631552375,451.5150375366211,0.9616498283352195,6,True,False,True,ok,54.766000136733055,1.0307321762403812
light_AMCVn_V_40s_2026_05_20-0037_flat_4s_masked_clipmean_cal.fits,2461181.766404861,40.0,1.01817079397893,0.009178983963514664,451.4655559539795,0.9788655585562892,6,True,False,True,ok,55.57566650211811,1.0124932740620731
light_AMCVn_V_40s_2026_05_20-0038_flat_4s_masked_clipmean_cal.fits,2461181.766967014,40.0,1.0114303540907696,0.009064577930047793,450.6479827880859,0.9836045061446294,6,True,False,True,ok,56.38516657054424,1.0057904201879095
light_AMCVn_V_40s_2026_05_20-0039_flat_4s_masked_clipmean_cal.fits,2461181.767529398,40.0,1.0231302665616113,0.009265881985535827,443.8703277587891,0.9577325393756968,6,True,False,True,ok,57.194999903440475,1.0174250916535372
light_AMCVn_V_40s_2026_05_20-0040_flat_4s_masked_clipmean_cal.fits,2461181.7680917825,40.0,1.0461680820673407,0.009835373782396222,420.48671875,0.8872987680871334,6,True,False,True,ok,58.00483323633671,1.0403344437844102
light_AMCVn_V_40s_2026_05_20-0041_flat_4s_masked_clipmean_cal.fits,2461181.7686533565,40.0,1.0377138950288716,0.009023321817129663,467.4902183532715,0.9945209992505936,6,True,False,True,ok,58.81349980831146,1.031927398949956
light_AMCVn_V_40s_2026_05_20-0042_flat_4s_masked_clipmean_cal.fits,2461181.769216551,40.0,1.0157658276735677,0.008972669454502608,460.7078323364258,1.0012696651003692,6,True,False,True,ok,59.62449990212917,1.0101017183202223
light_AMCVn_V_40s_2026_05_20-0043_flat_4s_masked_clipmean_cal.fits,2461181.769778588,40.0,1.0251596101415084,0.008880723229028583,475.99565200805665,1.025015799998105,6,True,False,True,ok,60.43383300304413,1.019443119215865
light_AMCVn_V_40s_2026_05_20-0044_flat_4s_masked_clipmean_cal.fits,2461181.7703421297,40.0,1.0148269828872527,0.008873204698973874,468.45182647705076,1.0190417843448798,6,True,False,True,ok,61.24533332884312,1.0091681087164568
light_AMCVn_V_40s_2026_05_20-0045_flat_4s_masked_clipmean_cal.fits,2461181.770904398,40.0,1.008873998947451,0.008888425137946084,465.403882598877,1.0183853287148938,6,True,False,True,ok,62.05499969422817,1.003248319781936
light_AMCVn_V_40s_2026_05_20-0046_flat_4s_masked_clipmean_cal.fits,2461181.7714658566,40.0,1.0133617954820868,0.008785166680809187,471.3172889709473,1.0267575507567757,6,True,False,True,ok,62.863499969244,1.0077110914834506
light_AMCVn_V_40s_2026_05_20-0047_flat_4s_masked_clipmean_cal.fits,2461181.772028241,40.0,1.020019640695365,0.008845483786611572,463.85166931152344,1.003898143319271,6,True,False,True,ok,63.673333302140236,1.0143318112468287
light_AMCVn_V_40s_2026_05_20-0048_flat_4s_masked_clipmean_cal.fits,2461181.7725899303,40.0,0.9907284416881189,0.008968312350365727,450.9652839660645,1.0048645864893833,6,True,False,True,ok,64.48216617107391,0.9852039457065566
light_AMCVn_V_40s_2026_05_20-0049_flat_4s_masked_clipmean_cal.fits,2461181.7731516203,40.0,1.0145996483372415,0.00926115831913685,434.1199897766113,0.9445699782837952,6,True,False,True,ok,65.29099971055984,1.0089420418284558
light_AMCVn_V_40s_2026_05_20-0050_flat_4s_masked_clipmean_cal.fits,2461181.7737135417,40.0,1.021404034659935,0.00948737125867728,437.4134460449219,0.9453956974147469,6,True,False,True,ok,66.10016651451588,1.0157084855592997
light_AMCVn_V_40s_2026_05_20-0051_flat_4s_masked_clipmean_cal.fits,2461181.77427581,40.0,1.0055229123853457,0.00933902404761297,427.1280967712402,0.9377460227302985,6,True,False,True,ok,66.90983287990093,0.9999159195353409
light_AMCVn_V_40s_2026_05_20-0052_flat_4s_masked_clipmean_cal.fits,2461181.7748372685,40.0,0.9830434433830202,0.009479211245311684,406.8432136535645,0.9136364689129988,6,True,False,True,ok,67.71833315491676,0.9775618004583283
light_AMCVn_V_40s_2026_05_20-0053_flat_4s_masked_clipmean_cal.fits,2461181.7753997687,40.0,0.9881139424638108,0.008920651667813136,445.2737907409668,0.9948077660854533,6,True,False,True,ok,68.52833345532417,0.9826040254423859
light_AMCVn_V_40s_2026_05_20-0054_flat_4s_masked_clipmean_cal.fits,2461181.7759625,40.0,1.0056920162710765,0.00891571084028809,453.2437339782715,0.9949147458713139,6,True,False,True,ok,69.33866634964943,1.0000840804646591
light_AMCVn_V_40s_2026_05_20-0055_flat_4s_masked_clipmean_cal.fits,2461181.7765243053,40.0,0.9398520794998783,0.008893290552148759,416.6103706359863,0.9785648938620402,6,True,False,True,ok,70.14766618609428,0.934611280086052
light_AMCVn_V_40s_2026_05_20-0056_flat_4s_masked_clipmean_cal.fits,2461181.777086458,40.0,1.003483675328126,0.009091083474614485,451.56658668518065,0.9934146237009605,6,True,False,True,ok,70.95716625452042,0.997888053663659
light_AMCVn_V_40s_2026_05_20-0057_flat_4s_masked_clipmean_cal.fits,2461181.777648727,40.0,1.0026658772381887,0.008963278125080082,448.6358039855957,0.9877721023884807,6,True,False,True,ok,71.76683329045773,0.9970748157761662
light_AMCVn_V_40s_2026_05_20-0058_flat_4s_masked_clipmean_cal.fits,2461181.778210417,40.0,0.9917999037270743,0.008760394337198493,451.83633651733396,1.0057178387311827,6,True,False,True,ok,72.57566682994366,0.9862694330631675
light_AMCVn_V_40s_2026_05_20-0059_flat_4s_masked_clipmean_cal.fits,2461181.7787725693,40.0,1.0053568768803218,0.008775511454771923,469.2653034210205,1.0304270548028205,6,True,False,True,ok,73.38516622781754,0.9997508098768373
light_AMCVn_V_40s_2026_05_20-0060_flat_4s_masked_clipmean_cal.fits,2461181.779333565,40.0,1.0098236954199487,0.008663300685439218,481.5115600585938,1.052640856246801,5,True,False,True,ok,74.19299997389317,1.004192720560755
light_AMCVn_V_40s_2026_05_20-0061_flat_4s_masked_clipmean_cal.fits,2461181.779895023,40.0,1.000754114374435,0.008720408366619222,472.5149429321289,1.0423347683523634,6,True,False,True,ok,75.00149957835674,0.9951737132768615
light_AMCVn_V_40s_2026_05_20-0062_flat_4s_masked_clipmean_cal.fits,2461181.7804569444,40.0,1.0119139131885466,0.008710739065428344,479.73305740356443,1.0465865278758555,6,True,False,True,ok,75.81066638231277,1.0062712828653757
light_AMCVn_V_40s_2026_05_20-0063_flat_4s_masked_clipmean_cal.fits,2461181.781018403,40.0,0.9957036139097049,0.008768159420645542,460.76168899536134,1.021563434623794,6,True,False,True,ok,76.6191666573286,0.9901513753926613
light_AMCVn_V_40s_2026_05_20-0064_flat_4s_masked_clipmean_cal.fits,2461181.7815800924,40.0,1.0132913971343325,0.008611410115233068,488.4775390625,1.0642148258859467,5,True,False,True,ok,77.42799952626228,1.0076410856906821
light_AMCVn_V_40s_2026_05_20-0065_flat_4s_masked_clipmean_cal.fits,2461181.7821424766,40.0,0.9949325967031752,0.008585553010318917,478.407177734375,1.0615075527511746,5,True,False,True,ok,78.23783285915852,0.9893846575292009
light_AMCVn_V_35s_2026_05_20-0001_flat_4s_masked_clipmean_cal.fits,2461181.7833690974,35.0,1.018182253876613,0.009222061038987994,488.2379608154297,1.0585834042416828,6,True,False,True,ok,80.00416673719883,1.0125046700571205
light_AMCVn_V_35s_2026_05_20-0002_flat_4s_masked_clipmean_cal.fits,2461181.7838724535,35.0,1.0130167014295621,0.009279930463432005,475.7064605712891,1.0366723266886035,6,True,False,True,ok,80.72899952530861,1.007367921743004
light_AMCVn_V_35s_2026_05_20-0003_flat_4s_masked_clipmean_cal.fits,2461181.784376273,35.0,1.0221581158463693,0.00941305974237595,474.7760057721819,1.0253915698991487,6,True,False,True,ok,81.45449951291084,1.0164583618412326
light_AMCVn_V_35s_2026_05_20-0004_flat_4s_masked_clipmean_cal.fits,2461181.7848802083,35.0,1.0206030534693518,0.009225445796258011,486.7974155970982,1.0529565778438545,6,True,False,True,ok,82.18016646802425,1.0149119707968342
light_AMCVn_V_35s_2026_05_20-0005_flat_4s_masked_clipmean_cal.fits,2461181.785383102,35.0,1.0224029077255816,0.009666583557816792,468.2232881818499,1.0109973006040918,6,True,False,True,ok,82.90433339774609,1.0167017887129453
light_AMCVn_V_35s_2026_05_20-0006_flat_4s_masked_clipmean_cal.fits,2461181.785886574,35.0,0.9794960539493213,0.00930924763272211,458.4757912772042,1.0333151085127419,6,True,False,True,ok,83.62933315336704,0.9740341919634284
light_AMCVn_V_35s_2026_05_20-0007_flat_4s_masked_clipmean_cal.fits,2461181.7863908564,35.0,0.9825128226382009,0.009441209937311993,457.34607674734934,1.0276040147448744,6,True,False,True,ok,84.35549966990948,0.9770341385587881
light_AMCVn_V_35s_2026_05_20-0008_flat_4s_masked_clipmean_cal.fits,2461181.7868951387,35.0,0.9532404988600635,0.009200820871818427,443.4692356654576,1.0270227726067491,6,True,False,True,ok,85.08166618645191,0.9479250429956474
light_AMCVn_V_35s_2026_05_20-0009_flat_4s_masked_clipmean_cal.fits,2461181.7873987267,35.0,0.9661404257392908,0.009329771001040252,443.9720319475446,1.0144588133126007,6,True,False,True,ok,85.80683290958405,0.9607530373541072
light_AMCVn_V_35s_2026_05_20-0010_flat_4s_masked_clipmean_cal.fits,2461181.7879017363,35.0,0.9915789954973142,0.009466497900850059,455.388531930106,1.0138502962266682,6,True,False,True,ok,86.53116680681705,0.9860497566609964
light_AMCVn_V_35s_2026_05_20-0011_flat_4s_masked_clipmean_cal.fits,2461181.78840625,35.0,1.0133428960796684,0.010161375698029372,432.1224600655692,0.9413897687944757,6,True,False,True,ok,87.25766658782959,1.0076922974678046
light_AMCVn_V_35s_2026_05_20-0012_flat_4s_masked_clipmean_cal.fits,2461181.788910301,35.0,0.9650293619211724,0.009147511790235246,450.7798130580357,1.0312002109145644,6,True,False,True,ok,87.98349983990192,0.959648169045616
light_AMCVn_V_35s_2026_05_20-0013_flat_4s_masked_clipmean_cal.fits,2461181.7894148147,35.0,0.9821364621828665,0.009713116299448009,425.62242998395647,0.9566910996245556,6,True,False,True,ok,88.70999962091446,0.9766598767631223
light_AMCVn_V_35s_2026_05_20-0014_flat_4s_masked_clipmean_cal.fits,2461181.789919329,35.0,0.9865867470658091,0.009280265089440888,458.57488316127234,1.0261103028817566,6,True,False,True,ok,89.43650007247925,0.981085345985266
light_AMCVn_V_35s_2026_05_20-0015_flat_4s_masked_clipmean_cal.fits,2461181.7904230324,35.0,0.9996446165836774,0.009584926506786396,452.72025277273997,0.9997774875459391,6,True,False,True,ok,90.1618330925703,0.9940704022632557
light_AMCVn_V_35s_2026_05_20-0016_flat_4s_masked_clipmean_cal.fits,2461181.7909267363,35.0,1.00887787233533,0.00967033925904419,447.67705688476565,0.9795921637350169,6,True,False,True,ok,90.88716678321362,1.003252171571045
light_AMCVn_V_35s_2026_05_20-0017_flat_4s_masked_clipmean_cal.fits,2461181.7914305557,35.0,0.9907071089951134,0.009824484605604034,431.37191489083426,0.9612263074798388,6,True,False,True,ok,91.61266677081585,0.9851827319688286
light_AMCVn_V_35s_2026_05_20-0018_flat_4s_masked_clipmean_cal.fits,2461181.7919336804,35.0,1.00914938837648,0.009489311646158582,454.6415579659598,0.994563991398425,6,True,False,True,ok,92.33716629445553,1.0035221735855302
light_AMCVn_V_35s_2026_05_20-0019_flat_4s_masked_clipmean_cal.fits,2461181.7924377313,35.0,1.0142984439004747,0.009564738582125542,465.6016775948661,1.0133695226814794,6,True,False,True,ok,93.06299954652786,1.008642516966667
light_AMCVn_V_35s_2026_05_20-0020_flat_4s_masked_clipmean_cal.fits,2461181.7929409724,35.0,1.031159651968194,0.009494055913921254,477.79534018380303,1.0229044313424385,6,True,False,True,ok,93.78766670823097,1.025409703633269
light_AMCVn_V_35s_2026_05_20-0021_flat_4s_masked_clipmean_cal.fits,2461181.7934445604,35.0,1.0100331182602615,0.009427972778441386,459.2846915108817,1.0038421272094757,6,True,False,True,ok,94.5128334313631,1.0044009756182617
light_AMCVn_V_35s_2026_05_20-0022_flat_4s_masked_clipmean_cal.fits,2461181.7939491896,35.0,1.0051986516736424,0.009310934790683845,473.012553187779,1.0388188715702995,6,True,False,True,ok,95.23949950933456,0.9995934669649237
light_AMCVn_V_35s_2026_05_20-0023_flat_4s_masked_clipmean_cal.fits,2461181.794453125,35.0,0.9838288078041932,0.009309086503020059,456.84283447265625,1.025100260149397,6,True,False,True,ok,95.96516646444798,0.9783427855335511
light_AMCVn_V_35s_2026_05_20-0024_flat_4s_masked_clipmean_cal.fits,2461181.794956597,35.0,0.9933473910733444,0.00909648651136463,482.65259966169083,1.0726364616535997,6,True,False,True,ok,96.69016622006893,0.9878082913166749
light_AMCVn_V_35s_2026_05_20-0025_flat_4s_masked_clipmean_cal.fits,2461181.7954596067,35.0,1.0049265659794289,0.009036990091789534,490.9049091884068,1.0784055376927304,6,True,False,True,ok,97.41450011730194,0.9993228984738721
light_AMCVn_V_35s_2026_05_20-0026_flat_4s_masked_clipmean_cal.fits,2461181.795962963,35.0,1.0047417703247892,0.009320005507767789,478.47400730678015,1.0512910178419164,6,True,False,True,ok,98.13933290541172,0.9991391332760241
light_AMCVn_V_35s_2026_05_20-0027_flat_4s_masked_clipmean_cal.fits,2461181.7964675925,35.0,1.0010925176727983,0.009501823205603176,464.3540043422154,1.0239860520177715,6,True,False,True,ok,98.86599965393543,0.9955102295721034
light_AMCVn_V_35s_2026_05_20-0028_flat_4s_masked_clipmean_cal.fits,2461181.7969717593,35.0,1.0359775041561023,0.009652997680861766,471.3901057652065,1.00449828384287,6,True,False,True,ok,99.59199987351894,1.0302006905330399
light_AMCVn_V_35s_2026_05_20-0029_flat_4s_masked_clipmean_cal.fits,2461181.797475,35.0,1.0263406892019924,0.010302501332880435,427.0263698032924,0.9185064472272866,6,True,False,True,ok,100.3166663646698,1.0206176123480069
light_AMCVn_V_35s_2026_05_20-0030_flat_4s_masked_clipmean_cal.fits,2461181.797979514,35.0,1.016632470797226,0.010318612349186173,418.1111166817801,0.9079183616559585,6,True,False,True,ok,101.04316681623459,1.010963528871954
light_AMCVn_V_35s_2026_05_20-0031_flat_4s_masked_clipmean_cal.fits,2461181.7984827547,35.0,1.0121161466126476,0.00985958141648516,446.32051914760046,0.9734991163058555,6,True,False,True,ok,101.76783330738544,1.0064723885962645
light_AMCVn_V_35s_2026_05_20-0032_flat_4s_masked_clipmean_cal.fits,2461181.798986227,35.0,1.0044121801111543,0.010158270167839318,420.58526742117743,0.9244025751568806,6,True,False,True,ok,102.4928330630064,0.9988113809220227
light_AMCVn_V_35s_2026_05_20-0033_flat_4s_masked_clipmean_cal.fits,2461181.7994899307,35.0,1.0111405042757737,0.010523231314158188,401.6485406058175,0.876907424231453,6,True,False,True,ok,103.21816675364971,1.0055021866322948
light_AMCVn_V_35s_2026_05_20-0034_flat_4s_masked_clipmean_cal.fits,2461181.799993403,35.0,0.9875817128730433,0.009428536433584184,451.44237060546874,1.0091328404970854,6,True,False,True,ok,103.94316650927067,0.9820747636681378
light_AMCVn_V_35s_2026_05_20-0035_flat_4s_masked_clipmean_cal.fits,2461181.800497338,35.0,1.0129471914915595,0.009461755649545515,470.79114815848214,1.0260311484872446,6,True,False,True,ok,104.66883346438408,1.0072987994060403
light_AMCVn_V_35s_2026_05_20-0036_flat_4s_masked_clipmean_cal.fits,2461181.8010010417,35.0,0.9830097073851013,0.009500578951637879,449.44363773890905,1.009337692655297,6,True,False,True,ok,105.39416648447514,0.9775282525789463
light_AMCVn_V_35s_2026_05_20-0037_flat_4s_masked_clipmean_cal.fits,2461181.801504745,35.0,0.9965496009933266,0.009200613610910461,473.0857177734375,1.0479968539864923,6,True,False,True,ok,106.11949950456619,0.9909926450864845
light_AMCVn_V_35s_2026_05_20-0038_flat_4s_masked_clipmean_cal.fits,2461181.8020092594,35.0,1.0105721987437348,0.009636596606253225,455.7166194370815,0.9955121893716119,6,True,False,True,ok,106.84599995613098,1.004937050083295
light_AMCVn_V_35s_2026_05_20-0039_flat_4s_masked_clipmean_cal.fits,2461181.8025134257,35.0,1.009575740132313,0.009632809173344864,462.3144709995815,1.0109219885389022,6,True,False,True,ok,107.57199950516224,1.0039461479204044
light_AMCVn_V_35s_2026_05_20-0040_flat_4s_masked_clipmean_cal.fits,2461181.8030171297,35.0,0.9985391699206336,0.009253327889792247,466.1507965087891,1.0305768588452893,6,True,False,True,ok,108.29733319580555,0.9929711197874814
light_AMCVn_V_35s_2026_05_20-0041_flat_4s_masked_clipmean_cal.fits,2461181.803522338,35.0,0.983968230903715,0.009609610014109442,434.0252380371094,0.9737623272798217,6,True,False,True,ok,109.02483344078064,0.9784814311825419
light_AMCVn_V_35s_2026_05_20-0042_flat_4s_masked_clipmean_cal.fits,2461181.804026852,35.0,1.0115328179348286,0.009927552483103144,432.220847429548,0.9432890530240906,6,True,False,True,ok,109.75133322179317,1.0058923126734902
light_AMCVn_V_35s_2026_05_20-0043_flat_4s_masked_clipmean_cal.fits,2461181.804530324,35.0,1.012519736094205,0.009416392570597027,471.7025889805385,1.0284515192609434,6,True,False,True,ok,110.47633297741413,1.0068737275837663
light_AMCVn_V_35s_2026_05_20-0044_flat_4s_masked_clipmean_cal.fits,2461181.805033912,35.0,1.035142732984161,0.009843447807788966,462.0690035138811,0.9854297285989527,6,True,False,True,ok,111.20149970054626,1.029370574208775
light_AMCVn_V_35s_2026_05_20-0045_flat_4s_masked_clipmean_cal.fits,2461181.805538426,35.0,,,22.727611432756696,,0,True,True,False,frame_artifact,111.92800015211105,
light_AMCVn_V_35s_2026_05_20-0046_flat_4s_masked_clipmean_cal.fits,2461181.8060420137,35.0,,,2.3054003034319197,,0,False,True,False,frame_artifact,112.65316620469093,
