file,jd,minutes,HD_103187_norm_diff_flux,ensemble
light_V0399_V_8s_2026_05_20-0001_flat_0p3_late_bias_cal.fits,2461181.689061574,0.0,1.0301344583055119,balanced_without_HD
light_V0399_V_8s_2026_05_20-0002_flat_0p3_late_bias_cal.fits,2461181.689252662,0.2751664817333221,0.9656680210520154,balanced_without_HD
light_V0399_V_8s_2026_05_20-0003_flat_0p3_late_bias_cal.fits,2461181.68944375,0.5503329634666443,1.0218810347115483,balanced_without_HD
light_V0399_V_8s_2026_05_20-0004_flat_0p3_late_bias_cal.fits,2461181.6896349536,0.8256664127111435,0.9568911981028899,balanced_without_HD
light_V0399_V_8s_2026_05_20-0005_flat_0p3_late_bias_cal.fits,2461181.6898260415,1.1008328944444656,0.9871940935536532,balanced_without_HD
light_V0399_V_8s_2026_05_20-0006_flat_0p3_late_bias_cal.fits,2461181.6900171298,1.3760000467300415,0.9687003456473225,balanced_without_HD
light_V0399_V_8s_2026_05_20-0007_flat_0p3_late_bias_cal.fits,2461181.6902081016,1.6509995609521866,1.0025162933850935,balanced_without_HD
light_V0399_V_8s_2026_05_20-0008_flat_0p3_late_bias_cal.fits,2461181.690400463,1.9280000030994415,1.0126856675170248,balanced_without_HD
light_V0399_V_8s_2026_05_20-0009_flat_0p3_late_bias_cal.fits,2461181.690591667,2.2033334523439407,0.9728167848263637,balanced_without_HD
light_V0399_V_8s_2026_05_20-0010_flat_0p3_late_bias_cal.fits,2461181.690783102,2.4790001660585403,0.9933818686051662,balanced_without_HD
light_V0399_V_8s_2026_05_20-0011_flat_0p3_late_bias_cal.fits,2461181.690974884,2.7551664412021637,1.0195063834092302,balanced_without_HD
light_V0399_V_8s_2026_05_20-0012_flat_0p3_late_bias_cal.fits,2461181.691166551,3.0311664193868637,0.9883576679455526,balanced_without_HD
light_V0399_V_8s_2026_05_20-0013_flat_0p3_late_bias_cal.fits,2461181.691357754,3.306499868631363,0.9667471291177855,balanced_without_HD
light_V0399_V_8s_2026_05_20-0014_flat_0p3_late_bias_cal.fits,2461181.6915494213,3.582499846816063,0.9554707170823709,balanced_without_HD
light_V0399_V_8s_2026_05_20-0015_flat_0p3_late_bias_cal.fits,2461181.6917408565,3.8581665605306625,1.040270820694387,balanced_without_HD
light_V0399_V_8s_2026_05_20-0016_flat_0p3_late_bias_cal.fits,2461181.691932523,4.1341665387153625,0.9570787972301565,balanced_without_HD
light_V0399_V_8s_2026_05_20-0017_flat_0p3_late_bias_cal.fits,2461181.692123727,4.409499987959862,1.0128114660777845,balanced_without_HD
light_V0399_V_8s_2026_05_20-0018_flat_0p3_late_bias_cal.fits,2461181.6923153936,4.685499966144562,0.9985474190233888,balanced_without_HD
light_V0399_V_8s_2026_05_20-0019_flat_0p3_late_bias_cal.fits,2461181.6925069443,4.961332976818085,1.0027749762178626,balanced_without_HD
light_V0399_V_8s_2026_05_20-0020_flat_0p3_late_bias_cal.fits,2461181.692698148,5.236666426062584,1.0272460136148747,balanced_without_HD
light_V0399_V_8s_2026_05_20-0021_flat_0p3_late_bias_cal.fits,2461181.6928898147,5.512666404247284,0.98545041723704,balanced_without_HD
light_V0399_V_8s_2026_05_20-0022_flat_0p3_late_bias_cal.fits,2461181.6930810185,5.787999853491783,0.9992959511363577,balanced_without_HD
light_V0399_V_8s_2026_05_20-0023_flat_0p3_late_bias_cal.fits,2461181.693271991,6.063000038266182,0.9761270558263841,balanced_without_HD
light_V0399_V_8s_2026_05_20-0024_flat_0p3_late_bias_cal.fits,2461181.6934636575,6.339000016450882,0.9750657325810841,balanced_without_HD
light_V0399_V_8s_2026_05_20-0025_flat_0p3_late_bias_cal.fits,2461181.6936555556,6.615333259105682,0.955290883370417,balanced_without_HD
light_V0399_V_8s_2026_05_20-0026_flat_0p3_late_bias_cal.fits,2461181.6938471063,6.891166269779205,0.9796128701475809,balanced_without_HD
light_V0399_V_8s_2026_05_20-0027_flat_0p3_late_bias_cal.fits,2461181.6940381946,7.166333422064781,0.9857596434532817,balanced_without_HD
light_V0399_V_8s_2026_05_20-0028_flat_0p3_late_bias_cal.fits,2461181.6942291665,7.441332936286926,0.9899573865408867,balanced_without_HD
light_V0399_V_8s_2026_05_20-0029_flat_0p3_late_bias_cal.fits,2461181.694420139,7.716333121061325,1.0232664264383535,balanced_without_HD
light_V0399_V_8s_2026_05_20-0030_flat_0p3_late_bias_cal.fits,2461181.6946113426,7.991666570305824,0.992377829142748,balanced_without_HD
light_V0399_V_8s_2026_05_20-0031_flat_0p3_late_bias_cal.fits,2461181.6948032407,8.267999812960625,0.9872134951243884,balanced_without_HD
light_V0399_V_8s_2026_05_20-0032_flat_0p3_late_bias_cal.fits,2461181.6949944445,8.543333262205124,1.0069921422355592,balanced_without_HD
light_V0399_V_8s_2026_05_20-0033_flat_0p3_late_bias_cal.fits,2461181.695186111,8.819333240389824,0.9678455534077576,balanced_without_HD
light_V0399_V_8s_2026_05_20-0034_flat_0p3_late_bias_cal.fits,2461181.695378125,9.0958334505558,0.9813691779890215,balanced_without_HD
light_V0399_V_8s_2026_05_20-0035_flat_0p3_late_bias_cal.fits,2461181.695569792,9.3718334287405,1.0139166142779859,balanced_without_HD
light_V0399_V_8s_2026_05_20-0036_flat_0p3_late_bias_cal.fits,2461181.695762153,9.648833200335504,1.0298646657129429,balanced_without_HD
light_V0399_V_8s_2026_05_20-0037_flat_0p3_late_bias_cal.fits,2461181.6959542823,9.925499707460403,0.9895824035739419,balanced_without_HD
light_V0399_V_8s_2026_05_20-0038_flat_0p3_late_bias_cal.fits,2461181.69614699,10.202999711036682,1.028362080085682,balanced_without_HD
light_V0399_V_8s_2026_05_20-0039_flat_0p3_late_bias_cal.fits,2461181.696338542,10.47883339226246,0.9877805603629871,balanced_without_HD
light_V0399_V_8s_2026_05_20-0040_flat_0p3_late_bias_cal.fits,2461181.6965310187,10.756000131368635,0.9982517223136472,balanced_without_HD
light_V0399_V_8s_2026_05_20-0041_flat_0p3_late_bias_cal.fits,2461181.696722801,11.03216640651226,0.965635446532973,balanced_without_HD
light_V0399_V_8s_2026_05_20-0042_flat_0p3_late_bias_cal.fits,2461181.696914352,11.308000087738035,0.9814714035872042,balanced_without_HD
light_V0399_V_8s_2026_05_20-0043_flat_0p3_late_bias_cal.fits,2461181.697106134,11.58416636288166,0.9789868316700492,balanced_without_HD
light_V0399_V_8s_2026_05_20-0044_flat_0p3_late_bias_cal.fits,2461181.6972972224,11.859333515167236,0.9733217591888512,balanced_without_HD
light_V0399_V_8s_2026_05_20-0045_flat_0p3_late_bias_cal.fits,2461181.6974885417,12.13483326137066,0.993313028002502,balanced_without_HD
light_V0399_V_8s_2026_05_20-0046_flat_0p3_late_bias_cal.fits,2461181.697679977,12.410499975085258,0.9808190741392901,balanced_without_HD
light_V0399_V_8s_2026_05_20-0047_flat_0p3_late_bias_cal.fits,2461181.6978716436,12.686499953269958,1.0185644123858484,balanced_without_HD
light_V0399_V_8s_2026_05_20-0048_flat_0p3_late_bias_cal.fits,2461181.6980633102,12.96249993145466,1.0371901975028235,balanced_without_HD
light_V0399_V_8s_2026_05_20-0049_flat_0p3_late_bias_cal.fits,2461181.698254977,13.23849990963936,0.9587151884071009,balanced_without_HD
light_V0399_V_8s_2026_05_20-0050_flat_0p3_late_bias_cal.fits,2461181.698446412,13.514166623353958,1.0285195623116448,balanced_without_HD
light_V0399_V_8s_2026_05_20-0051_flat_0p3_late_bias_cal.fits,2461181.698638773,13.79116639494896,0.9903725179521614,balanced_without_HD
light_V0399_V_8s_2026_05_20-0052_flat_0p3_late_bias_cal.fits,2461181.6988304397,14.06716637313366,1.021918379726795,balanced_without_HD
light_V0399_V_8s_2026_05_20-0053_flat_0p3_late_bias_cal.fits,2461181.6990222223,14.343333318829536,0.9906431039384577,balanced_without_HD
light_V0399_V_8s_2026_05_20-0054_flat_0p3_late_bias_cal.fits,2461181.699213773,14.61916632950306,0.989267425162526,balanced_without_HD
light_V0399_V_8s_2026_05_20-0055_flat_0p3_late_bias_cal.fits,2461181.699405208,14.89483304321766,1.0233379806947318,balanced_without_HD
light_V0399_V_8s_2026_05_20-0056_flat_0p3_late_bias_cal.fits,2461181.699596991,15.170999988913536,0.9780990522896589,balanced_without_HD
light_V0399_V_8s_2026_05_20-0057_flat_0p3_late_bias_cal.fits,2461181.699788773,15.44716626405716,0.9650483370406259,balanced_without_HD
light_V0399_V_8s_2026_05_20-0058_flat_0p3_late_bias_cal.fits,2461181.6999804396,15.72316624224186,0.9905307804786444,balanced_without_HD
light_V0399_V_8s_2026_05_20-0059_flat_0p3_late_bias_cal.fits,2461181.7001721063,15.99916622042656,1.0033482544838705,balanced_without_HD
light_V0399_V_8s_2026_05_20-0060_flat_0p3_late_bias_cal.fits,2461181.7003641203,16.275666430592537,0.953035653551576,balanced_without_HD
light_V0399_V_8s_2026_05_20-0061_flat_0p3_late_bias_cal.fits,2461181.70055544,16.551166847348213,1.0002733122446956,balanced_without_HD
light_V0399_V_8s_2026_05_20-0062_flat_0p3_late_bias_cal.fits,2461181.700747222,16.827333122491837,0.9983233021432141,balanced_without_HD
light_V0399_V_8s_2026_05_20-0063_flat_0p3_late_bias_cal.fits,2461181.70093831,17.10249960422516,0.9947120934955639,balanced_without_HD
light_V0399_V_8s_2026_05_20-0064_flat_0p3_late_bias_cal.fits,2461181.701130209,17.378833517432213,0.9664652253257526,balanced_without_HD
light_V0399_V_8s_2026_05_20-0065_flat_0p3_late_bias_cal.fits,2461181.7013217593,17.654666528105736,0.9851266665027824,balanced_without_HD
light_V0399_V_8s_2026_05_20-0066_flat_0p3_late_bias_cal.fits,2461181.701513542,17.930833473801613,0.9968329296217129,balanced_without_HD
light_V0399_V_8s_2026_05_20-0067_flat_0p3_late_bias_cal.fits,2461181.70170544,18.207166716456413,0.9635226598733807,balanced_without_HD
light_V0399_V_8s_2026_05_20-0068_flat_0p3_late_bias_cal.fits,2461181.7018971066,18.483166694641113,1.0085230456686383,balanced_without_HD
light_V0399_V_8s_2026_05_20-0069_flat_0p3_late_bias_cal.fits,2461181.7020890047,18.759499937295914,0.983336307484508,balanced_without_HD
light_V0399_V_8s_2026_05_20-0070_flat_0p3_late_bias_cal.fits,2461181.702280787,19.035666212439537,0.9608504783568239,balanced_without_HD
light_V0399_V_8s_2026_05_20-0071_flat_0p3_late_bias_cal.fits,2461181.7024725694,19.311833158135418,0.9908626101892347,balanced_without_HD
light_V0399_V_8s_2026_05_20-0072_flat_0p3_late_bias_cal.fits,2461181.7026641206,19.58766683936119,0.995853368859931,balanced_without_HD
light_V0399_V_8s_2026_05_20-0073_flat_0p3_late_bias_cal.fits,2461181.7028560187,19.86400008201599,0.9627315541742945,balanced_without_HD
light_V0399_V_8s_2026_05_20-0074_flat_0p3_late_bias_cal.fits,2461181.7030475694,20.13983309268951,1.0015502317284721,balanced_without_HD
light_V0399_V_8s_2026_05_20-0075_flat_0p3_late_bias_cal.fits,2461181.7032395834,20.41633330285549,1.0099875281628081,balanced_without_HD
light_V0399_V_8s_2026_05_20-0076_flat_0p3_late_bias_cal.fits,2461181.703431134,20.692166313529015,1.0021665452170572,balanced_without_HD
light_V0399_V_8s_2026_05_20-0077_flat_0p3_late_bias_cal.fits,2461181.703622338,20.96749976277351,0.9745996647748468,balanced_without_HD
light_V0399_V_8s_2026_05_20-0078_flat_0p3_late_bias_cal.fits,2461181.703814236,21.24383300542831,0.9926426315695183,balanced_without_HD
light_V0399_V_8s_2026_05_20-0079_flat_0p3_late_bias_cal.fits,2461181.7040060186,21.51999995112419,0.954836966135386,balanced_without_HD
light_V0399_V_8s_2026_05_20-0080_flat_0p3_late_bias_cal.fits,2461181.7041976852,21.79599992930889,0.9967004658124533,balanced_without_HD
light_V0399_V_8s_2026_05_20-0081_flat_0p3_late_bias_cal.fits,2461181.704389352,22.07199990749359,1.0501846769872485,balanced_without_HD
light_V0399_V_8s_2026_05_20-0082_flat_0p3_late_bias_cal.fits,2461181.704580671,22.347499653697017,1.004609475638539,balanced_without_HD
light_V0399_V_8s_2026_05_20-0083_flat_0p3_late_bias_cal.fits,2461181.704772338,22.62349963188171,0.960624950619671,balanced_without_HD
light_V0399_V_8s_2026_05_20-0084_flat_0p3_late_bias_cal.fits,2461181.704964236,22.89983287453651,0.9680464468028508,balanced_without_HD
light_V0399_V_8s_2026_05_20-0085_flat_0p3_late_bias_cal.fits,2461181.7051554397,23.175166323781013,0.9910831368167161,balanced_without_HD
light_V0399_V_8s_2026_05_20-0086_flat_0p3_late_bias_cal.fits,2461181.705346875,23.450833037495613,0.9722034749428935,balanced_without_HD
light_V0399_V_8s_2026_05_20-0087_flat_0p3_late_bias_cal.fits,2461181.705539352,23.72799977660179,0.9685094933783766,balanced_without_HD
light_V0399_V_8s_2026_05_20-0088_flat_0p3_late_bias_cal.fits,2461181.7057315973,24.00483325123787,0.9981110348267721,balanced_without_HD
light_V0399_V_8s_2026_05_20-0089_flat_0p3_late_bias_cal.fits,2461181.705923148,24.280666261911392,0.975236734566418,balanced_without_HD
light_V0399_V_8s_2026_05_20-0090_flat_0p3_late_bias_cal.fits,2461181.7061149306,24.55683320760727,0.9832380800868357,balanced_without_HD
light_V0399_V_8s_2026_05_20-0091_flat_0p3_late_bias_cal.fits,2461181.706306713,24.833000153303143,0.9962451234041703,balanced_without_HD
light_V0399_V_8s_2026_05_20-0092_flat_0p3_late_bias_cal.fits,2461181.706498958,25.10983295738697,1.0068931574933084,balanced_without_HD
light_V0399_V_8s_2026_05_20-0093_flat_0p3_late_bias_cal.fits,2461181.7066908563,25.38616620004177,0.9829631492137337,balanced_without_HD
light_V0399_V_8s_2026_05_20-0094_flat_0p3_late_bias_cal.fits,2461181.706882639,25.662333145737648,1.0019481722919208,balanced_without_HD
light_V0399_V_8s_2026_05_20-0095_flat_0p3_late_bias_cal.fits,2461181.7070737267,25.93749962747097,0.9932138070756973,balanced_without_HD
light_V0399_V_8s_2026_05_20-0096_flat_0p3_late_bias_cal.fits,2461181.7072653933,26.21349960565567,0.980311019767612,balanced_without_HD
light_V0399_V_8s_2026_05_20-0097_flat_0p3_late_bias_cal.fits,2461181.707456597,26.48883305490017,0.9650921390919003,balanced_without_HD
light_V0399_V_8s_2026_05_20-0098_flat_0p3_late_bias_cal.fits,2461181.7076488426,26.765666529536247,1.0177942791114074,balanced_without_HD
light_V0399_V_8s_2026_05_20-0099_flat_0p3_late_bias_cal.fits,2461181.707839815,27.04066671431065,0.995590063387734,balanced_without_HD
light_V0399_V_8s_2026_05_20-0100_flat_0p3_late_bias_cal.fits,2461181.7080314816,27.316666692495343,0.9765515244681366,balanced_without_HD
light_V0399_V_8s_2026_05_20-0101_flat_0p3_late_bias_cal.fits,2461181.7082226854,27.592000141739845,0.9954068586131488,balanced_without_HD
light_V0399_V_8s_2026_05_20-0102_flat_0p3_late_bias_cal.fits,2461181.7084144675,27.86816641688347,0.9904153886918965,balanced_without_HD
light_V0399_V_8s_2026_05_20-0103_flat_0p3_late_bias_cal.fits,2461181.7086069444,28.145333155989647,0.9851943287740439,balanced_without_HD
light_V0399_V_8s_2026_05_20-0104_flat_0p3_late_bias_cal.fits,2461181.708799537,28.42266619205475,1.0014629324514381,balanced_without_HD
light_V0399_V_8s_2026_05_20-0105_flat_0p3_late_bias_cal.fits,2461181.7089913194,28.698833137750626,1.008069811469532,balanced_without_HD
light_V0399_V_8s_2026_05_20-0106_flat_0p3_late_bias_cal.fits,2461181.709182986,28.97483311593533,0.9762810599115204,balanced_without_HD
light_V0399_V_8s_2026_05_20-0107_flat_0p3_late_bias_cal.fits,2461181.7093744213,29.250499829649925,0.9955783729483276,balanced_without_HD
light_V0399_V_8s_2026_05_20-0108_flat_0p3_late_bias_cal.fits,2461181.7095659724,29.526333510875705,0.9717477538011697,balanced_without_HD
light_V0399_V_8s_2026_05_20-0109_flat_0p3_late_bias_cal.fits,2461181.7097577546,29.802499786019325,1.000259052094964,balanced_without_HD
light_V0399_V_8s_2026_05_20-0001_flat_0p3_late_bias_cal.fits,2461181.689061574,0.0,1.0298373769700329,all_comps_without_HD
light_V0399_V_8s_2026_05_20-0002_flat_0p3_late_bias_cal.fits,2461181.689252662,0.2751664817333221,1.0100888931807912,all_comps_without_HD
light_V0399_V_8s_2026_05_20-0003_flat_0p3_late_bias_cal.fits,2461181.68944375,0.5503329634666443,1.0198818804595933,all_comps_without_HD
light_V0399_V_8s_2026_05_20-0004_flat_0p3_late_bias_cal.fits,2461181.6896349536,0.8256664127111435,0.9677802557635218,all_comps_without_HD
light_V0399_V_8s_2026_05_20-0005_flat_0p3_late_bias_cal.fits,2461181.6898260415,1.1008328944444656,0.9940285560407451,all_comps_without_HD
light_V0399_V_8s_2026_05_20-0006_flat_0p3_late_bias_cal.fits,2461181.6900171298,1.3760000467300415,1.0024187692690723,all_comps_without_HD
light_V0399_V_8s_2026_05_20-0007_flat_0p3_late_bias_cal.fits,2461181.6902081016,1.6509995609521866,1.0045516233883809,all_comps_without_HD
light_V0399_V_8s_2026_05_20-0008_flat_0p3_late_bias_cal.fits,2461181.690400463,1.9280000030994415,1.0279514711170659,all_comps_without_HD
light_V0399_V_8s_2026_05_20-0009_flat_0p3_late_bias_cal.fits,2461181.690591667,2.2033334523439407,0.9703638950833928,all_comps_without_HD
light_V0399_V_8s_2026_05_20-0010_flat_0p3_late_bias_cal.fits,2461181.690783102,2.4790001660585403,0.9983389798557084,all_comps_without_HD
light_V0399_V_8s_2026_05_20-0011_flat_0p3_late_bias_cal.fits,2461181.690974884,2.7551664412021637,1.0558155866208851,all_comps_without_HD
light_V0399_V_8s_2026_05_20-0012_flat_0p3_late_bias_cal.fits,2461181.691166551,3.0311664193868637,0.9698848399627085,all_comps_without_HD
light_V0399_V_8s_2026_05_20-0013_flat_0p3_late_bias_cal.fits,2461181.691357754,3.306499868631363,0.9696147551489065,all_comps_without_HD
light_V0399_V_8s_2026_05_20-0014_flat_0p3_late_bias_cal.fits,2461181.6915494213,3.582499846816063,0.9804757512118263,all_comps_without_HD
light_V0399_V_8s_2026_05_20-0015_flat_0p3_late_bias_cal.fits,2461181.6917408565,3.8581665605306625,1.0154709594150342,all_comps_without_HD
light_V0399_V_8s_2026_05_20-0016_flat_0p3_late_bias_cal.fits,2461181.691932523,4.1341665387153625,0.9790251505227424,all_comps_without_HD
light_V0399_V_8s_2026_05_20-0017_flat_0p3_late_bias_cal.fits,2461181.692123727,4.409499987959862,1.0177415450232736,all_comps_without_HD
light_V0399_V_8s_2026_05_20-0018_flat_0p3_late_bias_cal.fits,2461181.6923153936,4.685499966144562,1.0067272136383554,all_comps_without_HD
light_V0399_V_8s_2026_05_20-0019_flat_0p3_late_bias_cal.fits,2461181.6925069443,4.961332976818085,0.9848317563049312,all_comps_without_HD
light_V0399_V_8s_2026_05_20-0020_flat_0p3_late_bias_cal.fits,2461181.692698148,5.236666426062584,1.0227380900811551,all_comps_without_HD
light_V0399_V_8s_2026_05_20-0021_flat_0p3_late_bias_cal.fits,2461181.6928898147,5.512666404247284,1.0096978681154953,all_comps_without_HD
light_V0399_V_8s_2026_05_20-0022_flat_0p3_late_bias_cal.fits,2461181.6930810185,5.787999853491783,1.0183805203343959,all_comps_without_HD
light_V0399_V_8s_2026_05_20-0023_flat_0p3_late_bias_cal.fits,2461181.693271991,6.063000038266182,0.9953043249154904,all_comps_without_HD
light_V0399_V_8s_2026_05_20-0024_flat_0p3_late_bias_cal.fits,2461181.6934636575,6.339000016450882,0.9957401626453886,all_comps_without_HD
light_V0399_V_8s_2026_05_20-0025_flat_0p3_late_bias_cal.fits,2461181.6936555556,6.615333259105682,0.9688994071901857,all_comps_without_HD
light_V0399_V_8s_2026_05_20-0026_flat_0p3_late_bias_cal.fits,2461181.6938471063,6.891166269779205,1.0030454400697257,all_comps_without_HD
light_V0399_V_8s_2026_05_20-0027_flat_0p3_late_bias_cal.fits,2461181.6940381946,7.166333422064781,1.0328686515956795,all_comps_without_HD
light_V0399_V_8s_2026_05_20-0028_flat_0p3_late_bias_cal.fits,2461181.6942291665,7.441332936286926,0.9991362581376689,all_comps_without_HD
light_V0399_V_8s_2026_05_20-0029_flat_0p3_late_bias_cal.fits,2461181.694420139,7.716333121061325,1.0305184795553528,all_comps_without_HD
light_V0399_V_8s_2026_05_20-0030_flat_0p3_late_bias_cal.fits,2461181.6946113426,7.991666570305824,1.0040854896166358,all_comps_without_HD
light_V0399_V_8s_2026_05_20-0031_flat_0p3_late_bias_cal.fits,2461181.6948032407,8.267999812960625,1.0137718842905385,all_comps_without_HD
light_V0399_V_8s_2026_05_20-0032_flat_0p3_late_bias_cal.fits,2461181.6949944445,8.543333262205124,1.0248832551389284,all_comps_without_HD
light_V0399_V_8s_2026_05_20-0033_flat_0p3_late_bias_cal.fits,2461181.695186111,8.819333240389824,1.001643781967884,all_comps_without_HD
light_V0399_V_8s_2026_05_20-0034_flat_0p3_late_bias_cal.fits,2461181.695378125,9.0958334505558,0.9983223522213295,all_comps_without_HD
light_V0399_V_8s_2026_05_20-0035_flat_0p3_late_bias_cal.fits,2461181.695569792,9.3718334287405,1.0267055714218116,all_comps_without_HD
light_V0399_V_8s_2026_05_20-0036_flat_0p3_late_bias_cal.fits,2461181.695762153,9.648833200335504,1.051428880272081,all_comps_without_HD
light_V0399_V_8s_2026_05_20-0037_flat_0p3_late_bias_cal.fits,2461181.6959542823,9.925499707460403,0.9907469082607895,all_comps_without_HD
light_V0399_V_8s_2026_05_20-0038_flat_0p3_late_bias_cal.fits,2461181.69614699,10.202999711036682,1.015656221295376,all_comps_without_HD
light_V0399_V_8s_2026_05_20-0039_flat_0p3_late_bias_cal.fits,2461181.696338542,10.47883339226246,1.0167848784890094,all_comps_without_HD
light_V0399_V_8s_2026_05_20-0040_flat_0p3_late_bias_cal.fits,2461181.6965310187,10.756000131368635,0.9956104406428316,all_comps_without_HD
light_V0399_V_8s_2026_05_20-0041_flat_0p3_late_bias_cal.fits,2461181.696722801,11.03216640651226,0.9905643300069625,all_comps_without_HD
light_V0399_V_8s_2026_05_20-0042_flat_0p3_late_bias_cal.fits,2461181.696914352,11.308000087738035,0.9919203201164655,all_comps_without_HD
light_V0399_V_8s_2026_05_20-0043_flat_0p3_late_bias_cal.fits,2461181.697106134,11.58416636288166,1.011285687686434,all_comps_without_HD
light_V0399_V_8s_2026_05_20-0044_flat_0p3_late_bias_cal.fits,2461181.6972972224,11.859333515167236,0.9868672442843324,all_comps_without_HD
light_V0399_V_8s_2026_05_20-0045_flat_0p3_late_bias_cal.fits,2461181.6974885417,12.13483326137066,0.9884037804583722,all_comps_without_HD
light_V0399_V_8s_2026_05_20-0046_flat_0p3_late_bias_cal.fits,2461181.697679977,12.410499975085258,0.9826045469575084,all_comps_without_HD
light_V0399_V_8s_2026_05_20-0047_flat_0p3_late_bias_cal.fits,2461181.6978716436,12.686499953269958,1.0417137024678824,all_comps_without_HD
light_V0399_V_8s_2026_05_20-0048_flat_0p3_late_bias_cal.fits,2461181.6980633102,12.96249993145466,1.011580015659744,all_comps_without_HD
light_V0399_V_8s_2026_05_20-0049_flat_0p3_late_bias_cal.fits,2461181.698254977,13.23849990963936,0.9787199981309844,all_comps_without_HD
light_V0399_V_8s_2026_05_20-0050_flat_0p3_late_bias_cal.fits,2461181.698446412,13.514166623353958,1.003682412028399,all_comps_without_HD
light_V0399_V_8s_2026_05_20-0051_flat_0p3_late_bias_cal.fits,2461181.698638773,13.79116639494896,1.0384023569148906,all_comps_without_HD
light_V0399_V_8s_2026_05_20-0052_flat_0p3_late_bias_cal.fits,2461181.6988304397,14.06716637313366,0.9840342825980944,all_comps_without_HD
light_V0399_V_8s_2026_05_20-0053_flat_0p3_late_bias_cal.fits,2461181.6990222223,14.343333318829536,0.9893943400103744,all_comps_without_HD
light_V0399_V_8s_2026_05_20-0054_flat_0p3_late_bias_cal.fits,2461181.699213773,14.61916632950306,0.9797076025750201,all_comps_without_HD
light_V0399_V_8s_2026_05_20-0055_flat_0p3_late_bias_cal.fits,2461181.699405208,14.89483304321766,0.9961579171751155,all_comps_without_HD
light_V0399_V_8s_2026_05_20-0056_flat_0p3_late_bias_cal.fits,2461181.699596991,15.170999988913536,0.9961614075760875,all_comps_without_HD
light_V0399_V_8s_2026_05_20-0057_flat_0p3_late_bias_cal.fits,2461181.699788773,15.44716626405716,0.9920046042401577,all_comps_without_HD
light_V0399_V_8s_2026_05_20-0058_flat_0p3_late_bias_cal.fits,2461181.6999804396,15.72316624224186,0.9851170560810676,all_comps_without_HD
light_V0399_V_8s_2026_05_20-0059_flat_0p3_late_bias_cal.fits,2461181.7001721063,15.99916622042656,0.9982019849301464,all_comps_without_HD
light_V0399_V_8s_2026_05_20-0060_flat_0p3_late_bias_cal.fits,2461181.7003641203,16.275666430592537,0.9934560323759919,all_comps_without_HD
light_V0399_V_8s_2026_05_20-0061_flat_0p3_late_bias_cal.fits,2461181.70055544,16.551166847348213,0.9963247221133678,all_comps_without_HD
light_V0399_V_8s_2026_05_20-0062_flat_0p3_late_bias_cal.fits,2461181.700747222,16.827333122491837,1.0294348547081205,all_comps_without_HD
light_V0399_V_8s_2026_05_20-0063_flat_0p3_late_bias_cal.fits,2461181.70093831,17.10249960422516,1.0034016834523494,all_comps_without_HD
light_V0399_V_8s_2026_05_20-0064_flat_0p3_late_bias_cal.fits,2461181.701130209,17.378833517432213,0.9742265913508432,all_comps_without_HD
light_V0399_V_8s_2026_05_20-0065_flat_0p3_late_bias_cal.fits,2461181.7013217593,17.654666528105736,1.0188253180013525,all_comps_without_HD
light_V0399_V_8s_2026_05_20-0066_flat_0p3_late_bias_cal.fits,2461181.701513542,17.930833473801613,1.029266051111212,all_comps_without_HD
light_V0399_V_8s_2026_05_20-0067_flat_0p3_late_bias_cal.fits,2461181.70170544,18.207166716456413,0.9941505521294473,all_comps_without_HD
light_V0399_V_8s_2026_05_20-0068_flat_0p3_late_bias_cal.fits,2461181.7018971066,18.483166694641113,1.0030436082284524,all_comps_without_HD
light_V0399_V_8s_2026_05_20-0069_flat_0p3_late_bias_cal.fits,2461181.7020890047,18.759499937295914,0.9999399291639408,all_comps_without_HD
light_V0399_V_8s_2026_05_20-0070_flat_0p3_late_bias_cal.fits,2461181.702280787,19.035666212439537,0.9709179410260136,all_comps_without_HD
light_V0399_V_8s_2026_05_20-0071_flat_0p3_late_bias_cal.fits,2461181.7024725694,19.311833158135418,0.9946466723532764,all_comps_without_HD
light_V0399_V_8s_2026_05_20-0072_flat_0p3_late_bias_cal.fits,2461181.7026641206,19.58766683936119,0.9914827039986859,all_comps_without_HD
light_V0399_V_8s_2026_05_20-0073_flat_0p3_late_bias_cal.fits,2461181.7028560187,19.86400008201599,0.9974773199049428,all_comps_without_HD
light_V0399_V_8s_2026_05_20-0074_flat_0p3_late_bias_cal.fits,2461181.7030475694,20.13983309268951,1.0116875083119783,all_comps_without_HD
light_V0399_V_8s_2026_05_20-0075_flat_0p3_late_bias_cal.fits,2461181.7032395834,20.41633330285549,1.0206738443575285,all_comps_without_HD
light_V0399_V_8s_2026_05_20-0076_flat_0p3_late_bias_cal.fits,2461181.703431134,20.692166313529015,1.0302494806879772,all_comps_without_HD
light_V0399_V_8s_2026_05_20-0077_flat_0p3_late_bias_cal.fits,2461181.703622338,20.96749976277351,0.9885359497230845,all_comps_without_HD
light_V0399_V_8s_2026_05_20-0078_flat_0p3_late_bias_cal.fits,2461181.703814236,21.24383300542831,1.0165061786664156,all_comps_without_HD
light_V0399_V_8s_2026_05_20-0079_flat_0p3_late_bias_cal.fits,2461181.7040060186,21.51999995112419,0.9868248491907124,all_comps_without_HD
light_V0399_V_8s_2026_05_20-0080_flat_0p3_late_bias_cal.fits,2461181.7041976852,21.79599992930889,0.9997675315311682,all_comps_without_HD
light_V0399_V_8s_2026_05_20-0081_flat_0p3_late_bias_cal.fits,2461181.704389352,22.07199990749359,1.0271794841435138,all_comps_without_HD
light_V0399_V_8s_2026_05_20-0082_flat_0p3_late_bias_cal.fits,2461181.704580671,22.347499653697017,1.0528667542840768,all_comps_without_HD
light_V0399_V_8s_2026_05_20-0083_flat_0p3_late_bias_cal.fits,2461181.704772338,22.62349963188171,0.9903089352851266,all_comps_without_HD
light_V0399_V_8s_2026_05_20-0084_flat_0p3_late_bias_cal.fits,2461181.704964236,22.89983287453651,0.972717954715479,all_comps_without_HD
light_V0399_V_8s_2026_05_20-0085_flat_0p3_late_bias_cal.fits,2461181.7051554397,23.175166323781013,1.0058370258649498,all_comps_without_HD
light_V0399_V_8s_2026_05_20-0086_flat_0p3_late_bias_cal.fits,2461181.705346875,23.450833037495613,0.9956360706898144,all_comps_without_HD
light_V0399_V_8s_2026_05_20-0087_flat_0p3_late_bias_cal.fits,2461181.705539352,23.72799977660179,0.9753439962045696,all_comps_without_HD
light_V0399_V_8s_2026_05_20-0088_flat_0p3_late_bias_cal.fits,2461181.7057315973,24.00483325123787,1.0783127606287688,all_comps_without_HD
light_V0399_V_8s_2026_05_20-0089_flat_0p3_late_bias_cal.fits,2461181.705923148,24.280666261911392,1.0156178843256396,all_comps_without_HD
light_V0399_V_8s_2026_05_20-0090_flat_0p3_late_bias_cal.fits,2461181.7061149306,24.55683320760727,0.9846203722182297,all_comps_without_HD
light_V0399_V_8s_2026_05_20-0091_flat_0p3_late_bias_cal.fits,2461181.706306713,24.833000153303143,1.0024853089647634,all_comps_without_HD
light_V0399_V_8s_2026_05_20-0092_flat_0p3_late_bias_cal.fits,2461181.706498958,25.10983295738697,0.9989404426085855,all_comps_without_HD
light_V0399_V_8s_2026_05_20-0093_flat_0p3_late_bias_cal.fits,2461181.7066908563,25.38616620004177,1.0042665950672462,all_comps_without_HD
light_V0399_V_8s_2026_05_20-0094_flat_0p3_late_bias_cal.fits,2461181.706882639,25.662333145737648,0.9954893566533708,all_comps_without_HD
light_V0399_V_8s_2026_05_20-0095_flat_0p3_late_bias_cal.fits,2461181.7070737267,25.93749962747097,1.0035939500841098,all_comps_without_HD
light_V0399_V_8s_2026_05_20-0096_flat_0p3_late_bias_cal.fits,2461181.7072653933,26.21349960565567,1.0043549388292072,all_comps_without_HD
light_V0399_V_8s_2026_05_20-0097_flat_0p3_late_bias_cal.fits,2461181.707456597,26.48883305490017,0.9774719406648846,all_comps_without_HD
light_V0399_V_8s_2026_05_20-0098_flat_0p3_late_bias_cal.fits,2461181.7076488426,26.765666529536247,1.0010093339287995,all_comps_without_HD
light_V0399_V_8s_2026_05_20-0099_flat_0p3_late_bias_cal.fits,2461181.707839815,27.04066671431065,1.0101199491337047,all_comps_without_HD
light_V0399_V_8s_2026_05_20-0100_flat_0p3_late_bias_cal.fits,2461181.7080314816,27.316666692495343,0.9915451191961757,all_comps_without_HD
light_V0399_V_8s_2026_05_20-0101_flat_0p3_late_bias_cal.fits,2461181.7082226854,27.592000141739845,1.0072480917169957,all_comps_without_HD
light_V0399_V_8s_2026_05_20-0102_flat_0p3_late_bias_cal.fits,2461181.7084144675,27.86816641688347,1.0126553287858642,all_comps_without_HD
light_V0399_V_8s_2026_05_20-0103_flat_0p3_late_bias_cal.fits,2461181.7086069444,28.145333155989647,1.009458570372606,all_comps_without_HD
light_V0399_V_8s_2026_05_20-0104_flat_0p3_late_bias_cal.fits,2461181.708799537,28.42266619205475,1.054997616585643,all_comps_without_HD
light_V0399_V_8s_2026_05_20-0105_flat_0p3_late_bias_cal.fits,2461181.7089913194,28.698833137750626,0.990247719820099,all_comps_without_HD
light_V0399_V_8s_2026_05_20-0106_flat_0p3_late_bias_cal.fits,2461181.709182986,28.97483311593533,0.9840341551517753,all_comps_without_HD
light_V0399_V_8s_2026_05_20-0107_flat_0p3_late_bias_cal.fits,2461181.7093744213,29.250499829649925,0.998444718339085,all_comps_without_HD
light_V0399_V_8s_2026_05_20-0108_flat_0p3_late_bias_cal.fits,2461181.7095659724,29.526333510875705,0.986884729820991,all_comps_without_HD
light_V0399_V_8s_2026_05_20-0109_flat_0p3_late_bias_cal.fits,2461181.7097577546,29.802499786019325,1.005861803092016,all_comps_without_HD
