best_period_min,best_power,false_alarm_probability,iteration
10.962656473435096,0.17698301945615846,0.0027402271764553083,0
8.765982155295557,0.19970525652168775,0.0004081612637021369,1
8.714352507226016,0.22687418719244182,4.6159203945639954e-05,2
8.582952014939906,0.23220419288740496,2.9329100818111976e-05,3
17.86188772830176,0.20535304813331665,0.0002552985291423687,4
8.818695060064245,0.19556536794217505,0.0006527237339750086,5
8.771618213619705,0.2009151406375703,0.0004075594011319497,6
8.736880930221654,0.2887335438565891,1.9098480372699436e-07,7
18.988526449063862,0.20165703333844237,0.00037330186000269404,8
19.53058616185523,0.18134339035426425,0.0018229950396288486,9
17.78945749242498,0.15567055223025333,0.013975463517327865,10
8.543337265311457,0.21429557205316982,0.00013263859171750664,11
8.731566810603427,0.16932536348720104,0.004444716307423029,12
8.84192810217686,0.2332260959817367,2.575611311728357e-05,13
8.748857921148522,0.13081067407606878,0.08454103101475076,14
8.800669868694824,0.3052509724260567,4.277631412261417e-08,15
8.697420639195864,0.22129240270737202,7.108865376382944e-05,16
17.97756064683248,0.19688263022937283,0.000536303917025331,17
8.771618213619705,0.24744504121581,7.501180284477394e-06,18
18.540770100427267,0.21161251795991912,0.00016707773071216673,19
8.731566810603427,0.2060834273453595,0.00025133693726581,20
8.370094856915056,0.19546690656573726,0.0005611185730793745,21
8.765982155295557,0.1961861000045325,0.0005100331282588969,22
17.69154753584172,0.2310039609808754,2.9408848861682714e-05,23
8.835633197002942,0.18491517438904753,0.0013985613494486649,24
8.754369749910422,0.13398242937246366,0.06738078478487344,25
19.055800447552972,0.27957388762445706,4.394726390375751e-07,26
18.49580748289594,0.1959883750662621,0.0005453009973562611,27
8.870875438213458,0.16245288696327098,0.007984335433594093,28
18.12406336903554,0.3054834366275597,3.921063578594324e-08,29
8.806632826123515,0.17519907415955416,0.0029949888756435404,30
8.731587490668424,0.34411840006531963,9.575344607773814e-10,31
8.777365753387215,0.29729874742877077,8.296825112386748e-08,32
8.800669868694824,0.258815349350531,2.8296598293226912e-06,33
8.731566810603427,0.22304470366335805,5.998455766990162e-05,34
8.68011820211332,0.20001500818660523,0.0004153039258444805,35
8.8965138751444,0.21588637355337817,0.00011121962119488888,36
8.920485823981455,0.19555109918536856,0.0005972584418681606,37
17.97756064683248,0.2525313317117883,4.739895848283474e-06,38
14.49604847259787,0.14332008309937905,0.032740559268149484,39
8.765982155295557,0.1718304931150075,0.0038729716258409986,40
8.766459553873053,0.1860818223310916,0.001278486826993549,41
8.800669868694824,0.1427147013697969,0.0367570028524121,42
8.87750742989384,0.187986497806699,0.001064509823781812,43
18.328670512490802,0.1285721748296941,0.09981505381262509,44
8.766459553873053,0.217522774273417,0.00010291734212331643,45
18.95770951478844,0.2289103997509845,3.981443731352972e-05,46
18.328670512490802,0.15536167466954381,0.014382544895640515,47
18.7150761709534,0.2423850909431002,1.187798588093945e-05,48
17.97756064683248,0.211296981832032,0.00016630748250220435,49
18.385473202508766,0.2353221939712771,2.1276927381320182e-05,50
8.872767267545203,0.23770876949560868,1.7605309768330746e-05,51
19.608180474625538,0.1429239370721793,0.03410737096105582,52
8.736880930221654,0.14338052467994572,0.03410727096864028,53
6.412784095113376,0.14008037140098736,0.04313558837172128,54
8.73678526598557,0.2666024924205311,1.4534745256676148e-06,55
18.999885007068855,0.20272936254421922,0.00034302557275165204,56
17.59986804446447,0.19131873468828442,0.0008571342151887853,57
8.801611276864707,0.16758097568796484,0.005312839580602577,58
18.12406336903554,0.2331211292039914,2.4759589631702382e-05,59
8.629923282528672,0.20356381619037278,0.00028774984911242085,60
8.662669099497617,0.2198596085611305,8.043539282900327e-05,61
17.512519607488958,0.1630497597014065,0.007395507748633971,62
18.27297346916354,0.2033113591964306,0.00032298853489157013,63
18.85453318507532,0.15805844868029328,0.011236629676519064,64
8.777365753387215,0.22821193850980534,4.192371036673961e-05,65
18.306533785377592,0.27998636145886624,4.337773172734756e-07,66
8.707514174229619,0.1715648050515224,0.003945284162143465,67
8.72483238238562,0.22127217668352922,7.227035889042353e-05,68
8.812713496847692,0.15202458793450632,0.018172232347173158,69
17.91286333474448,0.2482934722578403,7.041522490219509e-06,70
8.765982155295557,0.17247129803100686,0.004097077250181162,71
16.333357939599217,0.18555492914595526,0.0012962341876850674,72
8.68011820211332,0.19642825733571717,0.0005678242487844345,73
18.859369634823455,0.1868715183771569,0.0011578423663395996,74
18.27297346916354,0.17348123146042013,0.003421976272777003,75
8.800669868694824,0.25587921642940803,3.6316596477157235e-06,76
8.697420639195864,0.1579346720004899,0.012011338138782371,77
9.752918872504665,0.17616517346223462,0.002944272918126151,78
8.748857921148522,0.24516178650960507,8.521947537187e-06,79
17.551926780804948,0.28204113792461655,3.532741432377654e-07,80
8.84192810217686,0.20639855329759463,0.0002361908471236772,81
8.702417694097363,0.1328205469784528,0.07480855095342274,82
18.578257121267516,0.15526190225631606,0.01352963239563489,83
8.802296994152483,0.21767666748445325,9.668991750022728e-05,84
8.68011820211332,0.25566826443393426,3.8094699739981287e-06,85
8.748857921148522,0.1729869042676999,0.0035347460540110587,86
8.731566810603427,0.21935158671548013,8.572043848453583e-05,87
11.128296968800198,0.1644077996096332,0.007210016248504284,88
8.747767423226563,0.18388702146652322,0.0015557227513710106,89
8.765982155295557,0.19120919418253685,0.0008789827535585272,90
18.424350776951837,0.2807135566778399,4.033036337540196e-07,91
10.979251504657203,0.1741763375273536,0.003417653969725326,92
8.731566810603427,0.2085943810349272,0.00020288142756600075,93
10.917550561789707,0.13662103755356597,0.059036512702098344,94
18.328670512490802,0.22397079189945118,5.7917672938747065e-05,95
8.765982155295557,0.17688685178015603,0.002536222271779453,96
8.714352507226016,0.25787735438879267,3.062857230615202e-06,97
8.800669868694824,0.22468266421801433,5.398156811602101e-05,98
8.71404849899014,0.1983950556358662,0.0004923313513876573,99
19.0989347296939,0.22014538252748656,8.200831468073276e-05,100
17.83340739180035,0.23936212335732235,1.5726478864494714e-05,101
10.840466499169134,0.20155111765806222,0.00038446814320325595,102
17.78945749242498,0.2680810524197386,1.2293901601818852e-06,103
18.007683496406926,0.23457062947794274,2.2777568443089148e-05,104
8.78363767713654,0.15577168939352545,0.01320742400537989,105
8.800669868694824,0.1430339458263411,0.03555729551897293,106
8.806632826123515,0.17019409385539783,0.004471808238130704,107
19.055800447552972,0.23888020803880683,1.652296582826047e-05,108
8.84192810217686,0.20477212947316129,0.00026733099299050794,109
8.731566810603427,0.1882484101047068,0.0010639950896764727,110
8.714352507226016,0.24098517117086585,1.3020301287043547e-05,111
18.12406336903554,0.2067138226891859,0.00022994465881752107,112
8.78363767713654,0.16621098475936064,0.00616484642728706,113
8.697420639195864,0.18782344096014478,0.0011772159750622108,114
8.650707189771492,0.24208131750584508,1.2407593772568853e-05,115
8.771618213619705,0.2247688912486933,5.300442005023596e-05,116
8.731566810603427,0.24427617239682728,9.889132427023201e-06,117
8.765982155295557,0.28333427318616033,3.3138265128801415e-07,118
47.465361965446085,0.18266544952270392,0.0016732656584126334,119
8.731566810603427,0.17971009032693733,0.0020681602107595863,120
19.732068968561816,0.1742450869523698,0.003162008740969267,121
8.800669868694824,0.24900301946635928,6.918997422472587e-06,122
8.702417694097363,0.21739440928783985,0.00010377746933473748,123
18.12406336903554,0.23294850333672953,2.591403697929938e-05,124
8.84192810217686,0.15495154766012967,0.014389424620008572,125
18.306533785377592,0.19573167586779255,0.0006232611155674782,126
18.36311656376912,0.18739744159892116,0.001162752269848461,127
8.85483213755226,0.20442260236669713,0.00030493863469861413,128
17.69154753584172,0.14273177686068353,0.0366318775334037,129
8.731566810603427,0.20586689573221856,0.00028097545002161935,130
18.459709778355162,0.2496632152475755,6.485223637803377e-06,131
8.731566810603427,0.2420959487909776,1.2282561977002806e-05,132
8.800669868694824,0.30325523805857385,5.201677659752808e-08,133
8.806632826123515,0.34655779049577784,7.300809738128718e-10,134
43.856569681541,0.16693833274650058,0.005667177066176977,135
8.714352507226016,0.22358682212896203,5.79629627550466e-05,136
8.697420639195864,0.24998981531742517,6.516604385401256e-06,137
8.835633197002942,0.25303583552886766,5.153643412097189e-06,138
8.771618213619705,0.16099814068000573,0.009460871149727108,139
8.68011820211332,0.19693406159538562,0.0005226313200327432,140
70.13335524889969,0.1510364537223186,0.019826170155812887,141
17.4144925291895,0.2480817929545047,7.418569882020054e-06,142
8.835633197002942,0.20173109061501887,0.00035321452533148,143
8.870875438213458,0.23549749948633827,2.0598933782738532e-05,144
8.806632826123515,0.17045080500209603,0.004324152187124591,145
18.459709778355162,0.1876922251920177,0.001136817061118566,146
8.646151823163262,0.19951594053406024,0.0004302334664729423,147
8.702417694097363,0.17421297829245264,0.003110569339244669,148
18.424350776951837,0.1746237389274666,0.0029904600422151605,149
8.812713496847692,0.1431981792991623,0.03489234205169469,150
18.12406336903554,0.2131746499818129,0.00014461788429403634,151
8.772175284547764,0.21023345084806347,0.0001845658721093197,152
8.697420639195864,0.27172990749218134,8.923318361506628e-07,153
17.32278736370568,0.12610620583158777,0.11662261944038654,154
18.42083359177258,0.19955593177425665,0.0004398328024876614,155
8.818695060064245,0.17233831218703122,0.0038905680757262916,156
8.800669868694824,0.2338411667345811,2.7466147527134908e-05,157
18.36311656376912,0.11262892283602723,0.27365632346671437,158
19.055800447552972,0.16802128871392535,0.0056876045128377035,159
8.800669868694824,0.2691418088843867,1.2233039533319978e-06,160
8.6635404954404,0.15133905967579372,0.01772044307793429,161
19.53058616185523,0.24877180418530587,7.049429264870717e-06,162
8.714352507226016,0.20357322819032997,0.0003114242303246051,163
8.612450237350853,0.202679994466444,0.00033486072081250954,164
8.749012698690606,0.1768102978241864,0.002795596188456388,165
8.714352507226016,0.18432785118832645,0.0015029502502223254,166
8.806632826123515,0.2284690363282195,4.179948911100455e-05,167
8.59656595153282,0.2053887260215576,0.00027177653781399516,168
8.754369749910422,0.19105039819180666,0.0009210490868526218,169
17.444757057912597,0.2085447276264631,0.00019136230555555784,170
8.835633197002942,0.16131936416705253,0.009655471793986199,171
8.818695060064245,0.2992849102666956,7.014457576138086e-08,172
8.870875438213458,0.1897124050490557,0.0009254436726689126,173
8.800669868694824,0.19939306015407693,0.0004408474880220531,174
8.736880930221654,0.21758856758641165,8.882045600412276e-05,175
8.731566810603427,0.22467728628909592,5.540921407423757e-05,176
8.765982155295557,0.2391483702903788,1.549866653855639e-05,177
8.748857921148522,0.20327907234442025,0.00032812643555443343,178
8.650707189771492,0.20083393962742122,0.0003674624550289033,179
17.97756064683248,0.20300128125819392,0.0003174665557956014,180
8.806632826123515,0.25130652225320477,5.696942612291618e-06,181
8.765982155295557,0.20950198880772697,0.00018532867737603906,182
18.459709778355162,0.17417268744278758,0.003402763052769497,183
8.906399943148797,0.16713042321844945,0.005928941642297805,184
19.556932728868354,0.17257649703080408,0.0038445320246718972,185
8.702051404965681,0.1699704867555426,0.004537330981360227,186
8.731566810603427,0.192624380443106,0.0007274259702143193,187
18.734756414310624,0.11996772962758344,0.1796877275292621,188
8.702417694097363,0.1963491561441817,0.0005704340191934759,189
8.68011820211332,0.20784310117337448,0.0002216346146239664,190
18.038423474102583,0.14421766047509418,0.03136914562439096,191
19.21126217114541,0.20177473673985935,0.000357641701991303,192
18.168989120421013,0.26677072471544977,1.347511743305282e-06,193
8.765982155295557,0.14079698926942585,0.041392989921369736,194
8.800669868694824,0.1972684634924819,0.0005050371798738847,195
8.754369749910422,0.16950884944878608,0.004883945110867066,196
8.684290259856162,0.22975567769386532,3.5442073393285045e-05,197
17.97756064683248,0.20618698035867317,0.000243112119937709,198
19.26571860913045,0.14886155605518792,0.023063004510631598,199
18.146720783656846,0.2150333572817055,0.00012510390837865216,200
18.734756414310624,0.22456419798138674,5.4095131841374924e-05,201
8.71954061653375,0.16216745463949858,0.008059299452877824,202
8.90877845554345,0.19887252418808776,0.00044499198014104975,203
8.78363767713654,0.25824759280995113,3.027985758551768e-06,204
8.771618213619705,0.220013900872709,8.182935744857191e-05,205
18.007683496406926,0.20754085563502442,0.0002239202598363436,206
8.714352507226016,0.17966581149236954,0.00207531603699195,207
8.702051404965681,0.18656871775235884,0.0011932598800582293,208
8.835633197002942,0.23503806514401188,2.117175899016027e-05,209
18.36311656376912,0.17311312105875235,0.0037503526382284343,210
18.12406336903554,0.20060284402941925,0.0003799027443947774,211
20.169061479920597,0.19195276982942847,0.000769292043578169,212
19.26571860913045,0.2424599234002059,1.2638258714498521e-05,213
8.696991763101417,0.25250505375468535,4.730171137171925e-06,214
9.809959087481044,0.21485177476252595,0.00012977240426092772,215
10.962656473435096,0.22222822499293046,7.26722461231095e-05,216
8.771618213619705,0.1844406594594872,0.0014411221896349356,217
18.49580748289594,0.21149249936432093,0.00016126032210050695,218
19.30425323367875,0.18574266253180402,0.0013099533335406814,219
8.765982155295557,0.2110807676428776,0.00015602368421017572,220
18.734756414310624,0.20978405450764206,0.00019294838922224243,221
8.697420639195864,0.294006498475317,1.1628446805778849e-07,222
8.662669099497617,0.2600474116983814,2.6499802049409314e-06,223
8.714352507226016,0.25882969560159685,3.002191981732125e-06,224
9.73882869701033,0.19424154796911802,0.0006996459885803447,225
8.771618213619705,0.20102343558587468,0.0003714253346370261,226
8.646151823163262,0.23929299410910054,1.5388384180627692e-05,227
8.731566810603427,0.2097491810662716,0.00019032343249136366,228
8.68011820211332,0.2587276406849745,2.93948347806984e-06,229
8.806632826123515,0.19347863477165114,0.0007237919391376276,230
8.800669868694824,0.141316101627863,0.03717203196691158,231
18.328670512490802,0.1929613641394408,0.0007630177305347649,232
8.736880930221654,0.15123230291355635,0.020007218206572485,233
17.74003536446908,0.2017306790182531,0.0003732354419116347,234
8.629923282528672,0.22689593366542385,4.668452281034338e-05,235
17.83340739180035,0.184664903086524,0.0014457176021154786,236
19.1334635250763,0.2233746224996174,6.353025546258596e-05,237
8.702417694097363,0.20782125051457173,0.00022301756758874344,238
16.867730432564283,0.21598413023341662,0.00010531743049207139,239
17.97756064683248,0.21901807564565173,8.436622296528068e-05,240
18.12406336903554,0.2797892450904994,4.293079494355331e-07,241
18.67607464146193,0.2035993785958348,0.00027852310626210846,242
8.68011820211332,0.2499076488495209,6.294238828886875e-06,243
8.771618213619705,0.1893724984666178,0.0009871726770894788,244
19.608180474625538,0.16675163610196328,0.006240965723585197,245
8.714352507226016,0.25947133244458637,2.8900389109288095e-06,246
17.97756064683248,0.23517150554610813,2.2782173587759428e-05,247
18.653467188446076,0.182282653519656,0.0016688352297542775,248
18.93501377153641,0.18994143797609372,0.0009329426274785317,249
8.800669868694824,0.17951362077311772,0.0021271216233800837,250
8.719303412717633,0.16358112925469373,0.0072162921244193,251
18.385473202508766,0.24161301564303123,1.1984738962584646e-05,252
8.84192810217686,0.2302918868544896,3.369876274903056e-05,253
8.765982155295557,0.21816764878721953,9.493471463587224e-05,254
8.713638683880468,0.2578992965141035,3.3339691620571814e-06,255
8.528045430766557,0.1628878739823609,0.00787532428769506,256
18.15587893663449,0.24665173261629397,8.134537169786363e-06,257
18.813837809303028,0.23509022644048594,2.299300114033655e-05,258
8.707514174229619,0.253103642990257,4.77781996112721e-06,259
8.78363767713654,0.16541873052954237,0.006250679460830033,260
60.4215536690733,0.15392895071257884,0.015195873976029615,261
8.742300436310058,0.22471431128414143,5.479449044489454e-05,262
18.615470734962386,0.18769941873990242,0.0011648167878564367,263
8.748857921148522,0.14876984970188262,0.02280606204910186,264
62.12294267445821,0.15690177665070654,0.01170139145926775,265
8.88965611055809,0.1716511911368853,0.00413010233615419,266
8.697420639195864,0.178071806843051,0.0024896117112513908,267
8.800669868694824,0.18349138375655835,0.0015646493396813065,268
8.634300493223833,0.14608721732415597,0.02682139186480247,269
18.51827345227684,0.26048570733807547,2.508459201351824e-06,270
10.8114062430348,0.2221642787804219,6.756447583056295e-05,271
8.812713496847692,0.2861526889652412,2.647083239716265e-07,272
18.578257121267516,0.1890772910308459,0.0010176706305499823,273
72.20870719471922,0.20211889091269908,0.0003525501347944263,274
18.51827345227684,0.255950338528206,3.550819294702331e-06,275
8.731566810603427,0.20457629872961855,0.0002945658444005529,276
8.72483238238562,0.2086872577145452,0.00020569635805088132,277
8.707514174229619,0.27156271074884347,8.870688350444552e-07,278
8.800669868694824,0.23036992817165913,3.2697381105209154e-05,279
17.438329423328387,0.17616902585454833,0.0028754781243256395,280
8.854033407458507,0.2042127162583828,0.00031629213601696096,281
8.835633197002942,0.17476120056626562,0.0031121684151784903,282
8.697420639195864,0.1466875065698045,0.026042424172125107,283
8.662669099497617,0.16038406670934618,0.009451618208924751,284
17.4596719691275,0.15129943642162738,0.018054321701818317,285
8.818695060064245,0.10038445323910013,0.5388613627327601,286
8.748857921148522,0.22280766771001803,6.366373424744255e-05,287
18.12406336903554,0.15831846798420787,0.010689752575831723,288
8.765982155295557,0.15578019135813123,0.014221459084804546,289
8.765982155295557,0.22572922986213348,4.9230630814919765e-05,290
18.15587893663449,0.19886832241181665,0.00047207348028114975,291
8.71954061653375,0.25433425134745463,4.07028882876711e-06,292
16.421566668136254,0.18128715832895897,0.0019143576467131594,293
8.766459553873053,0.20279224368417628,0.00034074989526308806,294
8.736880930221654,0.20751144304183983,0.00023223827141318837,295
8.956998094164984,0.2528374593662011,4.877803150747359e-06,296
5.657470192570186,0.13779918890769716,0.05107348873166722,297
8.800669868694824,0.20478787314796476,0.0002769016549710794,298
18.27297346916354,0.14545361952543878,0.028614901703376085,299
18.12406336903554,0.16383248993119592,0.007037120120085179,300
8.638765595694121,0.16551653083821313,0.006501555936006822,301
8.697420639195864,0.16564860427957184,0.00642383475172168,302
8.848347092605962,0.2292281819287042,3.8194292655648204e-05,303
5.736302155278093,0.20199679531553877,0.00034902877789411754,304
8.812713496847692,0.26499431137569335,1.633307039542331e-06,305
18.919379526739817,0.1752244913677473,0.0030044337153885547,306
18.12406336903554,0.2302056324661114,3.5427289219117925e-05,307
8.731566810603427,0.20246940268466762,0.000358231409228629,308
18.15587893663449,0.2688652311416475,1.1708443638862175e-06,309
42.8615705764059,0.1792521140854837,0.0021555816967190767,310
19.055800447552972,0.20646742291640227,0.0002515570527116971,311
8.78363767713654,0.271530164862014,9.33884001962019e-07,312
8.835633197002942,0.23599114761043344,1.996469595212559e-05,313
19.04296906940544,0.2197927841964816,8.195202368746478e-05,314
5.967163143388587,0.12847619909102634,0.10477703707462926,315
8.68011820211332,0.20615453159307628,0.0002649437221732506,316
8.800669868694824,0.22249135091892652,6.510628290366874e-05,317
8.6635404954404,0.1538934892575861,0.015995409816640466,318
8.748857921148522,0.2293400520113813,3.760912300231221e-05,319
17.577265781638395,0.126442735970417,0.10804809681775066,320
17.74003536446908,0.23051008650061963,3.296810951284695e-05,321
8.59483013369288,0.2032328400358819,0.0003233325638394453,322
18.859369634823455,0.18078051134735892,0.001883550376790517,323
18.029549725707785,0.2730821091811125,7.467809786141185e-07,324
17.83340739180035,0.25030003852542343,6.123129321939582e-06,325
8.872767267545203,0.19511864601628015,0.0006419790940678554,326
8.800669868694824,0.17623575846396794,0.002794833706823624,327
8.408859388151432,0.17327788704966215,0.0033765930387563143,328
8.59656595153282,0.17432900278082866,0.0033009199982901656,329
10.948057200689556,0.14078008268919578,0.04190169115233017,330
8.765982155295557,0.18964174054461766,0.0010284018127689068,331
17.83340739180035,0.2751573150305175,6.556469781305375e-07,332
18.734756414310624,0.1406515938343035,0.04394770702658021,333
18.773882646927866,0.2236974499812528,5.968205301258252e-05,334
8.84192810217686,0.17206821939360592,0.0038636452269943267,335
18.27297346916354,0.15855308838499318,0.010868704410173525,336
8.789478240530945,0.21970945320853605,8.199505502931662e-05,337
8.913374252143047,0.208669874850999,0.0002038915182203387,338
8.714352507226016,0.2582394172913982,3.0143747187246353e-06,339
18.340790530530587,0.24396061955266668,1.0578592300760839e-05,340
8.806632826123515,0.33847039484974056,1.6597423925107688e-09,341
18.459709778355162,0.19301535975860537,0.000731473123610355,342
8.748008529541687,0.23470746931142486,2.3656792797418248e-05,343
18.615470734962386,0.20121050729831652,0.0003702540556520316,344
8.758997338027529,0.21932866104988732,8.859661081811579e-05,345
8.696991763101417,0.14215032593723007,0.039426804935653564,346
8.731566810603427,0.21508594965104083,0.00011461891083933684,347
18.328670512490802,0.2068743403527767,0.00023877526630489607,348
18.734756414310624,0.2297651586858971,3.405712037626886e-05,349
19.43544107305852,0.26589190177898103,1.4609991825052453e-06,350
17.69154753584172,0.18282080604562964,0.0016119043333547873,351
18.27297346916354,0.2161938442549723,0.00011231897823625237,352
8.771440028308684,0.2024313721499842,0.00035375072417992946,353
8.765982155295557,0.23264408116879998,2.6490957628045715e-05,354
8.731587490668424,0.18568121148113886,0.0013278771123945595,355
19.21126217114541,0.2783106546914629,4.4420932391514367e-07,356
8.765982155295557,0.16343211383640158,0.00766166946012056,357
18.615470734962386,0.20076198299144432,0.00039496809099082565,358
18.17787967871333,0.16517270169179366,0.006997232663488754,359
8.835633197002942,0.27583155823900857,6.647851056608262e-07,360
18.12406336903554,0.22142200695725558,6.532687582907112e-05,361
8.731587490668424,0.23246208180547956,2.9437009791818028e-05,362
8.766459553873053,0.2940255474210739,1.1815121467323991e-07,363
17.883620899329163,0.17685221399664186,0.0025790220140772323,364
8.731566810603427,0.24486871229285007,9.798095572507074e-06,365
17.883620899329163,0.22454552865449073,5.630576445313083e-05,366
6.470631194827715,0.14911551654207827,0.022306930299653565,367
10.924441501840123,0.16370137825720707,0.007683432478281891,368
8.870875438213458,0.2150526443054846,0.00013190211544047747,369
8.870875438213458,0.1981812496765565,0.0004827856783292814,370
18.89391474010743,0.19764928937372084,0.000512710174116185,371
17.551926780804948,0.1827395328255989,0.0017564703691911605,372
8.582952014939906,0.18066570240081006,0.0018608314419765568,373
8.731566810603427,0.25410560667487186,4.4099743143304165e-06,374
8.825104968845352,0.2582015277266641,3.0050210054252862e-06,375
18.44318985302112,0.27982918259744555,4.129791068959203e-07,376
8.87750742989384,0.14474306136662132,0.030376708544483624,377
18.51827345227684,0.25405390932193933,4.4267752620431055e-06,378
10.840466499169134,0.20298415335498232,0.00032997783150677735,379
19.12177408351229,0.17393369419817453,0.0034730319121254564,380
17.551926780804948,0.1542156172949522,0.015357944101299273,381
8.736880930221654,0.24708282920039534,8.567314826651129e-06,382
18.12406336903554,0.2531231353461129,4.5358217254465945e-06,383
8.870875438213458,0.24348946260548332,1.1339821617828556e-05,384
19.02281103194059,0.17929140525250573,0.002172012680919434,385
19.580514230702466,0.1301526633893154,0.09031973369408162,386
18.21053806172945,0.28927338996700186,1.7179715174771977e-07,387
19.26571860913045,0.15872835443945454,0.01071421354211696,388
19.80744771171242,0.24365817934854325,1.0707672219264256e-05,389
8.68011820211332,0.17293939720501844,0.003524684293039141,390
35.69005822386451,0.21444376745323646,0.00013067048736894373,391
8.837046037324109,0.1550020383731182,0.014504979842891742,392
18.27297346916354,0.17705990448729686,0.002633191484127702,393
19.608180474625538,0.19893799795141812,0.00044084437930223147,394
8.731566810603427,0.25202545481483196,4.8969030094880865e-06,395
8.731566810603427,0.1945136465508163,0.0006125297324178569,396
8.697420639195864,0.19764911922065123,0.0005216577640987485,397
18.328670512490802,0.16952884059755874,0.004787871642891659,398
18.67607464146193,0.23094458494505896,3.0785087194211836e-05,399
18.479492185741027,0.21330417877264501,0.00013511871177164414,400
8.697420639195864,0.15062444360978497,0.01982717512396257,401
18.836588311562696,0.17137060321242054,0.004422958593560351,402
8.801611276864707,0.15084900614326813,0.019696951289210955,403
18.51827345227684,0.21689887291469243,0.00010408888156860671,404
8.961768423923363,0.14291762804015543,0.03421438649810859,405
8.837926345108647,0.3524515605777094,4.090042245131762e-10,406
8.696273357316883,0.2308857119155744,3.381003322103553e-05,407
8.848347092605962,0.22023409721909012,7.75707522096746e-05,408
8.765982155295557,0.17860317597668973,0.0024020573224764006,409
8.702417694097363,0.238597331988421,1.7221307311115496e-05,410
8.78363767713654,0.20014400602242483,0.0004076330531449,411
18.385473202508766,0.16490698073010396,0.006280767025893235,412
17.86188772830176,0.17243629702901486,0.003628566390151152,413
19.52811698790068,0.2265836283799999,4.785441534090709e-05,414
8.714352507226016,0.26932293377256533,1.1043309440609728e-06,415
8.812713496847692,0.23393311369040987,2.4092837488910055e-05,416
17.97756064683248,0.1295753775017646,0.09095324737592235,417
17.69154753584172,0.21715527320980335,9.988877336297723e-05,418
8.634300493223833,0.12711067626401018,0.10552549207294157,419
18.306533785377592,0.23401717056248472,2.450839441047139e-05,420
18.069688014740308,0.1620756928001041,0.008552367046694981,421
18.15587893663449,0.1403006694119081,0.042456618924499985,422
8.748857921148522,0.19002635024274714,0.0009311530540588138,423
8.612450237350853,0.2542434850374454,4.1770161481225645e-06,424
65.83032819539187,0.1417595682065085,0.036954833871035944,425
18.734756414310624,0.15731852515097244,0.012891623037984077,426
8.800669868694824,0.26249112859850515,2.1682180086081e-06,427
8.84192810217686,0.11370753009306761,0.25962885730089097,428
18.12406336903554,0.15895647446483768,0.011167834494738705,429
18.424350776951837,0.18276561142429526,0.0017660880244538167,430
8.71954061653375,0.19061310556443606,0.0008855840953946332,431
8.6635404954404,0.20226093885222426,0.0003351364038663606,432
8.777365753387215,0.20549239754536483,0.0002682179240359821,433
8.71954061653375,0.20741386345811672,0.0002481562754506102,434
18.976989871974233,0.17262048713223782,0.003955545479515644,435
8.731587490668424,0.2626561127390906,2.0500402855314583e-06,436
8.731566810603427,0.15556068742889997,0.014013741686609302,437
8.870875438213458,0.2041645685333461,0.0003302958614044134,438
8.714352507226016,0.21468637451006037,0.00012978827884984552,439
17.69154753584172,0.186533075770171,0.0012640132651416931,440
18.67607464146193,0.1956148098269565,0.0006071365942283052,441
18.459709778355162,0.15047238235665236,0.019727361680937583,442
8.68011820211332,0.23206853016638374,3.024332419387465e-05,443
8.561307541356095,0.17153112720597913,0.004090407003798202,444
5.648883276748788,0.13944804808276443,0.04656201438271038,445
17.4144925291895,0.18451796776115456,0.001504160335089391,446
8.800669868694824,0.18300441503106293,0.0016015052189750072,447
8.848347092605962,0.2240620369935389,5.644065887837454e-05,448
11.112071414159505,0.221021406639169,7.35541650803828e-05,449
19.055800447552972,0.19222654583916388,0.0007525743925709776,450
8.731566810603427,0.23565533182963883,2.22849299224055e-05,451
19.220484248278158,0.2580520909665835,3.097507017839263e-06,452
8.800669868694824,0.25330153676868733,4.861992153994763e-06,453
8.78363767713654,0.2097788553189635,0.00019236463514812197,454
17.230871377912166,0.17304347680533974,0.0034202768592552935,455
10.971408155253629,0.17511605638356448,0.0031965177858434006,456
18.12406336903554,0.18893033591561814,0.0010048232161069864,457
8.765982155295557,0.21172222414941058,0.00016186034738141262,458
17.83340739180035,0.25373102348641435,4.513433485806753e-06,459
8.765982155295557,0.19514781355288427,0.0005916610598951489,460
8.545829155392275,0.18154131960134284,0.001984519255304947,461
8.854033407458507,0.2593727460287654,2.6610396966658285e-06,462
18.306533785377592,0.1006818892698493,0.503538890576108,463
41.86423500017023,0.14390274496080901,0.032093402187549344,464
8.731566810603427,0.3092416880580419,2.77364889736384e-08,465
8.702417694097363,0.20217026357812024,0.000352305295432246,466
18.029549725707785,0.15793158493684414,0.011385259325777733,467
8.771618213619705,0.20679189788288335,0.00023500213636773774,468
8.613232767103376,0.15685919889888097,0.011947745603999346,469
8.748857921148522,0.2277693738407287,4.4373270191113064e-05,470
18.15587893663449,0.2935934880877025,1.264383197353027e-07,471
17.41736202468639,0.22270675393959785,6.353056550845384e-05,472
8.731566810603427,0.12845589265915078,0.09870452934270219,473
16.81014724800378,0.18641163382421946,0.0012590313846997975,474
8.748857921148522,0.22265448773317909,6.462252554877124e-05,475
18.029549725707785,0.2676091826315334,1.3531821629974602e-06,476
8.806632826123515,0.21563433998874534,0.00011600622611261783,477
19.12177408351229,0.17609277822320127,0.0026490256130059947,478
17.97756064683248,0.18976512045925914,0.0009556262985642382,479
8.68011820211332,0.1716945818575188,0.003996211848396446,480
18.007683496406926,0.2642738819294984,1.7025545948300754e-06,481
8.78363767713654,0.22086995663516867,7.726189083096908e-05,482
8.765982155295557,0.19373284377225738,0.0006855842139451521,483
18.89391474010743,0.23074601003415943,3.199383989878896e-05,484
8.800669868694824,0.224774567677637,5.3845845425066376e-05,485
8.731566810603427,0.20873982127016852,0.00021154245029232302,486
10.917550561789707,0.19868869368994385,0.00048301878853847496,487
8.748857921148522,0.17670618498176746,0.0025308720177936034,488
8.765982155295557,0.23561458674894137,2.1929712895832257e-05,489
17.279193818081417,0.1958889863970574,0.0005466949872337902,490
8.806632826123515,0.2023759076439477,0.0003517883498777668,491
10.917550561789707,0.14112410027532624,0.04233189720984437,492
18.038423474102583,0.19572691001820278,0.0006023149534860219,493
8.765982155295557,0.30627853382891257,3.742989826981714e-08,494
8.731566810603427,0.24521741497460453,9.377370713310796e-06,495
8.84192810217686,0.19111990454197222,0.000770013334247951,496
8.75369076165059,0.2625179791021302,2.1041886199660652e-06,497
18.17787967871333,0.1856271480010031,0.0013543595504807266,498
17.4144925291895,0.210665685548677,0.0001836527746468411,499
8.6635404954404,0.280039845659714,4.1845298009846917e-07,500
19.93916187460553,0.20864491052242654,0.00020660560817354443,501
8.715831532425034,0.15183984768265035,0.017825563230779967,502
8.6635404954404,0.14430545528520006,0.03178821925496055,503
8.870875438213458,0.22419268582585908,5.8848649351771785e-05,504
8.800669868694824,0.19345921135557329,0.0006922363570461809,505
8.771618213619705,0.22279572719452415,6.660099889542175e-05,506
8.731566810603427,0.16140875126020976,0.008247445594846142,507
8.835633197002942,0.261175677840101,2.4160256280966507e-06,508
8.731566810603427,0.21522684948085383,0.00011428456519262314,509
8.736880930221654,0.20059612432046864,0.0003761462492772672,510
8.835633197002942,0.16035237797229793,0.008986417598289114,511
17.97756064683248,0.26121103558033354,2.1973301633140806e-06,512
8.702417694097363,0.17517363323509885,0.003110301881556494,513
8.736880930221654,0.1892644850349654,0.0009563966607070862,514
8.872767267545203,0.14481577751664976,0.029871099610776948,515
8.748857921148522,0.21372807839506916,0.00013831903185938747,516
6.470631194827715,0.10367161446873076,0.46031933222443966,517
17.487340846731975,0.22032947503481923,7.935622352582127e-05,518
74.8543209721998,0.17908681570869137,0.002348948962518731,519
18.42083359177258,0.22308702787379067,6.067672765895303e-05,520
8.835633197002942,0.19749211220879806,0.0004970535914318266,521
18.51827345227684,0.1802519465135039,0.0020397587837514327,522
8.765982155295557,0.18948463704923663,0.0010337177867657116,523
8.800669868694824,0.19537450112164936,0.0006138705961427619,524
17.83340739180035,0.2771224609394029,5.580248356127854e-07,525
18.01761792635179,0.18637191326102664,0.0012804274670326877,526
8.748857921148522,0.19097752478489657,0.0008779093592401483,527
8.697420639195864,0.18049636995980597,0.0020135153421951394,528
8.777365753387215,0.17115057326778157,0.004240916481143081,529
8.86054684620547,0.21709745682878323,9.927985033777435e-05,530
8.801611276864707,0.29200007775450754,1.4803891392542272e-07,531
16.280175747339406,0.15274465207259988,0.017289528411136203,532
8.818695060064245,0.15462838584842878,0.015421858223603558,533
17.74003536446908,0.2064725412466318,0.0002452752996168383,534
18.90058105145132,0.19068103552638846,0.0008742411258362619,535
18.923365626597107,0.115924185455816,0.22655343422891527,536
17.831182887263907,0.1967906134448635,0.0005320377031734976,537
8.771618213619705,0.19207592342155094,0.0008378164357047806,538
8.736880930221654,0.2400012763508209,1.615753838570598e-05,539
8.800669868694824,0.21592437972586032,0.00011626469186743281,540
18.424350776951837,0.19141214824919764,0.0007777035780534285,541
9.754762235166599,0.16669614893715304,0.005751858812359652,542
38.53707038499675,0.15704879568107108,0.01271399740394132,543
8.765982155295557,0.17778926554509528,0.0023480993525269627,544
8.68011820211332,0.15635357700531405,0.013381512392575678,545
11.169775327563555,0.1675216586229487,0.005556620806653662,546
8.765982155295557,0.2196477027567586,8.323466288795935e-05,547
18.27297346916354,0.251950700189847,5.30452734135304e-06,548
19.732068968561816,0.19758469638935477,0.0005013370904631496,549
18.615470734962386,0.18745253924075064,0.0011721915526311678,550
19.98661907885915,0.1746622569017633,0.003043500125748176,551
10.971408155253629,0.17669544246368768,0.0028054290623353738,552
8.765982155295557,0.26551240662312814,1.5351241714283247e-06,553
18.21053806172945,0.13728856645541973,0.05380537854384129,554
8.88965611055809,0.16816271169649222,0.005278326207026196,555
18.345207812346395,0.20222601320993905,0.0003420628210127074,556
9.809959087481044,0.18986304718316627,0.0009890163670262372,557
18.93501377153641,0.20179834708754255,0.000363584198749441,558
17.69154753584172,0.22090773708608918,7.662344389470902e-05,559
8.765982155295557,0.19663405518617266,0.0005632209568895522,560
18.069688014740308,0.25107921394161464,5.849111088693241e-06,561
8.913374252143047,0.22288799682633087,6.189557236463608e-05,562
8.800669868694824,0.21797575526989021,9.926221097890974e-05,563
8.870875438213458,0.22965691967844726,3.5300405722886525e-05,564
18.424350776951837,0.15889449800638794,0.01061780888957353,565
8.748857921148522,0.17629524745556033,0.002975837867361521,566
8.800669868694824,0.3028404086324509,5.362341122401543e-08,567
18.578257121267516,0.18232751419748663,0.0018665420364868395,568
19.055800447552972,0.3011273666244543,5.90184024388555e-08,569
8.714352507226016,0.22169246964474656,7.289176788685065e-05,570
17.97756064683248,0.19135927673934397,0.0008876445464101974,571
8.714352507226016,0.21175592109585703,0.00015660941211310215,572
17.484161584533034,0.23007337657510127,3.4243143432607273e-05,573
8.800669868694824,0.3321613420559104,3.1095275694834255e-09,574
8.84192810217686,0.18766851987265498,0.001127392819342882,575
19.220484248278158,0.19496221778908693,0.0006398690951667532,576
8.731566810603427,0.20409188597198055,0.0003285293437736696,577
8.697420639195864,0.1555219737679595,0.013981224942997403,578
17.83340739180035,0.21703812860645072,9.798515554224742e-05,579
18.17787967871333,0.20484163516032,0.0002812969993097816,580
8.879506082709389,0.1972909483071844,0.0005299214267977182,581
8.731566810603427,0.27640317080364196,5.752541459734091e-07,582
8.771618213619705,0.22974944973786407,3.581799901267367e-05,583
42.827509391121325,0.21597536708448378,0.00010840444004437468,584
8.59656595153282,0.24157931210844183,1.3082559790416954e-05,585
8.800669868694824,0.1370119561472929,0.0513269760430843,586
18.734756414310624,0.1505393279160362,0.020260710945727626,587
8.777365753387215,0.14683992024293074,0.025036941045914606,588
19.220484248278158,0.1433311979932446,0.03349326029150575,589
19.288703150611813,0.19609464091556617,0.0005784835756081667,590
8.697420639195864,0.2234685360572546,5.768758284189832e-05,591
18.15587893663449,0.1535108958219889,0.016252438603727794,592
8.747767423226563,0.17085908367404484,0.003999915328111721,593
8.731566810603427,0.27677942616990764,5.51439526565481e-07,594
19.26571860913045,0.19282920400804068,0.0007377515897626757,595
8.765982155295557,0.23666500364615428,1.9418092639901876e-05,596
8.702051404965681,0.25699018098068765,3.5102753591488226e-06,597
18.232756219018817,0.17749542977739333,0.0024869882326164156,598
9.887848680394582,0.22570205121589862,4.8473087238771696e-05,599
8.765982155295557,0.2501590296402695,6.090589002012084e-06,600
8.735602633238841,0.21524533620068714,0.00012468906981421657,601
8.765982155295557,0.1549885389614007,0.014513978266490193,602
10.948057200689556,0.16184396661543973,0.008461619823163432,603
8.697420639195864,0.30652098412016127,3.708566111476462e-08,604
8.582952014939906,0.2029424146729545,0.000327938636378791,605
18.67607464146193,0.17364021837328067,0.00363225741579462,606
18.15587893663449,0.2245570199735763,5.6704769618127905e-05,607
17.59986804446447,0.2010174919475419,0.00037637759262543,608
8.765982155295557,0.1959738361516247,0.0005868700013189353,609
9.725701381896418,0.1340704321437392,0.06657284023284898,610
19.055800447552972,0.1415618297767397,0.03978599730450237,611
18.734756414310624,0.2624400053100821,1.960504009972323e-06,612
18.55532796556113,0.19399883637372903,0.0006383182802477257,613
8.812713496847692,0.11293106618814408,0.2913286414684796,614
18.836588311562696,0.21393217115323507,0.00012719218357433717,615
18.038423474102583,0.20870980535267014,0.00020710973322478584,616
8.835633197002942,0.23305205452442357,2.540305306011313e-05,617
8.835633197002942,0.23469116097058504,2.343499680280697e-05,618
17.188032424405996,0.18506768844205015,0.001419836299590363,619
8.806632826123515,0.10278253460293924,0.4725085810459119,620
8.697420639195864,0.16543627825444993,0.006225536710271919,621
8.800669868694824,0.16842397237791146,0.004765056098193024,622
18.288501105798844,0.21819899224440428,9.743733828927162e-05,623
41.26077380760535,0.1798939978076155,0.0019888044880839273,624
8.86054684620547,0.240617834169353,1.4448618939181604e-05,625
10.846011903496432,0.17732115036202623,0.0025148377607072687,626
18.481983980482475,0.25071019050883686,5.5455637436202485e-06,627
18.67607464146193,0.27544509911711496,5.976183202722285e-07,628
8.655354320833462,0.19239056923096526,0.0007516631403395402,629
18.27297346916354,0.22278380012636984,6.438471186263412e-05,630
8.806632826123515,0.1652576375587219,0.006892280141744516,631
8.835633197002942,0.1722837417727964,0.003841495534189029,632
8.731566810603427,0.2588148851914784,2.6576174209426497e-06,633
8.6635404954404,0.22642169948899085,4.698234994985056e-05,634
8.765982155295557,0.22992214760844365,3.636765817068866e-05,635
18.67607464146193,0.1792324792576834,0.0022124918981566693,636
8.765982155295557,0.23727622919202954,1.8968973506091138e-05,637
8.76666969474187,0.2266343515904481,4.826851706961557e-05,638
18.029549725707785,0.21918567097628003,9.082563449436861e-05,639
8.800669868694824,0.20369721433380178,0.0003101245233700081,640
8.84192810217686,0.21255019931993174,0.00014676606326739363,641
8.661497455025541,0.23790597628922697,1.7666212151990755e-05,642
8.731566810603427,0.21781914965111873,9.481659662967589e-05,643
8.696991763101417,0.12901017173441126,0.10350383612445713,644
18.89391474010743,0.20320488258692426,0.00031360487634566573,645
8.771618213619705,0.24910656764888467,7.23242432448829e-06,646
52.07105557782866,0.13813030597842677,0.04722264841442178,647
10.893996211026657,0.19643603646490362,0.0006148622360512788,648
8.800669868694824,0.2082306194569312,0.00021174989084726638,649
18.12406336903554,0.2020288856551427,0.0003527770321620509,650
8.742300436310058,0.19071538289060386,0.0009444116777423037,651
18.029549725707785,0.19123092625426896,0.0008587844886538368,652
18.288501105798844,0.12815035933202365,0.10261636878917946,653
10.917550561789707,0.16630351184540287,0.006647728198011353,654
19.35191980078691,0.15911539969195942,0.01065256175789654,655
18.328670512490802,0.24495148301634004,9.670025011985405e-06,656
17.279193818081417,0.20636879092740093,0.0002426302263902988,657
18.27297346916354,0.289831357021867,1.6995525756880893e-07,658
17.69154753584172,0.1943074474106892,0.0006871598393994321,659
8.777365753387215,0.1878618646655562,0.0011081679379041014,660
8.747767423226563,0.2409176286430702,1.3789500003728702e-05,661
10.893996211026657,0.14203367717338802,0.03754709681792088,662
17.324396616769995,0.2384538281401369,1.7366257248012225e-05,663
16.885624514372964,0.14806996916490145,0.023614730696470965,664
8.765982155295557,0.1190418704427365,0.18001813051114887,665
18.615470734962386,0.12554238089874753,0.12252922480065682,666
17.86188772830176,0.2591582184890862,2.7306221477553693e-06,667
18.22138592847165,0.17332635944682762,0.003460917239962818,668
18.029549725707785,0.1819333518802653,0.0018640572312612353,669
18.328670512490802,0.16873380023032086,0.0051315443340611755,670
10.971408155253629,0.13845128411606525,0.049676431949683075,671
18.459709778355162,0.1940965984465249,0.0006515929994523614,672
8.818695060064245,0.1752897557724588,0.00283074206354666,673
18.038423474102583,0.14309750412580247,0.03470505753931305,674
19.89031543292993,0.22942929097630987,3.639241312749344e-05,675
8.818695060064245,0.21042536402403422,0.00018470137591588951,676
8.714352507226016,0.319830026064027,1.0585596542674061e-08,677
17.97756064683248,0.20631604809366347,0.00026228501099540106,678
8.835633197002942,0.24701044135129308,8.32542347962474e-06,679
17.883620899329163,0.2667037513764726,1.391500741741978e-06,680
8.662669099497617,0.19862691335567445,0.000475111851333657,681
18.95770951478844,0.23665456778123983,1.9460541528330716e-05,682
18.481983980482475,0.17965908087805177,0.002141605995417074,683
18.459709778355162,0.17930505607065536,0.002185854240478719,684
17.14598125614478,0.18449195357372078,0.0014039256127974871,685
8.766459553873053,0.17511985379441092,0.0030871275855843413,686
17.74586439536146,0.20250417930793432,0.0003408417125640749,687
8.731566810603427,0.19364996848402627,0.0007179945459559329,688
18.328670512490802,0.19170733713696164,0.0007843778280361316,689
8.819789648491078,0.16460536296249098,0.007125310142037199,690
18.796436339604266,0.1841782403177715,0.0014173011697120978,691
17.83340739180035,0.22080414596934986,7.475402221786844e-05,692
8.731566810603427,0.2802796400645482,3.984321244850492e-07,693
8.777365753387215,0.2474102752931472,7.586344463097677e-06,694
8.765982155295557,0.3008559956983388,6.348397866691699e-08,695
8.59483013369288,0.1672713962834265,0.005593597159365295,696
8.78363767713654,0.22366258619606152,5.8197416514838325e-05,697
8.742300436310058,0.20371866862528248,0.00031534403899954313,698
18.93501377153641,0.14344896357462245,0.03442144241140282,699
8.565114098052396,0.2567553856205007,3.4210142958124526e-06,700
8.612450237350853,0.17405004247257172,0.003354004821070029,701
18.653467188446076,0.24949220584904164,6.698613307541318e-06,702
8.835633197002942,0.29057782904429463,1.6314209095628355e-07,703
8.754369749910422,0.16251830069301051,0.008572303016779406,704
8.777365753387215,0.25141946733444487,5.816703199605941e-06,705
8.806632826123515,0.20700592085426486,0.00023890986999909784,706
18.836588311562696,0.1644792622029431,0.006680382005611059,707
8.748857921148522,0.17468914188043175,0.0030507662940397113,708
8.800669868694824,0.2234474879836059,6.115248176169944e-05,709
8.43241977110795,0.18998799367583868,0.0009148191513938513,710
8.650707189771492,0.20397525692343543,0.00030617349457597265,711
6.58559261474786,0.12497113990832921,0.12653322651732543,712
8.731566810603427,0.2550566059813782,3.695078027834763e-06,713
8.731566810603427,0.2867383575946849,2.2617234090693793e-07,714
8.818695060064245,0.21355990986797485,0.00013736968315512473,715
17.210019889778973,0.1896693699645276,0.0009775030986423794,716
17.97756064683248,0.24573532581608343,9.029472407144945e-06,717
8.742300436310058,0.23410706337644185,2.4314136741508736e-05,718
8.835633197002942,0.18910375702099727,0.0010527443727910905,719
18.796436339604266,0.20843578214744332,0.0002125614904673289,720
8.78363767713654,0.31831629609415346,1.191376635359485e-08,721
8.731566810603427,0.21559360745766745,0.0001246844283731842,722
8.702417694097363,0.1571974990236012,0.011255060103258947,723
8.806632826123515,0.23140647070651565,3.147629399376656e-05,724
19.4838776521282,0.20871347472984011,0.0001938333807746819,725
18.459709778355162,0.18750566897843898,0.0011278262896346131,726
8.643260839895476,0.17514626033787667,0.0030905315357313513,727
8.818695060064245,0.137766391120335,0.05395759120597753,728
17.718433814965888,0.22208593967199994,6.319602152999261e-05,729
8.818695060064245,0.21592110283103594,0.00010812637757906914,730
18.578257121267516,0.14778353331623068,0.023751815562837668,731
8.771618213619705,0.18056912245775883,0.0020984018715658435,732
19.0989347296939,0.21698393183626333,0.00010985589659672456,733
8.714352507226016,0.22039455885488562,7.485540599644659e-05,734
18.481983980482475,0.1463308395477738,0.027119486547322363,735
17.97756064683248,0.2137556477397494,0.00012849683982370886,736
17.646442989439965,0.1587742029693421,0.010525453625878875,737
17.97756064683248,0.19144282084221734,0.0008212065134021646,738
8.800669868694824,0.21851569906749063,9.191423970428477e-05,739
18.12406336903554,0.2113910038383128,0.00016140518600432272,740
8.84192810217686,0.1697582000342292,0.004354497608560932,741
18.09203774927733,0.23439551412396706,2.3941601050486868e-05,742
10.792082838060807,0.19233170449442022,0.0007756490787986708,743
8.646151823163262,0.17294238732732245,0.0036055295278944167,744
19.220484248278158,0.18985000743243532,0.0009162913049073011,745
19.055800447552972,0.16940471752629105,0.004958878204877204,746
8.854033407458507,0.2309943074582461,3.2894968389703943e-05,747
18.27297346916354,0.20093337596191108,0.0004195945309229178,748
8.731566810603427,0.20996003462725057,0.00018855498244249442,749
8.629923282528672,0.20050375952791186,0.0004037810277330753,750
8.806632826123515,0.22483895955372785,5.457573711007381e-05,751
8.748857921148522,0.2343447334793665,2.4045928574496992e-05,752
17.767645793864418,0.2029718954031471,0.000330621452500161,753
8.765982155295557,0.202231030099517,0.0003344314025315378,754
8.735602633238841,0.25557340475459733,3.977529059346314e-06,755
18.578257121267516,0.21212342330395684,0.00016131052369998115,756
17.86188772830176,0.11991472532527825,0.16897004752311845,757
20.14532676474042,0.1267629293661896,0.11160328778708226,758
8.800669868694824,0.17224734527759086,0.0039221114902876775,759
8.801611276864707,0.2918848256615432,1.4565990162081303e-07,760
18.615470734962386,0.15612322045851557,0.01296761528736684,761
8.668225274993054,0.1986904867774639,0.000440674636967706,762
8.800669868694824,0.21507804774461226,0.00012180620436760202,763
8.719303412717633,0.1840429579755374,0.001560086112758636,764
8.800669868694824,0.26437247844021555,1.71084236086969e-06,765
17.0343934603406,0.128992142083781,0.09506971659712284,766
8.714352507226016,0.3734755128403417,4.5799312753102966e-11,767
8.766459553873053,0.22349423857052153,6.064247749789179e-05,768
8.800669868694824,0.1461601384513189,0.029495682499999648,769
18.17787967871333,0.2069683897591136,0.00023720749976849557,770
8.628616279626222,0.16480348356780283,0.007094137902396851,771
17.91286333474448,0.16816040595414933,0.005597773886780605,772
8.835633197002942,0.19894166452320644,0.0004923615271915648,773
18.136385620724525,0.18211770540085898,0.0017130033019014418,774
8.758997338027529,0.13420135355777962,0.06702365417229378,775
12.221700134724163,0.2133965904408867,0.000136102252852508,776
19.734475124623703,0.2175729949372363,9.71092732958745e-05,777
18.007683496406926,0.16155649751740556,0.00904813040404597,778
8.777365753387215,0.19564103193982907,0.0006008373534565487,779
8.819789648491078,0.1578196614282287,0.011217231335727837,780
8.612450237350853,0.23445805532056468,2.38464832277522e-05,781
8.59483013369288,0.14004358408256382,0.041416223006015246,782
8.731566810603427,0.18554998494795844,0.0012890530323705477,783
8.84192810217686,0.14068963646216734,0.04178101466814146,784
8.646151823163262,0.23304168096259628,2.716263191967149e-05,785
8.749012698690606,0.22685189950368673,4.610254314660096e-05,786
6.484600876736209,0.08470208917195603,0.8850758288811146,787
8.835633197002942,0.19906897767337953,0.0004413998750834451,788
18.637883919750617,0.24597549393720983,9.247202432971705e-06,789
8.906399943148797,0.25817686231258075,2.978978238499044e-06,790
8.771618213619705,0.2932693360077464,1.3067400955465377e-07,791
18.615470734962386,0.1515059322778633,0.01790436885503935,792
8.87750742989384,0.18088742939240632,0.0019321787640010756,793
17.86188772830176,0.1707789363255637,0.004316130555467749,794
8.697420639195864,0.1589246727711679,0.010809015115558021,795
17.97756064683248,0.1877850601924766,0.0010440252810841799,796
8.848347092605962,0.17231682493414519,0.0036700097227910077,797
8.78363767713654,0.20820708952206915,0.00023158614457683338,798
8.835633197002942,0.18089270567081459,0.001862782597843712,799
8.696991763101417,0.3213469329826004,8.42786794391971e-09,800
18.796436339604266,0.2568860502869172,3.3089514801740684e-06,801
8.800669868694824,0.27645738793531954,5.996243338257003e-07,802
9.76890801444905,0.1311607691044009,0.08235238777886991,803
8.800669868694824,0.2334599699953413,2.616122208751244e-05,804
6.377692266715056,0.17132754627220084,0.004295343631128933,805
18.136385620724525,0.21608879417931554,0.0001027016669169249,806
8.86054684620547,0.16660764556934254,0.006215231002821393,807
8.75333215882861,0.28040535318537124,4.287821011443778e-07,808
8.812713496847692,0.15780800105506027,0.012326095923313076,809
8.906399943148797,0.2913306358910174,1.5019605834252337e-07,810
8.765982155295557,0.1444958854159304,0.03305925705121841,811
8.736880930221654,0.2712518167828143,9.525779120025421e-07,812
18.12406336903554,0.16168520798601488,0.007909376469387922,813
8.848347092605962,0.18242393857045372,0.0016151283124292224,814
41.681181007433295,0.1882468264814813,0.0010334873019319604,815
8.668225274993054,0.18884195276763388,0.0010315250431828227,816
6.420568218665752,0.21854746257249114,9.966327978731763e-05,817
18.813837809303028,0.1836435264164871,0.0015693102309199917,818
17.97756064683248,0.20599126703274542,0.0002528823620552663,819
8.818695060064245,0.249703079332521,6.553408370155644e-06,820
8.898064509505915,0.3069340623608786,3.613873640948569e-08,821
18.12406336903554,0.18901551056062876,0.0010189432923773825,822
8.818695060064245,0.16145360536785422,0.008955092712934149,823
8.758997338027529,0.2744139446976038,7.429815855123854e-07,824
8.736880930221654,0.27292342529874775,8.191683398608262e-07,825
8.87750742989384,0.22420169456674705,5.870567110806947e-05,826
8.800669868694824,0.15037576827425198,0.020604373105198272,827
19.14299637076811,0.2007659120424729,0.00039191945808540816,828
18.12406336903554,0.11827874565152363,0.19068455612615678,829
8.765982155295557,0.16794136850891372,0.005342541894962117,830
8.646151823163262,0.19190652863563495,0.0007784697765333884,831
18.27297346916354,0.14139067040409745,0.040364064033029605,832
16.38793252997838,0.1510394323028916,0.020214634340979833,833
8.731566810603427,0.19883284928338488,0.00043390985204279614,834
17.367203227477027,0.16352706496159017,0.007627399906204816,835
8.628616279626222,0.19447751743001548,0.000659658008012023,836
8.806632826123515,0.2150582073869897,0.00012432839264989984,837
18.17787967871333,0.1656970816858634,0.005905113391172181,838
18.424350776951837,0.12873704789559595,0.09224142004641642,839
8.668225274993054,0.11995495727149923,0.1598028768128714,840
17.97756064683248,0.15720477997036977,0.012550969639716308,841
8.800669868694824,0.23323195192528995,2.751506805827262e-05,842
8.749012698690606,0.22320293967792998,6.1033709232425146e-05,843
18.27297346916354,0.21809992234630973,9.03970092868982e-05,844
8.697420639195864,0.27960360149383334,4.1920233397648196e-07,845
18.306533785377592,0.2273531044974231,4.39483961622667e-05,846
8.697420639195864,0.24499844935517043,1.0091554904871422e-05,847
8.579010360309953,0.15798653690547723,0.010737952316394295,848
8.68011820211332,0.21685315931904245,0.00010133362747529823,849
8.563465500483677,0.11642623148950883,0.22310644402173485,850
8.689954480804541,0.1421677751760409,0.038589116364409204,851
8.731587490668424,0.2157830961635157,0.00011551794371352106,852
18.773882646927866,0.1770753827503085,0.00262783867143684,853
6.420568218665752,0.15537051878136585,0.013864720558598444,854
8.712652222594086,0.17138834473696676,0.004025557738981177,855
18.12406336903554,0.19046295609291178,0.0009045034379839802,856
8.789072039540756,0.21524001730605377,0.00012018240958948998,857
8.742300436310058,0.262191760482813,2.2601356735579303e-06,858
17.986779717765906,0.24941288117902904,6.440952243382877e-06,859
8.71404849899014,0.18117904626881892,0.0018154068844495966,860
8.68011820211332,0.2782904124904941,5.312709954453928e-07,861
8.73678526598557,0.1788620731254146,0.0022787095952946294,862
17.59986804446447,0.15520392524178567,0.014208931965052612,863
8.736880930221654,0.16744591149304483,0.005544082426370447,864
17.97756064683248,0.14293026067510253,0.035943147012491565,865
8.807662749128074,0.16650975608605187,0.0057736817338542665,866
18.999885007068855,0.12176017531256443,0.15539505553482955,867
8.731587490668424,0.14537612841884112,0.029759140887353413,868
17.97756064683248,0.18248955564250485,0.0016667102559833956,869
8.662669099497617,0.2242018066828174,5.863624191120624e-05,870
8.765982155295557,0.19379910223314334,0.0006965921025204046,871
18.424350776951837,0.25178959949087737,5.479121062232933e-06,872
8.765982155295557,0.19433728754598534,0.0006871105154656807,873
19.45857239616372,0.12582697462668146,0.11856488722823516,874
17.014806963505382,0.1608014157770777,0.009075830311740363,875
8.820815363210317,0.17573235691329936,0.0029336637862786025,876
18.15587893663449,0.20323902763816162,0.0003402015325437007,877
8.920485823981455,0.1891794690742731,0.0009896014453508318,878
8.771618213619705,0.21830842411661383,9.198845261548757e-05,879
8.800669868694824,0.15951237418492772,0.010220513606387734,880
6.392732788755947,0.09355997934527928,0.7205673760933368,881
8.748857921148522,0.31490159746217844,1.5973672151279478e-08,882
8.714352507226016,0.20985150886291393,0.0001909795673461146,883
8.806632826123515,0.20424336484306518,0.00030841692373905806,884
8.70721291369241,0.1816069971553375,0.001903203320628855,885
17.4144925291895,0.18901161120820384,0.0009834466887164307,886
17.69154753584172,0.1767963206799637,0.002735630252949364,887
8.800669868694824,0.22855703167513877,3.989967407612986e-05,888
8.78363767713654,0.230414032251049,3.5607021971260714e-05,889
17.97756064683248,0.3274044114539886,4.8126107005286435e-09,890
8.697420639195864,0.20181869485037696,0.00037851680732573493,891
18.424350776951837,0.18773100209218654,0.0012142902854965078,892
18.481983980482475,0.1609506953437221,0.00926668859991569,893
18.85453318507532,0.250200211808141,6.0697402007371785e-06,894
18.27297346916354,0.21270435967617426,0.00014088576210150434,895
48.36012492136558,0.17464583565973735,0.0031556009804011827,896
8.668225274993054,0.1828225762107157,0.0016614890958172165,897
8.714352507226016,0.14235318143959663,0.03622387379143163,898
19.55854141312082,0.09963141787179094,0.5380422757865654,899
8.835633197002942,0.2485909366339069,7.125480122973662e-06,900
18.24387570360624,0.2413920927479198,1.3362127348510516e-05,901
8.62388178701563,0.22961920824914284,3.581015267129397e-05,902
17.30157223541935,0.15106262932239356,0.01890411914966063,903
8.6635404954404,0.21592489903890288,0.00012100562272040833,904
18.029549725707785,0.14513255178454143,0.030373041301905424,905
18.51827345227684,0.18966512568104987,0.0008977763022372397,906
8.766459553873053,0.18290842223162562,0.0017137512223201492,907
8.765982155295557,0.1684683038191989,0.0050999850668025475,908
8.78363767713654,0.15582271828332303,0.012933208828416082,909
5.663267587055041,0.16370141499866595,0.007781526587043935,910
17.97756064683248,0.16101760022345288,0.008650617304213501,911
8.766459553873053,0.14811129745842858,0.023138744207766716,912
18.328670512490802,0.1756625568044907,0.0027295969844668114,913
18.734756414310624,0.15755435055545616,0.011596234205232708,914
8.835633197002942,0.13955370024112806,0.049010815023560035,915
8.694960897979314,0.19492941708981215,0.0006201689415461908,916
8.765982155295557,0.2274404092927368,4.367931247846681e-05,917
8.579010360309953,0.16024610648620047,0.0099438568294229,918
18.27297346916354,0.1450536777190971,0.029622791083850495,919
19.38803931963581,0.15754361238877954,0.012727903259920466,920
18.653467188446076,0.2001849288806575,0.00042221034156559635,921
8.68498751935739,0.29767943145448844,8.571614091379177e-08,922
8.771618213619705,0.1964028735726121,0.0005572629690044917,923
8.748857921148522,0.21179642581384908,0.0001556150344355723,924
8.870875438213458,0.2597065645557862,2.6071514832763823e-06,925
8.784258609045915,0.2145586703957484,0.000131289767124837,926
18.340790530530587,0.175160961776647,0.0030433481594331077,927
10.864219148907697,0.18614634773973834,0.0013349211455658404,928
8.870875438213458,0.15174361798413688,0.01845757143691471,929
8.747767423226563,0.1349844606209033,0.06652671429076465,930
8.855609290994002,0.24601562821398354,8.358134374896259e-06,931
8.783891318000594,0.25788156272647206,3.0498519928794423e-06,932
18.029549725707785,0.23930070614269644,1.4254341864602681e-05,933
17.59873712863076,0.2240095993661904,5.519031966826428e-05,934
8.818695060064245,0.208730091088842,0.0002075916474434591,935
8.835633197002942,0.1663921449620191,0.005985121097731957,936
8.736880930221654,0.1559822389209975,0.013492012406646596,937
18.17787967871333,0.15236355436055543,0.017925280426836023,938
19.288703150611813,0.21911227992215065,8.68404317877962e-05,939
17.69154753584172,0.2529184176288066,4.771519510928505e-06,940
8.68011820211332,0.15416898112977567,0.015188854690190176,941
8.806632826123515,0.19966192024767096,0.00046256466776388563,942
8.696991763101417,0.2485847893661867,7.634007431729111e-06,943
8.795434895511795,0.24304457429302148,1.1019836504472118e-05,944
8.748857921148522,0.2714244014365357,9.051118446490739e-07,945
8.68011820211332,0.2131772303880305,0.000140766443130527,946
8.765982155295557,0.16317213868144523,0.008010515311546434,947
10.864219148907697,0.1652254992155732,0.006615734694076155,948
62.27779449288577,0.15228598278435954,0.016404621502042978,949
9.809959087481044,0.21518805181320486,0.0001232943946250249,950
17.636395251843865,0.15723957180795867,0.012583079440144423,951
20.933400840500553,0.13050198957292836,0.08421010604087602,952
8.662669099497617,0.18481502024987287,0.0013929043102149888,953
18.773882646927866,0.2332671456488024,2.6556357150174762e-05,954
8.731566810603427,0.31367731503070256,1.8810577424302126e-08,955
8.736880930221654,0.24127077527636095,1.3482612753274067e-05,956
8.61669641056915,0.14819763415495063,0.022424316484733822,957
18.49580748289594,0.130492398820494,0.08812056178932849,958
18.007683496406926,0.18500026829367736,0.0013199030832513985,959
18.773882646927866,0.15616070282618455,0.01395695121173045,960
8.668225274993054,0.21280508640287465,0.0001464564110765095,961
18.578257121267516,0.21919522192477559,8.782998780466965e-05,962
18.12406336903554,0.21234999512563585,0.00015495016278297734,963
8.812713496847692,0.2071094480995383,0.00022277915107221972,964
8.765982155295557,0.19976779036476658,0.0004223208664444358,965
19.580514230702466,0.23904192073581218,1.4887506865822619e-05,966
8.714352507226016,0.2253863552322869,5.2157041533161454e-05,967
8.6635404954404,0.2468335889652933,7.911808763548624e-06,968
6.031898461311323,0.15575393501421406,0.01275061643369923,969
18.188350435355005,0.22052335080417437,7.531571786515409e-05,970
8.812713496847692,0.2604295676613059,2.4156981731170757e-06,971
8.731566810603427,0.20797418603907092,0.00021107433607563605,972
19.04296906940544,0.2186267167230815,9.511991837825387e-05,973
8.835633197002942,0.18055824933251352,0.0020810686186798215,974
6.359614561563024,0.17919238601451232,0.0021440535929471215,975
8.765982155295557,0.2435007180529861,1.1064047956452234e-05,976
18.424350776951837,0.1908056895061636,0.0008688219924895991,977
8.736880930221654,0.19360306763031299,0.0006885446999266925,978
18.95770951478844,0.12714979180190275,0.10748624300250553,979
8.748857921148522,0.194188892041528,0.0007102585531083699,980
18.459709778355162,0.18846223547259824,0.001118043203896255,981
18.15587893663449,0.23143531259873948,3.0662994418639235e-05,982
8.765982155295557,0.19046904313130264,0.0009120086248566219,983
18.029549725707785,0.2964227932240659,8.7827871226678e-08,984
8.643260839895476,0.23207471837813687,2.9263262240603514e-05,985
18.773882646927866,0.19040341006474787,0.0008564307743322634,986
18.328670512490802,0.18698794725897097,0.0012408916687472672,987
8.731566810603427,0.27522763760435986,6.788853134689408e-07,988
8.800669868694824,0.2865369888347198,2.4925252665386644e-07,989
8.731566810603427,0.1273929155524564,0.10818613190481845,990
18.27297346916354,0.20883553465637505,0.00020094704314529564,991
42.045941100232284,0.12316833429476559,0.14324009565742105,992
17.78945749242498,0.1465779327175878,0.027502532862597226,993
18.424350776951837,0.13450022392446995,0.06419782757870227,994
8.870875438213458,0.18562397690387883,0.0013921748784697036,995
8.749012698690606,0.19006942388038117,0.0009667284513676318,996
19.55854141312082,0.11874338378072385,0.1865894777459786,997
8.714352507226016,0.20207670620109408,0.0003485629544927557,998
18.7150761709534,0.16091056953984603,0.009349281145410044,999
