our_measurement,our_period_s_scaled,our_sigma_s_scaled,our_period_s_formal,our_sigma_s_formal,reference,reference_period_s,difference_scaled_our_minus_ref_s,z_using_scaled_sigma_only,difference_formal_our_minus_ref_s,z_using_formal_sigma_only,interpretation_note
LS sine half-period,524.9849969993999,4.320864172834572,524.9849969993999,2.5565113022604327,Kruszewski & Semeniuk 1992: 1051 s mode / superhump family,1051.2,-526.2150030006002,-121.78466666666654,-526.2150030006002,-205.8332394366213,same 1051 s family; paper says exact period cannot be uniquely determined
LS sine half-period,524.9849969993999,4.320864172834572,524.9849969993999,2.5565113022604327,Kruszewski & Semeniuk 1992: preferred 1023.02 s mode,1023.02,-498.0350030006001,-115.26282314814802,-498.0350030006001,-194.81040532081525,different mode; not the dominant 1051 s superhump family we measured
LS sine half-period,524.9849969993999,4.320864172834572,524.9849969993999,2.5565113022604327,Kruszewski & Semeniuk 1992 citing Patterson 1992: 1023.44 s mode,1023.44,-498.4550030006002,-115.36002592592581,-498.4550030006002,-194.9746917057918,different mode; possible one-cycle/lunation alias of 1023.02 s
LS sine doubled to fundamental,1049.9699939987997,8.641728345669144,1049.9699939987997,5.113022604520865,Kruszewski & Semeniuk 1992: 1051 s mode / superhump family,1051.2,-1.2300060012003087,-0.1423333333333411,-1.2300060012003087,-0.2405633802817054,same 1051 s family; paper says exact period cannot be uniquely determined
LS sine doubled to fundamental,1049.9699939987997,8.641728345669144,1049.9699939987997,5.113022604520865,Kruszewski & Semeniuk 1992: preferred 1023.02 s mode,1023.02,26.949993998799755,3.118588425925922,26.949993998799755,5.270853677621322,different mode; not the dominant 1051 s superhump family we measured
LS sine doubled to fundamental,1049.9699939987997,8.641728345669144,1049.9699939987997,5.113022604520865,Kruszewski & Semeniuk 1992 citing Patterson 1992: 1023.44 s mode,1023.44,26.529993998799682,3.0699870370370244,26.529993998799682,5.188710485133044,different mode; possible one-cycle/lunation alias of 1023.02 s
double-wave fundamental,1055.1790358071614,8.893778755751175,1055.1790358071614,5.365073014602897,Kruszewski & Semeniuk 1992: 1051 s mode / superhump family,1051.2,3.979035807161381,0.44739541160593094,3.979035807161381,0.7416554809843336,same 1051 s family; paper says exact period cannot be uniquely determined
double-wave fundamental,1055.1790358071614,8.893778755751175,1055.1790358071614,5.365073014602897,Kruszewski & Semeniuk 1992: preferred 1023.02 s mode,1023.02,32.159035807161445,3.6159023841655333,32.159035807161445,5.994146905294585,different mode; not the dominant 1051 s superhump family we measured
double-wave fundamental,1055.1790358071614,8.893778755751175,1055.1790358071614,5.365073014602897,Kruszewski & Semeniuk 1992 citing Patterson 1992: 1023.44 s mode,1023.44,31.739035807161372,3.568678362573083,31.739035807161372,5.915862788963475,different mode; possible one-cycle/lunation alias of 1023.02 s
