file,jd,exptime,diff_flux,diff_flux_err,target_flux_rate,comparison_ensemble_flux_rate,n_comparisons,registered,good,reject_reason
light_V_8s_2026_05_20-0001_flat_0p3_late_bias_cal.fits,2461181.672184375,8.0,11220.669707028163,41.36641972890855,188007.79036712646,16.7554874420166,5,True,True,ok
light_V_8s_2026_05_20-0002_flat_0p3_late_bias_cal.fits,2461181.672376852,8.0,16617.215082960254,78.39439487940207,169939.37365722656,10.22670602798462,10,True,True,ok
light_V_8s_2026_05_20-0003_flat_0p3_late_bias_cal.fits,2461181.6725682872,8.0,42635.996060104226,133.02820361011555,198252.70974731445,4.649890422821045,8,True,True,ok
light_V_8s_2026_05_20-0004_flat_0p3_late_bias_cal.fits,2461181.6727600694,8.0,28.682950012295603,0.13299753398796335,170249.80078125,5935.574991703033,4,True,True,ok
light_V_8s_2026_05_20-0005_flat_0p3_late_bias_cal.fits,2461181.6729527777,8.0,35675.833882068524,118.53545261492572,195226.19681549072,5.472225189208984,6,True,True,ok
light_V_8s_2026_05_20-0006_flat_0p3_late_bias_cal.fits,2461181.6731434027,8.0,26927.973752406,101.28399036776347,188454.54767608643,6.998467445373535,9,True,True,ok
light_V_8s_2026_05_20-0007_flat_0p3_late_bias_cal.fits,2461181.6733350693,8.0,27.569575817826905,0.08441502542424723,200988.49668884277,7290.22811293602,4,True,True,ok
light_V_8s_2026_05_20-0008_flat_0p3_late_bias_cal.fits,2461181.6735259257,8.0,13861.887258613031,72.7203313236564,156232.16110992432,11.27062702178955,7,True,True,ok
light_V_8s_2026_05_20-0009_flat_0p3_late_bias_cal.fits,2461181.6737177083,8.0,21086.443290525523,65.06666482366286,200525.34380340576,9.50968074798584,8,True,True,ok
light_V_8s_2026_05_20-0010_flat_0p3_late_bias_cal.fits,2461181.6739096064,8.0,737.9461092028973,2.9882326865145377,176289.25703430176,238.89177656173706,5,True,True,ok
light_V_8s_2026_05_20-0011_flat_0p3_late_bias_cal.fits,2461181.67410081,8.0,35440.66267988419,85.8106279618843,221924.2614517212,6.26185417175293,10,True,True,ok
light_V_8s_2026_05_20-0012_flat_0p3_late_bias_cal.fits,2461181.674292361,8.0,20964.697776306366,88.09933229292899,174590.44567871094,8.32783031463623,9,True,True,ok
light_V_8s_2026_05_20-0013_flat_0p3_late_bias_cal.fits,2461181.6744832178,8.0,713.8317865628061,2.63593964565879,187004.49365615845,261.97277450561523,5,True,True,ok
light_V_8s_2026_05_20-0014_flat_0p3_late_bias_cal.fits,2461181.674675,8.0,13988.04553468934,71.60592930760453,156422.44482421875,11.182580471038818,8,True,True,ok
light_V_8s_2026_05_20-0015_flat_0p3_late_bias_cal.fits,2461181.6748667825,8.0,15111.617028728917,68.68627643795648,170918.1307373047,11.310379981994629,7,True,True,ok
light_V_8s_2026_05_20-0016_flat_0p3_late_bias_cal.fits,2461181.675058449,8.0,1482.786130095955,5.5366977438301745,185470.78840637207,125.08262968063354,6,True,True,ok
light_V_8s_2026_05_20-0017_flat_0p3_late_bias_cal.fits,2461181.6752502313,8.0,14.092769500818733,0.042475458725391685,209430.39459228516,14860.840133666992,3,True,True,ok
light_V_8s_2026_05_20-0018_flat_0p3_late_bias_cal.fits,2461181.67544213,8.0,14125.53224202125,101.13181780991762,127894.95864868164,9.054169178009033,9,True,True,ok
light_V_8s_2026_05_20-0019_flat_0p3_late_bias_cal.fits,2461181.6756346063,8.0,21736.698217500158,55.83159595697928,219931.70593070984,10.117990493774414,9,True,True,ok
light_V_8s_2026_05_20-0020_flat_0p3_late_bias_cal.fits,2461181.6758256946,8.0,19995.746795103456,69.43265367031087,196556.83554077148,9.82993221282959,9,True,True,ok
light_V_8s_2026_05_20-0021_flat_0p3_late_bias_cal.fits,2461181.676017361,8.0,32488.591393874907,96.64474994101191,203771.92554092407,6.272107124328613,7,True,True,ok
light_V_8s_2026_05_20-0022_flat_0p3_late_bias_cal.fits,2461181.676209028,8.0,26364.666994471383,76.96480431506562,208552.97262573242,7.91032075881958,8,True,True,ok
light_V_8s_2026_05_20-0023_flat_0p3_late_bias_cal.fits,2461181.6764001157,8.0,13.95725736334844,0.036071975536232516,220583.2804965973,15804.199546813965,3,True,True,ok
light_V_8s_2026_05_20-0024_flat_0p3_late_bias_cal.fits,2461181.6765917824,8.0,103620.66849077285,526.8258790160371,158948.5138130188,1.5339460372924805,7,True,True,ok
light_V_8s_2026_05_20-0025_flat_0p3_late_bias_cal.fits,2461181.676783449,8.0,19079.094319287447,47.10085448491627,221125.41875839233,11.589932680130005,6,True,True,ok
light_V_8s_2026_05_20-0026_flat_0p3_late_bias_cal.fits,2461181.676976158,8.0,14.405943806250999,0.03402886848360787,227065.96070480347,15761.963517189026,3,True,True,ok
light_V_8s_2026_05_20-0027_flat_0p3_late_bias_cal.fits,2461181.6771674766,8.0,23261.99711894728,76.03039628602902,197368.7423171997,8.484600067138672,5,True,True,ok
light_V_8s_2026_05_20-0028_flat_0p3_late_bias_cal.fits,2461181.677359375,8.0,23634.173774140847,104.11978448201505,172898.94860839844,7.315633296966553,6,True,True,ok
light_V_8s_2026_05_20-0029_flat_0p3_late_bias_cal.fits,2461181.677550463,8.0,27177.76332416005,66.4293902993733,224322.55504989624,8.253900527954102,7,True,True,ok
light_V_8s_2026_05_20-0030_flat_0p3_late_bias_cal.fits,2461181.677741667,8.0,25500.956118747894,88.4150647236717,193333.1411743164,7.58140754699707,7,True,True,ok
light_V_8s_2026_05_20-0031_flat_0p3_late_bias_cal.fits,2461181.6779328706,8.0,19653.37977415037,59.90552212839544,207404.0467529297,10.553098201751709,6,True,True,ok
light_V_8s_2026_05_20-0032_flat_0p3_late_bias_cal.fits,2461181.6781244213,8.0,13.765882506811545,0.07217784537614247,153637.23175048828,11160.725196838379,3,True,True,ok
light_V_8s_2026_05_20-0033_flat_0p3_late_bias_cal.fits,2461181.678316204,8.0,50956.61654173267,136.39301036139258,216752.25330352783,4.253662586212158,6,True,True,ok
light_V_8s_2026_05_20-0034_flat_0p3_late_bias_cal.fits,2461181.6785078705,8.0,21887.270712627254,77.11465943799115,197608.60961914062,9.028471946716309,7,True,True,ok
light_V_8s_2026_05_20-0035_flat_0p3_late_bias_cal.fits,2461181.678699537,8.0,20853.6905686325,55.61129993300249,216168.37565612793,10.365952968597412,8,True,True,ok
light_V_8s_2026_05_20-0036_flat_0p3_late_bias_cal.fits,2461181.6788909724,8.0,33321.66384506023,95.99336562439521,213440.94636917114,6.405470848083496,7,True,True,ok
light_V_8s_2026_05_20-0037_flat_0p3_late_bias_cal.fits,2461181.67908206,8.0,40392.374214763266,106.76502343359331,216479.81624603271,5.359422922134399,8,True,True,ok
light_V_8s_2026_05_20-0038_flat_0p3_late_bias_cal.fits,2461181.6792738424,8.0,28.45836068139503,0.12070251266453128,178990.2028274536,6289.547203063965,4,True,True,ok
light_V_8s_2026_05_20-0039_flat_0p3_late_bias_cal.fits,2461181.6794653935,8.0,33520.55686943842,80.4901794833343,227040.60580444336,6.773175239562988,7,True,True,ok
light_V_8s_2026_05_20-0040_flat_0p3_late_bias_cal.fits,2461181.679657176,8.0,26086.622916452576,71.91631906362095,213038.4981994629,8.166580200195312,5,True,True,ok
light_V_8s_2026_05_20-0041_flat_0p3_late_bias_cal.fits,2461181.679848843,8.0,23541.517039743187,75.65745644118904,198913.84814453125,8.449491500854492,6,True,True,ok
light_V_8s_2026_05_20-0042_flat_0p3_late_bias_cal.fits,2461181.6800405094,8.0,35303.42365109814,116.58780979976194,196983.48907470703,5.579727649688721,8,True,True,ok
light_V_8s_2026_05_20-0043_flat_0p3_late_bias_cal.fits,2461181.6802317128,8.0,39523.39640344019,136.90947154641475,192641.7296447754,4.874118804931641,6,True,True,ok
light_V_8s_2026_05_20-0044_flat_0p3_late_bias_cal.fits,2461181.6804236113,8.0,19501.469284306404,45.762361548565984,228688.0346069336,11.726707935333252,6,True,True,ok
light_V_8s_2026_05_20-0045_flat_0p3_late_bias_cal.fits,2461181.680614699,8.0,27283.713213610536,138.2713513552647,160770.29280090332,5.8925371170043945,5,True,True,ok
light_V_8s_2026_05_20-0046_flat_0p3_late_bias_cal.fits,2461181.6808056715,8.0,29.12742319878286,0.081755959315077,210633.095703125,7231.435965538025,4,True,True,ok
light_V_8s_2026_05_20-0047_flat_0p3_late_bias_cal.fits,2461181.6809974536,8.0,24996.855729496925,66.98754786389199,217711.79151535034,8.709567070007324,7,True,True,ok
light_V_8s_2026_05_20-0048_flat_0p3_late_bias_cal.fits,2461181.6811891203,8.0,22086.257846586435,136.2524098868256,143570.20705413818,6.500431537628174,8,True,True,ok
light_V_8s_2026_05_20-0049_flat_0p3_late_bias_cal.fits,2461181.68138044,8.0,28.646819722243443,0.0773840475069422,215837.9758834839,7534.4480810165405,4,True,True,ok
light_V_8s_2026_05_20-0050_flat_0p3_late_bias_cal.fits,2461181.6815721067,8.0,36336.40349194701,83.82984577400784,233171.63018798828,6.417025566101074,7,True,True,ok
light_V_8s_2026_05_20-0051_flat_0p3_late_bias_cal.fits,2461181.6817636574,8.0,30021.66265872759,79.06042388640964,217706.64297485352,7.251651763916016,5,True,True,ok
light_V_8s_2026_05_20-0052_flat_0p3_late_bias_cal.fits,2461181.681955324,8.0,20161.159010868276,58.1985867526166,205164.59022903442,10.17622995376587,7,True,True,ok
light_V_8s_2026_05_20-0053_flat_0p3_late_bias_cal.fits,2461181.682147222,8.0,55613.16007338852,149.90315889086386,216429.93557929993,3.8917036056518555,7,True,True,ok
light_V_8s_2026_05_20-0054_flat_0p3_late_bias_cal.fits,2461181.6823388888,8.0,39177.174952871195,99.9343165471296,220528.56798744202,5.629006385803223,5,True,True,ok
light_V_8s_2026_05_20-0055_flat_0p3_late_bias_cal.fits,2461181.682530903,8.0,28.615519518004042,0.1176226471689916,177449.37664031982,6201.158658981323,4,True,True,ok
light_V_8s_2026_05_20-0056_flat_0p3_late_bias_cal.fits,2461181.6827226854,8.0,48261.77908108707,96.22791767317193,245853.3204345703,5.0941619873046875,9,True,True,ok
light_V_8s_2026_05_20-0057_flat_0p3_late_bias_cal.fits,2461181.682914352,8.0,28200.585154521952,93.49235634590525,197210.2832183838,6.993127346038818,6,True,True,ok
light_V_8s_2026_05_20-0058_flat_0p3_late_bias_cal.fits,2461181.68310625,8.0,19924.899326219795,70.36852603694115,193859.68438339233,9.72951889038086,7,True,True,ok
light_V_8s_2026_05_20-0059_flat_0p3_late_bias_cal.fits,2461181.683298148,8.0,29664.140936503012,67.60802711664941,232460.90953826904,7.836428165435791,6,True,True,ok
light_V_8s_2026_05_20-0060_flat_0p3_late_bias_cal.fits,2461181.683489236,8.0,28.90076763890631,0.09517510627407577,201666.83404541016,6977.9057970047,4,True,True,ok
light_V_8s_2026_05_20-0061_flat_0p3_late_bias_cal.fits,2461181.683680787,8.0,57704.83682675665,163.34525560634933,210210.91333389282,3.64286470413208,6,True,True,ok
light_V_8s_2026_05_20-0062_flat_0p3_late_bias_cal.fits,2461181.683872454,8.0,17698.434628409537,46.4901659472387,218861.63068008423,12.366157531738281,5,True,True,ok
light_V_8s_2026_05_20-0063_flat_0p3_late_bias_cal.fits,2461181.6840641205,8.0,38934.70861774629,148.32165168076986,192489.86711883545,4.943914413452148,7,True,True,ok
light_V_8s_2026_05_20-0064_flat_0p3_late_bias_cal.fits,2461181.684255671,8.0,35335.77840972171,94.62623987002108,217331.67095947266,6.150470733642578,6,True,True,ok
light_V_8s_2026_05_20-0065_flat_0p3_late_bias_cal.fits,2461181.684446991,8.0,19873.510304757616,57.692444683323444,211296.21283721924,10.632052898406982,6,True,True,ok
light_V_8s_2026_05_20-0066_flat_0p3_late_bias_cal.fits,2461181.684639352,8.0,34317.69887664714,134.14318049860864,184285.02447509766,5.369970321655273,8,True,True,ok
light_V_8s_2026_05_20-0067_flat_0p3_late_bias_cal.fits,2461181.6848310186,8.0,35534.93216689122,88.79998203761372,227276.5429058075,6.395862579345703,7,True,True,ok
light_V_8s_2026_05_20-0068_flat_0p3_late_bias_cal.fits,2461181.6850228007,8.0,30254.744712916232,74.16336865121166,226374.03174209595,7.482265472412109,7,True,True,ok
light_V_8s_2026_05_20-0069_flat_0p3_late_bias_cal.fits,2461181.685213773,8.0,19104.67517111125,47.774044259183256,224703.19215011597,11.761686086654663,6,True,True,ok
light_V_8s_2026_05_20-0070_flat_0p3_late_bias_cal.fits,2461181.685405671,8.0,29088.250761227857,90.16538743626643,205259.9503326416,7.056455612182617,8,True,True,ok
light_V_8s_2026_05_20-0071_flat_0p3_late_bias_cal.fits,2461181.6855980325,8.0,27118.679828318407,60.88220109917829,234139.21131896973,8.633872032165527,7,True,True,ok
light_V_8s_2026_05_20-0072_flat_0p3_late_bias_cal.fits,2461181.6857905095,8.0,32498.110034573125,81.59444880020696,221500.51607322693,6.815796852111816,9,True,True,ok
light_V_8s_2026_05_20-0073_flat_0p3_late_bias_cal.fits,2461181.68598206,8.0,22552.540467261075,74.75572480989221,194727.66370391846,8.634400367736816,7,True,True,ok
light_V_8s_2026_05_20-0074_flat_0p3_late_bias_cal.fits,2461181.686173727,8.0,14.390570220855563,0.03328509490839768,233022.48516845703,16192.720760345459,5,True,True,ok
light_V_8s_2026_05_20-0075_flat_0p3_late_bias_cal.fits,2461181.686365625,8.0,45731.19253802942,117.6870380826458,226286.44305419922,4.948185920715332,8,True,True,ok
light_V_8s_2026_05_20-0076_flat_0p3_late_bias_cal.fits,2461181.686557176,8.0,27.846951079580883,0.10890513905392217,180922.75484848022,6497.039993047714,6,True,True,ok
light_V_8s_2026_05_20-0077_flat_0p3_late_bias_cal.fits,2461181.6867488427,8.0,78052.16298759832,178.84433232953236,228740.64950561523,2.930612564086914,7,True,True,ok
light_V_8s_2026_05_20-0078_flat_0p3_late_bias_cal.fits,2461181.6869399305,8.0,36790.81788931257,74.45224874579894,246467.4213256836,6.699155807495117,8,True,True,ok
light_V_8s_2026_05_20-0079_flat_0p3_late_bias_cal.fits,2461181.6871314817,8.0,29.73941588022956,0.08179842924203154,216928.78143310547,7294.318836212158,6,True,True,ok
light_V_8s_2026_05_20-0080_flat_0p3_late_bias_cal.fits,2461181.687323264,8.0,28.586285417612103,0.06493056619719488,233840.31356048584,8180.157377719879,6,True,True,ok
light_V_8s_2026_05_20-0081_flat_0p3_late_bias_cal.fits,2461181.6875149305,8.0,35429.24858393096,98.23130011903689,214302.12406158447,6.048734664916992,7,True,True,ok
light_V_8s_2026_05_20-0082_flat_0p3_late_bias_cal.fits,2461181.687706597,8.0,38516.249156502585,117.81964567171124,205812.27138137817,5.343518018722534,8,True,True,ok
light_V_8s_2026_05_20-0083_flat_0p3_late_bias_cal.fits,2461181.6878975695,8.0,28.975057978395,0.059140486088340036,245616.07037353516,8476.810315847397,6,True,True,ok
light_V0399_V_8s_2026_05_20-0001_flat_0p3_late_bias_cal.fits,2461181.689061574,8.0,1160.2073391514618,3.155285850974726,213236.88902664185,183.79205322265625,11,True,True,ok
light_V0399_V_8s_2026_05_20-0002_flat_0p3_late_bias_cal.fits,2461181.689252662,8.0,1355.3005067221306,4.035578063532861,212825.65330696106,157.03207683563232,11,True,True,ok
light_V0399_V_8s_2026_05_20-0003_flat_0p3_late_bias_cal.fits,2461181.68944375,8.0,919.0640712640198,2.8389201836920193,207401.86889648438,225.6663875579834,11,True,True,ok
light_V0399_V_8s_2026_05_20-0004_flat_0p3_late_bias_cal.fits,2461181.6896349536,8.0,1166.568928330509,3.2355036039961016,213428.76544189453,182.95426893234253,11,True,True,ok
light_V0399_V_8s_2026_05_20-0005_flat_0p3_late_bias_cal.fits,2461181.6898260415,8.0,494.12594077796075,1.7754663028187931,194213.26579284668,393.04405975341797,11,True,True,ok
light_V0399_V_8s_2026_05_20-0006_flat_0p3_late_bias_cal.fits,2461181.6900171298,8.0,513.100522805275,1.3981438107735111,216074.8966140747,421.1161108016968,11,True,True,ok
light_V0399_V_8s_2026_05_20-0007_flat_0p3_late_bias_cal.fits,2461181.6902081016,8.0,283.6239043067718,0.7703270502943982,215558.9920463562,760.0170111656189,11,True,True,ok
light_V0399_V_8s_2026_05_20-0008_flat_0p3_late_bias_cal.fits,2461181.690400463,8.0,275.5529678876339,0.713285996228366,222153.91143798828,806.2112817764282,11,True,True,ok
light_V0399_V_8s_2026_05_20-0009_flat_0p3_late_bias_cal.fits,2461181.690591667,8.0,276.66323416649385,0.8840322961649186,197853.26067352295,715.1411399841309,11,True,True,ok
light_V0399_V_8s_2026_05_20-0010_flat_0p3_late_bias_cal.fits,2461181.690783102,8.0,216.81412728414057,0.506901455278186,226050.49810028076,1042.6004104614258,11,True,True,ok
light_V0399_V_8s_2026_05_20-0011_flat_0p3_late_bias_cal.fits,2461181.690974884,8.0,184.4826911799217,0.6660312889610482,191763.0636291504,1039.4637155532837,11,True,True,ok
light_V0399_V_8s_2026_05_20-0012_flat_0p3_late_bias_cal.fits,2461181.691166551,8.0,162.51281447725285,0.40950750412403064,219161.3501586914,1348.5788850784302,11,True,True,ok
light_V0399_V_8s_2026_05_20-0013_flat_0p3_late_bias_cal.fits,2461181.691357754,8.0,183.76281109354454,0.6280076459305141,197522.26099777222,1074.876139640808,11,True,True,ok
light_V0399_V_8s_2026_05_20-0014_flat_0p3_late_bias_cal.fits,2461181.6915494213,8.0,145.15340651828302,0.36344217039032967,221708.6342277527,1527.409101486206,11,True,True,ok
light_V0399_V_8s_2026_05_20-0015_flat_0p3_late_bias_cal.fits,2461181.6917408565,8.0,144.161472484805,0.7475997198275222,159362.80712890625,1105.4465827941895,11,True,True,ok
light_V0399_V_8s_2026_05_20-0016_flat_0p3_late_bias_cal.fits,2461181.691932523,8.0,149.3843220036259,0.3738638337985464,221685.6000213623,1483.9950876235962,11,True,True,ok
light_V0399_V_8s_2026_05_20-0017_flat_0p3_late_bias_cal.fits,2461181.692123727,8.0,145.3143951524039,0.3574567548264762,223261.77835083008,1536.4051036834717,11,True,True,ok
light_V0399_V_8s_2026_05_20-0018_flat_0p3_late_bias_cal.fits,2461181.6923153936,8.0,160.42412722106747,0.36791201407834895,232005.79425048828,1446.2026271820068,11,True,True,ok
light_V0399_V_8s_2026_05_20-0019_flat_0p3_late_bias_cal.fits,2461181.6925069443,8.0,169.22821600276362,0.43590797290327926,223778.26028060913,1322.3460340499878,11,True,True,ok
light_V0399_V_8s_2026_05_20-0020_flat_0p3_late_bias_cal.fits,2461181.692698148,8.0,171.46587821956726,0.3720013349246515,234296.61059570312,1366.432861328125,11,True,True,ok
light_V0399_V_8s_2026_05_20-0021_flat_0p3_late_bias_cal.fits,2461181.6928898147,8.0,303.45969190440076,0.7308554632271345,228764.45483398438,753.8545017242432,11,True,True,ok
light_V0399_V_8s_2026_05_20-0022_flat_0p3_late_bias_cal.fits,2461181.6930810185,8.0,243.26786670978646,0.6321918485732889,220096.73046875,904.7505264282227,11,True,True,ok
light_V0399_V_8s_2026_05_20-0023_flat_0p3_late_bias_cal.fits,2461181.693271991,8.0,445.6796942338277,1.3051399392345615,213253.86248779297,478.4913139343262,11,True,True,ok
light_V0399_V_8s_2026_05_20-0024_flat_0p3_late_bias_cal.fits,2461181.6934636575,8.0,281.12194014119825,0.8598972165428065,200717.47729492188,713.9872369766235,11,True,True,ok
light_V0399_V_8s_2026_05_20-0025_flat_0p3_late_bias_cal.fits,2461181.6936555556,8.0,552.5677467632761,1.2589271228757444,232114.93785858154,420.06602668762207,11,True,True,ok
light_V0399_V_8s_2026_05_20-0026_flat_0p3_late_bias_cal.fits,2461181.6938471063,8.0,608.2250313304139,1.6283361134976728,215924.53985214233,355.0076513290405,11,True,True,ok
light_V0399_V_8s_2026_05_20-0027_flat_0p3_late_bias_cal.fits,2461181.6940381946,8.0,865.7247208769419,2.0975263759951783,224973.28406524658,259.86699771881104,11,True,True,ok
light_V0399_V_8s_2026_05_20-0028_flat_0p3_late_bias_cal.fits,2461181.6942291665,8.0,714.9306259006872,1.809481763425203,222195.40621948242,310.79296112060547,11,True,True,ok
light_V0399_V_8s_2026_05_20-0029_flat_0p3_late_bias_cal.fits,2461181.694420139,8.0,1823.471659448849,4.477827626625245,227051.23852348328,124.51591300964355,11,True,True,ok
light_V0399_V_8s_2026_05_20-0030_flat_0p3_late_bias_cal.fits,2461181.6946113426,8.0,1587.0571238698403,3.2324285915075244,241749.15566825867,152.3254280090332,11,True,True,ok
light_V0399_V_8s_2026_05_20-0031_flat_0p3_late_bias_cal.fits,2461181.6948032407,8.0,3426.4559919253984,6.99549436749697,238632.84550857544,69.64421725273132,10,True,True,ok
light_V0399_V_8s_2026_05_20-0032_flat_0p3_late_bias_cal.fits,2461181.6949944445,8.0,5894.8248322024,13.211503424552362,233578.30480575562,39.6242995262146,11,True,True,ok
light_V0399_V_8s_2026_05_20-0033_flat_0p3_late_bias_cal.fits,2461181.695186111,8.0,4143.538290832657,12.430961172862784,205907.8310699463,49.6937198638916,11,True,True,ok
light_V0399_V_8s_2026_05_20-0034_flat_0p3_late_bias_cal.fits,2461181.695378125,8.0,9563.078388848204,20.007310710854465,241943.83304786682,25.299785614013672,11,True,True,ok
light_V0399_V_8s_2026_05_20-0035_flat_0p3_late_bias_cal.fits,2461181.695569792,8.0,7145.0437091271615,14.5825713764699,239898.8376083374,33.57555913925171,8,True,True,ok
light_V0399_V_8s_2026_05_20-0036_flat_0p3_late_bias_cal.fits,2461181.695762153,8.0,10087.566086907013,18.852893132735815,250873.67641448975,24.86959433555603,8,True,True,ok
light_V0399_V_8s_2026_05_20-0037_flat_0p3_late_bias_cal.fits,2461181.6959542823,8.0,6060.958772031911,25.11708739374121,182873.85451507568,30.17243003845215,11,True,True,ok
light_V0399_V_8s_2026_05_20-0038_flat_0p3_late_bias_cal.fits,2461181.69614699,8.0,8712.901595751915,18.48813877990665,239068.60704612732,27.4384605884552,8,True,True,ok
light_V0399_V_8s_2026_05_20-0039_flat_0p3_late_bias_cal.fits,2461181.696338542,8.0,6372.369847344946,13.091677429264443,238322.09629440308,37.399288177490234,7,True,True,ok
light_V0399_V_8s_2026_05_20-0040_flat_0p3_late_bias_cal.fits,2461181.6965310187,8.0,28.62322972938528,0.04881654746872214,267027.10497283936,9329.034755945206,6,True,True,ok
light_V0399_V_8s_2026_05_20-0041_flat_0p3_late_bias_cal.fits,2461181.696722801,8.0,28.707048327651577,0.05410165927412055,253016.73992919922,8813.749746799469,6,True,True,ok
light_V0399_V_8s_2026_05_20-0042_flat_0p3_late_bias_cal.fits,2461181.696914352,8.0,14.44324335545096,0.03643409630104141,222051.34427261353,15374.06376171112,5,True,True,ok
light_V0399_V_8s_2026_05_20-0043_flat_0p3_late_bias_cal.fits,2461181.697106134,8.0,14.569415777771619,0.029915023255601428,244107.74700927734,16754.8068318367,5,True,True,ok
light_V0399_V_8s_2026_05_20-0044_flat_0p3_late_bias_cal.fits,2461181.6972972224,8.0,10.964328294269734,0.024080534901494973,238742.98565673828,21774.519993305206,3,True,True,ok
light_V0399_V_8s_2026_05_20-0045_flat_0p3_late_bias_cal.fits,2461181.6974885417,8.0,12.265259922856552,0.02851183012723732,230200.0648803711,18768.46200799942,4,True,True,ok
light_V0399_V_8s_2026_05_20-0046_flat_0p3_late_bias_cal.fits,2461181.697679977,8.0,10.86018091184695,0.0241105710508095,234916.31085586548,21630.975833892822,3,True,True,ok
light_V0399_V_8s_2026_05_20-0047_flat_0p3_late_bias_cal.fits,2461181.6978716436,8.0,10.425792946558813,0.025133818274210795,226104.6503982544,21687.045921325684,3,True,True,ok
light_V0399_V_8s_2026_05_20-0048_flat_0p3_late_bias_cal.fits,2461181.6980633102,8.0,10.811673178469517,0.02413746137622082,234272.60078811646,21668.487099170685,3,True,True,ok
light_V0399_V_8s_2026_05_20-0049_flat_0p3_late_bias_cal.fits,2461181.698254977,8.0,10.938365402546518,0.024904323691621405,235494.7014465332,21529.240684509277,3,True,True,ok
light_V0399_V_8s_2026_05_20-0050_flat_0p3_late_bias_cal.fits,2461181.698446412,8.0,10.806162667868323,0.03348600813245693,204334.7206993103,18909.09168958664,3,True,True,ok
light_V0399_V_8s_2026_05_20-0051_flat_0p3_late_bias_cal.fits,2461181.698638773,8.0,10.70493349347324,0.022966678287456296,236134.6334991455,22058.486738204956,3,True,True,ok
light_V0399_V_8s_2026_05_20-0052_flat_0p3_late_bias_cal.fits,2461181.6988304397,8.0,12.205067062894027,0.029321166538985092,228602.5525817871,18730.134902477264,4,True,True,ok
light_V0399_V_8s_2026_05_20-0053_flat_0p3_late_bias_cal.fits,2461181.6990222223,8.0,10.854820792546958,0.025498547755038046,229403.2650527954,21133.7680683136,3,True,True,ok
light_V0399_V_8s_2026_05_20-0054_flat_0p3_late_bias_cal.fits,2461181.699213773,8.0,10.903286631042592,0.024178958919084944,239345.4339542389,21951.677696228027,3,True,True,ok
light_V0399_V_8s_2026_05_20-0055_flat_0p3_late_bias_cal.fits,2461181.699405208,8.0,14.04166065658896,0.028725342605674747,242748.7881679535,17287.75492477417,5,True,True,ok
light_V0399_V_8s_2026_05_20-0056_flat_0p3_late_bias_cal.fits,2461181.699596991,8.0,12.22507324092857,0.02377101382588537,245069.3776512146,20046.45475912094,4,True,True,ok
light_V0399_V_8s_2026_05_20-0057_flat_0p3_late_bias_cal.fits,2461181.699788773,8.0,12.280380809443107,0.022662852932451107,252993.58805847168,20601.44485616684,4,True,True,ok
light_V0399_V_8s_2026_05_20-0058_flat_0p3_late_bias_cal.fits,2461181.6999804396,8.0,11.057446319908783,0.02992140794993146,222733.07095336914,20143.26495552063,3,True,True,ok
light_V0399_V_8s_2026_05_20-0059_flat_0p3_late_bias_cal.fits,2461181.7001721063,8.0,12.49031386187385,0.026257933023738658,240993.7637939453,19294.45220184326,4,True,True,ok
light_V0399_V_8s_2026_05_20-0060_flat_0p3_late_bias_cal.fits,2461181.7003641203,8.0,12.431473976383813,0.03514281324217607,216444.2181892395,17410.985905647278,4,True,True,ok
light_V0399_V_8s_2026_05_20-0061_flat_0p3_late_bias_cal.fits,2461181.70055544,8.0,12.214242194035737,0.023822402570760598,244067.78340148926,19982.22890329361,4,True,True,ok
light_V0399_V_8s_2026_05_20-0062_flat_0p3_late_bias_cal.fits,2461181.700747222,8.0,13.978054605231007,0.03142687261281933,233304.4708480835,16690.768310546875,5,True,True,ok
light_V0399_V_8s_2026_05_20-0063_flat_0p3_late_bias_cal.fits,2461181.70093831,8.0,12.415812779133987,0.028930833345471026,232477.3215637207,18724.29342317581,4,True,True,ok
light_V0399_V_8s_2026_05_20-0064_flat_0p3_late_bias_cal.fits,2461181.701130209,8.0,28.751865985226505,0.06575623206233311,236397.12132263184,8221.974930047989,6,True,True,ok
light_V0399_V_8s_2026_05_20-0065_flat_0p3_late_bias_cal.fits,2461181.7013217593,8.0,18669.608269419354,40.37902541200388,233315.5585899353,12.49707841873169,7,True,True,ok
light_V0399_V_8s_2026_05_20-0066_flat_0p3_late_bias_cal.fits,2461181.701513542,8.0,28.511807912119504,0.060371512436031234,238203.39588165283,8354.552493333817,6,True,True,ok
light_V0399_V_8s_2026_05_20-0067_flat_0p3_late_bias_cal.fits,2461181.70170544,8.0,21962.75322658813,37.1057593695533,260994.58959960938,11.883509635925293,7,True,True,ok
light_V0399_V_8s_2026_05_20-0068_flat_0p3_late_bias_cal.fits,2461181.7018971066,8.0,27.96353346981094,0.0603334818607842,239436.9409713745,8562.4708776474,6,True,True,ok
light_V0399_V_8s_2026_05_20-0069_flat_0p3_late_bias_cal.fits,2461181.7020890047,8.0,27.80831022827372,0.08889416423745565,205170.08976745605,7378.013553619385,6,True,True,ok
light_V0399_V_8s_2026_05_20-0070_flat_0p3_late_bias_cal.fits,2461181.702280787,8.0,28.60788611192172,0.08438014264413217,207100.23192977905,7239.270707368851,6,True,True,ok
light_V0399_V_8s_2026_05_20-0071_flat_0p3_late_bias_cal.fits,2461181.7024725694,8.0,12.552209636966547,0.02860134845084494,238952.70917892456,19036.704778671265,4,True,True,ok
light_V0399_V_8s_2026_05_20-0072_flat_0p3_late_bias_cal.fits,2461181.7026641206,8.0,14.226174953734231,0.028016015813288612,245099.63958740234,17228.780075073242,5,True,True,ok
light_V0399_V_8s_2026_05_20-0073_flat_0p3_late_bias_cal.fits,2461181.7028560187,8.0,28.021534727990616,0.059330994040235625,242907.13757514954,8668.587924718857,6,True,True,ok
light_V0399_V_8s_2026_05_20-0074_flat_0p3_late_bias_cal.fits,2461181.7030475694,8.0,28.90323369701984,0.10814632672783034,190775.7830810547,6600.499621629715,6,True,True,ok
light_V0399_V_8s_2026_05_20-0075_flat_0p3_late_bias_cal.fits,2461181.7032395834,8.0,29.02590423705239,0.051850013296809945,254214.48093605042,8758.193331718445,6,True,True,ok
light_V0399_V_8s_2026_05_20-0076_flat_0p3_late_bias_cal.fits,2461181.703431134,8.0,28.447860754784315,0.07322790105768782,221191.1690196991,7775.318183898926,6,True,True,ok
light_V0399_V_8s_2026_05_20-0077_flat_0p3_late_bias_cal.fits,2461181.703622338,8.0,24945.89759751445,46.544654963285005,250204.75310325623,10.029895782470703,7,True,True,ok
light_V0399_V_8s_2026_05_20-0078_flat_0p3_late_bias_cal.fits,2461181.703814236,8.0,32681.741169230972,91.18693427609675,218499.7227783203,6.6856818199157715,8,True,True,ok
light_V0399_V_8s_2026_05_20-0079_flat_0p3_late_bias_cal.fits,2461181.7040060186,8.0,12.603242976892037,0.01960587079274701,268106.16564941406,21272.791942596436,4,True,True,ok
light_V0399_V_8s_2026_05_20-0080_flat_0p3_late_bias_cal.fits,2461181.7041976852,8.0,32879.60292083092,53.35486379216873,261798.965467453,7.9623517990112305,7,True,True,ok
light_V0399_V_8s_2026_05_20-0081_flat_0p3_late_bias_cal.fits,2461181.704389352,8.0,41032.32287851916,80.50183516916626,249815.5061340332,6.088261365890503,8,True,True,ok
light_V0399_V_8s_2026_05_20-0082_flat_0p3_late_bias_cal.fits,2461181.704580671,8.0,,,287236.0617656708,9.306591033935547,7,True,False,saturated
light_V0399_V_8s_2026_05_20-0083_flat_0p3_late_bias_cal.fits,2461181.704772338,8.0,28.46854806247766,0.07186005373987603,227200.09252929688,7980.740430831909,6,True,True,ok
light_V0399_V_8s_2026_05_20-0084_flat_0p3_late_bias_cal.fits,2461181.704964236,8.0,14.351729849647011,0.037873221377461276,219999.396982193,15329.120551109314,5,True,True,ok
light_V0399_V_8s_2026_05_20-0085_flat_0p3_late_bias_cal.fits,2461181.7051554397,8.0,34484.08845388035,66.4597617003429,244224.54489135742,7.082238674163818,7,True,True,ok
light_V0399_V_8s_2026_05_20-0086_flat_0p3_late_bias_cal.fits,2461181.705346875,8.0,21707.337658909117,53.08174400412577,222623.6554222107,10.25568675994873,7,True,True,ok
light_V0399_V_8s_2026_05_20-0087_flat_0p3_late_bias_cal.fits,2461181.705539352,8.0,28.619070661692977,0.07696936562110364,219467.5806465149,7668.578174352646,6,True,True,ok
light_V0399_V_8s_2026_05_20-0088_flat_0p3_late_bias_cal.fits,2461181.7057315973,8.0,,,286215.9263305664,8.758700847625732,7,True,False,saturated
light_V0399_V_8s_2026_05_20-0089_flat_0p3_late_bias_cal.fits,2461181.705923148,8.0,14.201548091599037,0.030292799986204412,237148.92865753174,16698.808265686035,5,True,True,ok
light_V0399_V_8s_2026_05_20-0090_flat_0p3_late_bias_cal.fits,2461181.7061149306,8.0,28.87117306077465,0.05280885035902995,251952.29607009888,8726.777243852615,6,True,True,ok
light_V0399_V_8s_2026_05_20-0091_flat_0p3_late_bias_cal.fits,2461181.706306713,8.0,59989.24032865133,119.38324625017621,247653.96411132812,4.1283063888549805,7,True,True,ok
light_V0399_V_8s_2026_05_20-0092_flat_0p3_late_bias_cal.fits,2461181.706498958,8.0,44270.89278189281,106.72985300422782,227921.80810546875,5.14834451675415,7,True,True,ok
light_V0399_V_8s_2026_05_20-0093_flat_0p3_late_bias_cal.fits,2461181.7066908563,8.0,64666.45494132746,104.75723774295308,260963.2859916687,4.035527944564819,8,True,True,ok
light_V0399_V_8s_2026_05_20-0094_flat_0p3_late_bias_cal.fits,2461181.706882639,8.0,22106.868037029068,56.7506585332303,220744.19573020935,9.985321998596191,7,True,True,ok
light_V0399_V_8s_2026_05_20-0095_flat_0p3_late_bias_cal.fits,2461181.7070737267,8.0,28.398469595363963,0.05033389371432806,257497.88716125488,9067.31562757492,6,True,True,ok
light_V0399_V_8s_2026_05_20-0096_flat_0p3_late_bias_cal.fits,2461181.7072653933,8.0,26139.821533780658,37.777637498142695,276574.8903808594,10.580595970153809,7,True,True,ok
light_V0399_V_8s_2026_05_20-0097_flat_0p3_late_bias_cal.fits,2461181.707456597,8.0,23940.371674100563,49.271148343675705,248023.498046875,10.360052108764648,7,True,True,ok
light_V0399_V_8s_2026_05_20-0098_flat_0p3_late_bias_cal.fits,2461181.7076488426,8.0,22779.132959458937,48.72895230793292,238526.73048591614,10.471282243728638,8,True,True,ok
light_V0399_V_8s_2026_05_20-0099_flat_0p3_late_bias_cal.fits,2461181.707839815,8.0,28.11199735246839,0.04010493010933631,275634.7908592224,9804.881076335907,6,True,True,ok
light_V0399_V_8s_2026_05_20-0100_flat_0p3_late_bias_cal.fits,2461181.7080314816,8.0,13.897625062949194,0.03309819583632626,229199.96141815186,16492.023664474487,5,True,True,ok
light_V0399_V_8s_2026_05_20-0101_flat_0p3_late_bias_cal.fits,2461181.7082226854,8.0,14.188579177128355,0.02368487414637641,270164.6859512329,19040.99646472931,5,True,True,ok
light_V0399_V_8s_2026_05_20-0102_flat_0p3_late_bias_cal.fits,2461181.7084144675,8.0,26760.43150410653,62.47393619186015,230227.1424255371,8.603267192840576,7,True,True,ok
light_V0399_V_8s_2026_05_20-0103_flat_0p3_late_bias_cal.fits,2461181.7086069444,8.0,14.088696695954432,0.02463393610680689,254406.69688415527,18057.503995895386,5,True,True,ok
light_V0399_V_8s_2026_05_20-0104_flat_0p3_late_bias_cal.fits,2461181.708799537,8.0,22125.640178061472,56.51650401628379,218690.84701919556,9.884046077728271,7,True,True,ok
light_V0399_V_8s_2026_05_20-0105_flat_0p3_late_bias_cal.fits,2461181.7089913194,8.0,45869.80614786889,121.86489350647476,219466.10537719727,4.784543991088867,7,True,True,ok
light_V0399_V_8s_2026_05_20-0106_flat_0p3_late_bias_cal.fits,2461181.709182986,8.0,87088.67067055659,143.79935431815514,262697.68003845215,3.016439199447632,10,True,True,ok
light_V0399_V_8s_2026_05_20-0107_flat_0p3_late_bias_cal.fits,2461181.7093744213,8.0,48435.74940711196,81.64047443774945,260122.1408996582,5.370457649230957,7,True,True,ok
light_V0399_V_8s_2026_05_20-0108_flat_0p3_late_bias_cal.fits,2461181.7095659724,8.0,28.145267680115477,0.044141307253278916,265232.46862983704,9423.696787834167,6,True,True,ok
light_V0399_V_8s_2026_05_20-0109_flat_0p3_late_bias_cal.fits,2461181.7097577546,8.0,65745.46525103948,107.23107209397986,262552.0541381836,3.993462562561035,8,True,True,ok
