set,sequence,file,jd,diff_flux,check_diff_flux,n_comps,good,minutes_combined,diff_flux_norm,check_diff_flux_norm
v8_balanced_common_src2_src1_src5_src4,V_8 generic,light_V_8s_2026_05_20-0001_flat_0p3_late_bias_cal.fits,2461181.672184375,115.9404543027488,170.09982141638636,4,True,0.0,0.9733630473263188,0.97944167805172
v8_balanced_common_src2_src1_src5_src4,V_8 generic,light_V_8s_2026_05_20-0002_flat_0p3_late_bias_cal.fits,2461181.672376852,121.17583263624475,174.18136235657377,4,True,0.2771667391061783,1.0173159871284272,1.002943356502682
v8_balanced_common_src2_src1_src5_src4,V_8 generic,light_V_8s_2026_05_20-0003_flat_0p3_late_bias_cal.fits,2461181.6725682872,116.01758167440926,174.97177847511313,4,True,0.5528334528207779,0.9740105601721428,1.007494604605443
v8_balanced_common_src2_src1_src5_src4,V_8 generic,light_V_8s_2026_05_20-0004_flat_0p3_late_bias_cal.fits,2461181.6727600694,118.01104773893313,174.93323687462603,4,True,0.8289997279644012,0.9907464459764177,1.007272680504985
v8_balanced_common_src2_src1_src5_src4,V_8 generic,light_V_8s_2026_05_20-0005_flat_0p3_late_bias_cal.fits,2461181.6729527777,118.60388701208787,173.41689105913304,4,True,1.10649973154068,0.995723551206537,0.9985414997332097
v8_balanced_common_src2_src1_src5_src4,V_8 generic,light_V_8s_2026_05_20-0006_flat_0p3_late_bias_cal.fits,2461181.6731434027,116.7302783131929,171.51075845778314,4,True,1.3809996843338013,0.9799939123706275,0.9875659108224775
v8_balanced_common_src2_src1_src5_src4,V_8 generic,light_V_8s_2026_05_20-0007_flat_0p3_late_bias_cal.fits,2461181.6733350693,118.08671571023591,166.53665975953106,4,True,1.6569996625185013,0.9913817066158142,0.958924848561247
v8_balanced_common_src2_src1_src5_src4,V_8 generic,light_V_8s_2026_05_20-0008_flat_0p3_late_bias_cal.fits,2461181.6735259257,120.80932529473364,176.91533666202994,4,True,1.931832879781723,1.0142390222765456,1.0186856915574107
v8_balanced_common_src2_src1_src5_src4,V_8 generic,light_V_8s_2026_05_20-0009_flat_0p3_late_bias_cal.fits,2461181.6737177083,119.69159477666648,174.26508038065893,4,True,2.2079998254776,1.0048552606749692,1.0034254082844556
v8_balanced_common_src2_src1_src5_src4,V_8 generic,light_V_8s_2026_05_20-0010_flat_0p3_late_bias_cal.fits,2461181.6739096064,117.97615240620341,168.1027694111942,4,True,2.4843330681324005,0.9904534867361979,0.9679425715221848
v8_balanced_common_src2_src1_src5_src4,V_8 generic,light_V_8s_2026_05_20-0011_flat_0p3_late_bias_cal.fits,2461181.67410081,119.28216756469875,173.27716254230953,4,True,2.7596665173768997,1.0014179676171155,0.9977369372601294
v8_balanced_common_src2_src1_src5_src4,V_8 generic,light_V_8s_2026_05_20-0012_flat_0p3_late_bias_cal.fits,2461181.674292361,117.79789282346215,169.64447757707808,4,True,3.0354995280504227,0.9889569315284784,0.9768197897372644
v8_balanced_common_src2_src1_src5_src4,V_8 generic,light_V_8s_2026_05_20-0013_flat_0p3_late_bias_cal.fits,2461181.6744832178,118.52425250504652,175.66541381362234,4,True,3.310333415865898,0.995054990030783,1.0114885850473294
v8_balanced_common_src2_src1_src5_src4,V_8 generic,light_V_8s_2026_05_20-0014_flat_0p3_late_bias_cal.fits,2461181.674675,117.05105625250124,174.46188878337483,4,True,3.5864996910095215,0.9826869619571412,1.0045586390580428
v8_balanced_common_src2_src1_src5_src4,V_8 generic,light_V_8s_2026_05_20-0015_flat_0p3_late_bias_cal.fits,2461181.6748667825,120.36038682178352,176.70043108465563,4,True,3.8626666367053986,1.010470017551485,1.0174482565173648
v8_balanced_common_src2_src1_src5_src4,V_8 generic,light_V_8s_2026_05_20-0016_flat_0p3_late_bias_cal.fits,2461181.675058449,119.62846987050602,177.18130735020716,4,True,4.138666614890099,1.0043253037122157,1.0202171615787883
v8_balanced_common_src2_src1_src5_src4,V_8 generic,light_V_8s_2026_05_20-0017_flat_0p3_late_bias_cal.fits,2461181.6752502313,120.253450658801,171.5591894282655,4,True,4.414832890033722,1.0095722488641357,0.9878447783168931
v8_balanced_common_src2_src1_src5_src4,V_8 generic,light_V_8s_2026_05_20-0018_flat_0p3_late_bias_cal.fits,2461181.67544213,118.92487029355858,175.1578038424753,4,True,4.691166803240776,0.9984183247165432,1.0085657462236541
v8_balanced_common_src2_src1_src5_src4,V_8 generic,light_V_8s_2026_05_20-0019_flat_0p3_late_bias_cal.fits,2461181.6756346063,118.34546213323149,173.71249826739944,4,True,4.968332871794701,0.9935539786522347,1.000243618040553
v8_balanced_common_src2_src1_src5_src4,V_8 generic,light_V_8s_2026_05_20-0020_flat_0p3_late_bias_cal.fits,2461181.6758256946,119.05036423935442,174.37813015105164,4,True,5.2435000240802765,0.99947189286267,1.0040763534523858
v8_balanced_common_src2_src1_src5_src4,V_8 generic,light_V_8s_2026_05_20-0021_flat_0p3_late_bias_cal.fits,2461181.676017361,121.1719501066232,175.74234722953457,4,True,5.5195000022649765,1.0172833918545299,1.011931570779777
v8_balanced_common_src2_src1_src5_src4,V_8 generic,light_V_8s_2026_05_20-0022_flat_0p3_late_bias_cal.fits,2461181.676209028,119.2547391320783,170.40874057797132,4,True,5.7954999804496765,1.0011876957683516,0.9812204471267589
v8_balanced_common_src2_src1_src5_src4,V_8 generic,light_V_8s_2026_05_20-0023_flat_0p3_late_bias_cal.fits,2461181.6764001157,117.79591350005212,174.03960643096494,4,True,6.070666462182999,0.9889403143754958,1.0021271201274995
v8_balanced_common_src2_src1_src5_src4,V_8 generic,light_V_8s_2026_05_20-0024_flat_0p3_late_bias_cal.fits,2461181.6765917824,123.41626210036964,176.93736500806907,4,True,6.346666440367699,1.0361252221244002,1.0188125316682914
v8_balanced_common_src2_src1_src5_src4,V_8 generic,light_V_8s_2026_05_20-0025_flat_0p3_late_bias_cal.fits,2461181.676783449,113.86468178708425,172.68470524685384,4,True,6.622666418552399,0.9559361683861389,0.9943255440981422
v8_balanced_common_src2_src1_src5_src4,V_8 generic,light_V_8s_2026_05_20-0026_flat_0p3_late_bias_cal.fits,2461181.676976158,119.15307489120981,172.93173822466662,4,True,6.900167092680931,1.0003341868193745,0.9957479700143387
v8_balanced_common_src2_src1_src5_src4,V_8 generic,light_V_8s_2026_05_20-0027_flat_0p3_late_bias_cal.fits,2461181.6771674766,119.47933992458621,175.3190334196579,4,True,7.1756661683321,1.0030733025924938,1.009494112675261
v8_balanced_common_src2_src1_src5_src4,V_8 generic,light_V_8s_2026_05_20-0028_flat_0p3_late_bias_cal.fits,2461181.677359375,122.93702335049421,177.15231811864882,4,True,7.452000081539154,1.0321018353541749,1.0200502404064642
v8_balanced_common_src2_src1_src5_src4,V_8 generic,light_V_8s_2026_05_20-0029_flat_0p3_late_bias_cal.fits,2461181.677550463,117.35671403805557,174.9253313736978,4,True,7.727166563272476,0.9852530722538051,1.0072271603096636
v8_balanced_common_src2_src1_src5_src4,V_8 generic,light_V_8s_2026_05_20-0030_flat_0p3_late_bias_cal.fits,2461181.677741667,118.62686843389055,169.1969961271503,4,True,8.002500012516975,0.9959164887527306,0.9742431733800878
v8_balanced_common_src2_src1_src5_src4,V_8 generic,light_V_8s_2026_05_20-0031_flat_0p3_late_bias_cal.fits,2461181.6779328706,118.3849605131994,173.27341515828923,4,True,8.277833461761475,0.9938855821785555,0.9977153596707905
v8_balanced_common_src2_src1_src5_src4,V_8 generic,light_V_8s_2026_05_20-0032_flat_0p3_late_bias_cal.fits,2461181.6781244213,117.50145326622858,177.54211607104403,4,True,8.553666472434998,0.9864682116721333,1.0222947128428022
v8_balanced_common_src2_src1_src5_src4,V_8 generic,light_V_8s_2026_05_20-0033_flat_0p3_late_bias_cal.fits,2461181.678316204,118.35589999755639,170.8034061852944,4,True,8.829833418130875,0.9936416083884468,0.9834929477178064
v8_balanced_common_src2_src1_src5_src4,V_8 generic,light_V_8s_2026_05_20-0034_flat_0p3_late_bias_cal.fits,2461181.6785078705,117.64901483589972,173.627879885069,4,True,9.105833396315575,0.9877070456924684,0.9997563819594469
v8_balanced_common_src2_src1_src5_src4,V_8 generic,light_V_8s_2026_05_20-0035_flat_0p3_late_bias_cal.fits,2461181.678699537,118.49573594174237,173.25283466793823,4,True,9.381833374500275,0.994815582921988,0.9975968563717472
v8_balanced_common_src2_src1_src5_src4,V_8 generic,light_V_8s_2026_05_20-0036_flat_0p3_late_bias_cal.fits,2461181.6788909724,118.7307310660291,171.70705415870606,4,True,9.657500088214874,0.9967884540104975,0.9886961894383242
v8_balanced_common_src2_src1_src5_src4,V_8 generic,light_V_8s_2026_05_20-0037_flat_0p3_late_bias_cal.fits,2461181.67908206,115.20145619856619,168.95275133664174,4,True,9.932666569948196,0.9671588845862173,0.972836801959594
v8_balanced_common_src2_src1_src5_src4,V_8 generic,light_V_8s_2026_05_20-0038_flat_0p3_late_bias_cal.fits,2461181.6792738424,120.5897972206298,175.5539951545921,4,True,10.20883284509182,1.0123960028018641,1.0108470318848501
v8_balanced_common_src2_src1_src5_src4,V_8 generic,light_V_8s_2026_05_20-0039_flat_0p3_late_bias_cal.fits,2461181.6794653935,120.52708574893187,,4,True,10.484666526317596,1.011869516774521,
v8_balanced_common_src2_src1_src5_src4,V_8 generic,light_V_8s_2026_05_20-0040_flat_0p3_late_bias_cal.fits,2461181.679657176,118.55096946802456,171.0249727936096,4,True,10.760833472013474,0.9952792888284374,0.9847687372444589
v8_balanced_common_src2_src1_src5_src4,V_8 generic,light_V_8s_2026_05_20-0041_flat_0p3_late_bias_cal.fits,2461181.679848843,119.66188889110015,174.5606230177201,4,True,11.036833450198174,1.0046058687653698,1.0051271547881773
v8_balanced_common_src2_src1_src5_src4,V_8 generic,light_V_8s_2026_05_20-0042_flat_0p3_late_bias_cal.fits,2461181.6800405094,120.10807275965975,169.7514248026638,4,True,11.312833428382874,1.0083517475665256,0.9774355962044224
v8_balanced_common_src2_src1_src5_src4,V_8 generic,light_V_8s_2026_05_20-0043_flat_0p3_late_bias_cal.fits,2461181.6802317128,118.2150312538355,173.02966061008678,4,True,11.588166207075119,0.9924589631203582,0.9963118110854
v8_balanced_common_src2_src1_src5_src4,V_8 generic,light_V_8s_2026_05_20-0044_flat_0p3_late_bias_cal.fits,2461181.6804236113,121.58123712747253,174.28456001783724,4,True,11.864500120282173,1.020719507956031,1.003537572826234
v8_balanced_common_src2_src1_src5_src4,V_8 generic,light_V_8s_2026_05_20-0045_flat_0p3_late_bias_cal.fits,2461181.680614699,118.03867831370725,172.8997416176125,4,True,12.139666602015495,0.9909784148834162,0.9955637322518055
v8_balanced_common_src2_src1_src5_src4,V_8 generic,light_V_8s_2026_05_20-0046_flat_0p3_late_bias_cal.fits,2461181.6808056715,121.01593026257913,171.45945763373555,4,True,12.414666786789894,1.0159735474886837,0.9872705185947125
v8_balanced_common_src2_src1_src5_src4,V_8 generic,light_V_8s_2026_05_20-0047_flat_0p3_late_bias_cal.fits,2461181.6809974536,119.91469130583187,171.27681056458792,4,True,12.690833061933517,1.006728238651313,0.9862188293547851
v8_balanced_common_src2_src1_src5_src4,V_8 generic,light_V_8s_2026_05_20-0048_flat_0p3_late_bias_cal.fits,2461181.6811891203,120.71972059276398,173.16831648414788,4,True,12.966833040118217,1.0134867576223447,0.9971101972379033
v8_balanced_common_src2_src1_src5_src4,V_8 generic,light_V_8s_2026_05_20-0049_flat_0p3_late_bias_cal.fits,2461181.68138044,118.71350722165317,174.48566744079997,4,True,13.242333456873894,0.9966438534588674,1.00469555753295
v8_balanced_common_src2_src1_src5_src4,V_8 generic,light_V_8s_2026_05_20-0050_flat_0p3_late_bias_cal.fits,2461181.6815721067,122.58032870172232,175.81247275902123,4,True,13.518333435058594,1.029107251691539,1.0123353564257744
v8_balanced_common_src2_src1_src5_src4,V_8 generic,light_V_8s_2026_05_20-0051_flat_0p3_late_bias_cal.fits,2461181.6817636574,118.90144548198292,172.8144889677622,4,True,13.794166445732117,0.9982216647490154,0.9950728440325679
v8_balanced_common_src2_src1_src5_src4,V_8 generic,light_V_8s_2026_05_20-0052_flat_0p3_late_bias_cal.fits,2461181.681955324,116.38870566876594,176.22313076203073,4,True,14.070166423916817,0.9771262835342374,1.0146999418805023
v8_balanced_common_src2_src1_src5_src4,V_8 generic,light_V_8s_2026_05_20-0053_flat_0p3_late_bias_cal.fits,2461181.682147222,120.68158334110888,173.19909205138293,4,True,14.346499666571617,1.0131665812722441,0.9972874042035821
v8_balanced_common_src2_src1_src5_src4,V_8 generic,light_V_8s_2026_05_20-0054_flat_0p3_late_bias_cal.fits,2461181.6823388888,119.52797126977404,174.39407259228935,4,True,14.622499644756317,1.0034815807438282,1.0041681506763223
v8_balanced_common_src2_src1_src5_src4,V_8 generic,light_V_8s_2026_05_20-0055_flat_0p3_late_bias_cal.fits,2461181.682530903,118.44652288919856,174.73997872415944,4,True,14.898999854922295,0.9944024211219903,1.0061598922279955
v8_balanced_common_src2_src1_src5_src4,V_8 generic,light_V_8s_2026_05_20-0056_flat_0p3_late_bias_cal.fits,2461181.6827226854,120.26309196531152,,4,True,15.175166800618172,1.009653191202526,
v8_balanced_common_src2_src1_src5_src4,V_8 generic,light_V_8s_2026_05_20-0057_flat_0p3_late_bias_cal.fits,2461181.682914352,116.91052275274379,174.63517334892614,4,True,15.451166778802872,0.9815071311862684,1.0055564186221293
v8_balanced_common_src2_src1_src5_src4,V_8 generic,light_V_8s_2026_05_20-0058_flat_0p3_late_bias_cal.fits,2461181.68310625,118.64166716795329,174.74312716907468,4,True,15.727500021457672,0.9960407296052485,1.0061780211016496
v8_balanced_common_src2_src1_src5_src4,V_8 generic,light_V_8s_2026_05_20-0059_flat_0p3_late_bias_cal.fits,2461181.683298148,119.11326880676198,171.79493187869755,4,True,16.003833264112473,1.0,0.989202192918017
v8_balanced_common_src2_src1_src5_src4,V_8 generic,light_V_8s_2026_05_20-0060_flat_0p3_late_bias_cal.fits,2461181.683489236,120.4355166071331,167.87203156359462,4,True,16.278999745845795,1.0111007599205106,0.9666139736273652
v8_balanced_common_src2_src1_src5_src4,V_8 generic,light_V_8s_2026_05_20-0061_flat_0p3_late_bias_cal.fits,2461181.683680787,117.35757965613078,174.74111023654294,4,True,16.55483342707157,0.9852603394380901,1.006166407522241
v8_balanced_common_src2_src1_src5_src4,V_8 generic,light_V_8s_2026_05_20-0062_flat_0p3_late_bias_cal.fits,2461181.683872454,118.86972739844148,175.91433255753873,4,True,16.83083340525627,0.9979553796922861,1.0129218692813158
v8_balanced_common_src2_src1_src5_src4,V_8 generic,light_V_8s_2026_05_20-0063_flat_0p3_late_bias_cal.fits,2461181.6840641205,119.93732873902599,173.24061449925676,4,True,17.10683338344097,1.0069182882857566,0.9975264921443201
v8_balanced_common_src2_src1_src5_src4,V_8 generic,light_V_8s_2026_05_20-0064_flat_0p3_late_bias_cal.fits,2461181.684255671,120.91483235347339,177.69687634358692,4,True,17.382666394114494,1.0151247931045708,1.023185828775629
v8_balanced_common_src2_src1_src5_src4,V_8 generic,light_V_8s_2026_05_20-0065_flat_0p3_late_bias_cal.fits,2461181.684446991,119.89564454415431,177.6947264302711,4,True,17.65816681087017,1.0065683340338982,1.0231734494874665
v8_balanced_common_src2_src1_src5_src4,V_8 generic,light_V_8s_2026_05_20-0066_flat_0p3_late_bias_cal.fits,2461181.684639352,120.23702666921892,174.25981270466002,4,True,17.935166582465172,1.009434363389691,1.0033950767921773
v8_balanced_common_src2_src1_src5_src4,V_8 generic,light_V_8s_2026_05_20-0067_flat_0p3_late_bias_cal.fits,2461181.6848310186,116.66327048657733,169.4766101565938,4,True,18.211166560649872,0.9794313568527845,0.975853202314419
v8_balanced_common_src2_src1_src5_src4,V_8 generic,light_V_8s_2026_05_20-0068_flat_0p3_late_bias_cal.fits,2461181.6850228007,118.9224063862296,174.28698872186968,4,True,18.487332835793495,0.9983976393021166,1.003551557402662
v8_balanced_common_src2_src1_src5_src4,V_8 generic,light_V_8s_2026_05_20-0069_flat_0p3_late_bias_cal.fits,2461181.685213773,120.17021899589133,168.8416139907237,4,True,18.762333020567894,1.0088734882328185,0.9721968686094364
v8_balanced_common_src2_src1_src5_src4,V_8 generic,light_V_8s_2026_05_20-0070_flat_0p3_late_bias_cal.fits,2461181.685405671,119.38096539887964,173.15994174378667,4,True,19.038666263222694,1.0022474120205025,0.9970619751428751
v8_balanced_common_src2_src1_src5_src4,V_8 generic,light_V_8s_2026_05_20-0071_flat_0p3_late_bias_cal.fits,2461181.6855980325,118.15203882773397,173.51690635839617,4,True,19.31566670536995,0.9919301183767577,0.9991173918871546
v8_balanced_common_src2_src1_src5_src4,V_8 generic,light_V_8s_2026_05_20-0072_flat_0p3_late_bias_cal.fits,2461181.6857905095,120.66253676974657,171.7017388259635,4,True,19.592833444476128,1.0130066782525964,0.9886655835365812
v8_balanced_common_src2_src1_src5_src4,V_8 generic,light_V_8s_2026_05_20-0073_flat_0p3_late_bias_cal.fits,2461181.68598206,120.96757053423215,174.21981232239258,4,True,19.86866645514965,1.0155675496613095,1.0031647529669994
v8_balanced_common_src2_src1_src5_src4,V_8 generic,light_V_8s_2026_05_20-0074_flat_0p3_late_bias_cal.fits,2461181.686173727,120.90867082142249,,4,True,20.14466643333435,1.0150730647613508,
v8_balanced_common_src2_src1_src5_src4,V_8 generic,light_V_8s_2026_05_20-0075_flat_0p3_late_bias_cal.fits,2461181.686365625,124.26135738846145,173.0773412910195,4,True,20.42099967598915,1.0432201100118512,0.9965863583821257
v8_balanced_common_src2_src1_src5_src4,V_8 generic,light_V_8s_2026_05_20-0076_flat_0p3_late_bias_cal.fits,2461181.686557176,118.07780442377472,176.53599563150624,4,True,20.696833357214928,0.9913068930660689,1.0165014305017772
v8_balanced_common_src2_src1_src5_src4,V_8 generic,light_V_8s_2026_05_20-0077_flat_0p3_late_bias_cal.fits,2461181.6867488427,118.95592429270945,171.57976930851163,4,True,20.972833335399628,0.9986790345388994,0.9879632781029276
v8_balanced_common_src2_src1_src5_src4,V_8 generic,light_V_8s_2026_05_20-0078_flat_0p3_late_bias_cal.fits,2461181.6869399305,120.07936951801514,,4,True,21.24799981713295,1.0081107732239343,
v8_balanced_common_src2_src1_src5_src4,V_8 generic,light_V_8s_2026_05_20-0079_flat_0p3_late_bias_cal.fits,2461181.6871314817,120.79350238592886,172.38466263630946,4,True,21.523833498358727,1.0141061830978102,0.9925978865643977
v8_balanced_common_src2_src1_src5_src4,V_8 generic,light_V_8s_2026_05_20-0080_flat_0p3_late_bias_cal.fits,2461181.687323264,121.10727424656739,171.8122028850909,4,True,21.79999977350235,1.0167404140594973,0.9893016400740615
v8_balanced_common_src2_src1_src5_src4,V_8 generic,light_V_8s_2026_05_20-0081_flat_0p3_late_bias_cal.fits,2461181.6875149305,120.5932734100499,174.89859392145596,4,True,22.07599975168705,1.0124251866993,1.00707320497407
v8_balanced_common_src2_src1_src5_src4,V_8 generic,light_V_8s_2026_05_20-0082_flat_0p3_late_bias_cal.fits,2461181.687706597,119.63393511450916,174.14678141763872,4,True,22.35199972987175,1.0043711864594351,1.0027442380522502
v8_balanced_common_src2_src1_src5_src4,V_8 generic,light_V_8s_2026_05_20-0083_flat_0p3_late_bias_cal.fits,2461181.6878975695,118.9623193408778,,4,True,22.62699991464615,0.9987327233363978,
v8_balanced_common_src2_src1_src5_src4,V0399 named,light_V0399_V_8s_2026_05_20-0001_flat_0p3_late_bias_cal.fits,2461181.689061574,116.64197301009102,172.62286908251508,4,True,24.303166642785072,0.9786667568474653,0.9953912691157196
v8_balanced_common_src2_src1_src5_src4,V0399 named,light_V0399_V_8s_2026_05_20-0002_flat_0p3_late_bias_cal.fits,2461181.689252662,119.23988577381554,173.5456568721521,4,True,24.578333124518394,1.0004641492734916,1.0007123190665939
v8_balanced_common_src2_src1_src5_src4,V0399 named,light_V0399_V_8s_2026_05_20-0003_flat_0p3_late_bias_cal.fits,2461181.68944375,121.33455212960963,175.55419082154708,4,True,24.853499606251717,1.018039129155949,1.01229408205997
v8_balanced_common_src2_src1_src5_src4,V0399 named,light_V0399_V_8s_2026_05_20-0004_flat_0p3_late_bias_cal.fits,2461181.6896349536,120.91544690840566,176.00676855505785,4,True,25.128833055496216,1.0145226904587226,1.0149037706077686
v8_balanced_common_src2_src1_src5_src4,V0399 named,light_V0399_V_8s_2026_05_20-0005_flat_0p3_late_bias_cal.fits,2461181.6898260415,119.07234079490719,173.65306118820268,4,True,25.403999537229538,0.9990583885777244,1.0013316420973737
v8_balanced_common_src2_src1_src5_src4,V0399 named,light_V0399_V_8s_2026_05_20-0006_flat_0p3_late_bias_cal.fits,2461181.6900171298,117.66673738196536,172.8941872677015,4,True,25.679166689515114,0.9872648866499193,0.996955764910062
v8_balanced_common_src2_src1_src5_src4,V0399 named,light_V0399_V_8s_2026_05_20-0007_flat_0p3_late_bias_cal.fits,2461181.6902081016,119.58653537342138,174.8239138236907,4,True,25.95416620373726,1.00337266008357,1.0080831026482282
v8_balanced_common_src2_src1_src5_src4,V0399 named,light_V0399_V_8s_2026_05_20-0008_flat_0p3_late_bias_cal.fits,2461181.690400463,119.61663922763283,171.53141101533774,4,True,26.231166645884514,1.003625241899613,0.9890976196331883
v8_balanced_common_src2_src1_src5_src4,V0399 named,light_V0399_V_8s_2026_05_20-0009_flat_0p3_late_bias_cal.fits,2461181.690591667,115.98883057449807,174.88443647140267,4,True,26.506500095129013,0.9731866644527155,1.0084320929960102
v8_balanced_common_src2_src1_src5_src4,V0399 named,light_V0399_V_8s_2026_05_20-0010_flat_0p3_late_bias_cal.fits,2461181.690783102,118.61780957922885,167.02541285058717,4,True,26.782166808843613,0.9952447134550019,0.9631147863291016
v8_balanced_common_src2_src1_src5_src4,V0399 named,light_V0399_V_8s_2026_05_20-0011_flat_0p3_late_bias_cal.fits,2461181.690974884,119.10571722433622,176.56793062302143,4,True,27.058333083987236,0.9993384284390325,1.0181395864992475
v8_balanced_common_src2_src1_src5_src4,V0399 named,light_V0399_V_8s_2026_05_20-0012_flat_0p3_late_bias_cal.fits,2461181.691166551,118.84022825054024,165.69613895985344,4,True,27.334333062171936,0.9971108835316672,0.9554498249474938
v8_balanced_common_src2_src1_src5_src4,V0399 named,light_V0399_V_8s_2026_05_20-0013_flat_0p3_late_bias_cal.fits,2461181.691357754,119.08073919222082,170.0127251296041,4,True,27.60966584086418,0.9991288540546839,0.980340456232863
v8_balanced_common_src2_src1_src5_src4,V0399 named,light_V0399_V_8s_2026_05_20-0014_flat_0p3_late_bias_cal.fits,2461181.6915494213,118.39104600667623,176.14392796328434,4,True,27.885666489601135,0.9933420881444542,1.015694669740377
v8_balanced_common_src2_src1_src5_src4,V0399 named,light_V0399_V_8s_2026_05_20-0015_flat_0p3_late_bias_cal.fits,2461181.6917408565,119.54756545089658,169.8465646638611,4,True,28.161333203315735,1.0030456888680828,0.9793823289710938
v8_balanced_common_src2_src1_src5_src4,V0399 named,light_V0399_V_8s_2026_05_20-0016_flat_0p3_late_bias_cal.fits,2461181.691932523,118.2153639671246,170.29385431674618,4,True,28.437333181500435,0.9918680546773637,0.9819615249815297
v8_balanced_common_src2_src1_src5_src4,V0399 named,light_V0399_V_8s_2026_05_20-0017_flat_0p3_late_bias_cal.fits,2461181.692123727,117.82928745251573,172.30404772442301,4,True,28.712666630744934,0.9886287383258258,0.9935528568709274
v8_balanced_common_src2_src1_src5_src4,V0399 named,light_V0399_V_8s_2026_05_20-0018_flat_0p3_late_bias_cal.fits,2461181.6923153936,119.81435503513052,173.94259555244093,4,True,28.988666608929634,1.0052841463497675,1.0030011774248973
v8_balanced_common_src2_src1_src5_src4,V0399 named,light_V0399_V_8s_2026_05_20-0019_flat_0p3_late_bias_cal.fits,2461181.6925069443,118.1077018802826,171.9023083768864,4,True,29.264499619603157,0.990964732291382,0.9912363165357819
v8_balanced_common_src2_src1_src5_src4,V0399 named,light_V0399_V_8s_2026_05_20-0020_flat_0p3_late_bias_cal.fits,2461181.692698148,119.1845663439356,169.60211296526973,4,True,29.539833068847656,1.0,0.9779727527788337
v8_balanced_common_src2_src1_src5_src4,V0399 named,light_V0399_V_8s_2026_05_20-0021_flat_0p3_late_bias_cal.fits,2461181.6928898147,119.60218679658581,170.45536801542528,4,True,29.815833047032356,1.0035039809722097,0.982892857697538
v8_balanced_common_src2_src1_src5_src4,V0399 named,light_V0399_V_8s_2026_05_20-0022_flat_0p3_late_bias_cal.fits,2461181.6930810185,119.21065739065085,175.0504700210282,4,True,30.091166496276855,1.000218912964284,1.0093894884242982
v8_balanced_common_src2_src1_src5_src4,V0399 named,light_V0399_V_8s_2026_05_20-0023_flat_0p3_late_bias_cal.fits,2461181.693271991,121.37393224727374,173.44932496269746,4,True,30.366166681051254,1.018369542051445,1.0001568425986263
v8_balanced_common_src2_src1_src5_src4,V0399 named,light_V0399_V_8s_2026_05_20-0024_flat_0p3_late_bias_cal.fits,2461181.6934636575,116.51118722418329,174.76377959863558,4,True,30.642166659235954,0.9775694185769185,1.0077363520530547
v8_balanced_common_src2_src1_src5_src4,V0399 named,light_V0399_V_8s_2026_05_20-0025_flat_0p3_late_bias_cal.fits,2461181.6936555556,118.10499438208002,173.3949250092133,4,True,30.918499901890755,0.9909420154389771,0.9998431574013737
v8_balanced_common_src2_src1_src5_src4,V0399 named,light_V0399_V_8s_2026_05_20-0026_flat_0p3_late_bias_cal.fits,2461181.6938471063,121.44723674939827,176.0083434675166,4,True,31.194332912564278,1.0189845923417062,1.0149128519891604
v8_balanced_common_src2_src1_src5_src4,V0399 named,light_V0399_V_8s_2026_05_20-0027_flat_0p3_late_bias_cal.fits,2461181.6940381946,118.81077809228243,176.005243767827,4,True,31.469500064849854,0.9968637864522282,1.0148949782623229
v8_balanced_common_src2_src1_src5_src4,V0399 named,light_V0399_V_8s_2026_05_20-0028_flat_0p3_late_bias_cal.fits,2461181.6942291665,119.80394639233852,176.64317272841978,4,True,31.744499579072,1.0051968142134742,1.0185734533164397
v8_balanced_common_src2_src1_src5_src4,V0399 named,light_V0399_V_8s_2026_05_20-0029_flat_0p3_late_bias_cal.fits,2461181.694420139,120.06252731977392,173.9941125051806,4,True,32.0194997638464,1.00736639820717,1.003298238441442
v8_balanced_common_src2_src1_src5_src4,V0399 named,light_V0399_V_8s_2026_05_20-0030_flat_0p3_late_bias_cal.fits,2461181.6946113426,118.53438700176662,,4,True,32.2948332130909,0.9945447689905358,
v8_balanced_common_src2_src1_src5_src4,V0399 named,light_V0399_V_8s_2026_05_20-0031_flat_0p3_late_bias_cal.fits,2461181.6948032407,120.86356913491073,,4,True,32.5711664557457,1.0140874178803485,
v8_balanced_common_src2_src1_src5_src4,V0399 named,light_V0399_V_8s_2026_05_20-0032_flat_0p3_late_bias_cal.fits,2461181.6949944445,120.21984135875049,172.36220577406255,4,True,32.846499904990196,1.0086863177554999,0.9938882122913748
v8_balanced_common_src2_src1_src5_src4,V0399 named,light_V0399_V_8s_2026_05_20-0033_flat_0p3_late_bias_cal.fits,2461181.695186111,115.18427718118389,174.72492873058866,4,True,33.122499883174896,0.9664361814162421,1.0075123271885797
v8_balanced_common_src2_src1_src5_src4,V0399 named,light_V0399_V_8s_2026_05_20-0034_flat_0p3_late_bias_cal.fits,2461181.695378125,116.69931701294475,,4,True,33.399000093340874,0.9791478929929646,
v8_balanced_common_src2_src1_src5_src4,V0399 named,light_V0399_V_8s_2026_05_20-0035_flat_0p3_late_bias_cal.fits,2461181.695569792,118.12109080673068,,4,True,33.675000071525574,0.9910770700449921,
v8_balanced_common_src2_src1_src5_src4,V0399 named,light_V0399_V_8s_2026_05_20-0036_flat_0p3_late_bias_cal.fits,2461181.695762153,120.53899140634856,,4,True,33.951999843120575,1.0113640977515868,
v8_balanced_common_src2_src1_src5_src4,V0399 named,light_V0399_V_8s_2026_05_20-0037_flat_0p3_late_bias_cal.fits,2461181.6959542823,119.99937990132352,171.6080230612692,4,True,34.228666350245476,1.0068365693846348,0.9895393859068842
v8_balanced_common_src2_src1_src5_src4,V0399 named,light_V0399_V_8s_2026_05_20-0038_flat_0p3_late_bias_cal.fits,2461181.69614699,121.41904526232652,171.62248840957358,4,True,34.5061656832695,1.018748055951664,0.9896227971112247
v8_balanced_common_src2_src1_src5_src4,V0399 named,light_V0399_V_8s_2026_05_20-0039_flat_0p3_late_bias_cal.fits,2461181.696338542,119.76085377725332,,4,True,34.78200003504753,1.004835252172288,
v8_balanced_common_src2_src1_src5_src4,V0399 named,light_V0399_V_8s_2026_05_20-0040_flat_0p3_late_bias_cal.fits,2461181.6965310187,119.91215569315814,,4,True,35.05916677415371,1.0061047279152144,
v8_balanced_common_src2_src1_src5_src4,V0399 named,light_V0399_V_8s_2026_05_20-0041_flat_0p3_late_bias_cal.fits,2461181.696722801,119.68729435099364,,4,True,35.33533304929733,1.004218062979793,
v8_balanced_common_src2_src1_src5_src4,V0399 named,light_V0399_V_8s_2026_05_20-0042_flat_0p3_late_bias_cal.fits,2461181.696914352,119.0980209345715,172.6993679157437,4,True,35.61116673052311,0.9992738538888134,0.9958323825736178
v8_balanced_common_src2_src1_src5_src4,V0399 named,light_V0399_V_8s_2026_05_20-0043_flat_0p3_late_bias_cal.fits,2461181.697106134,118.84975458801813,,4,True,35.88733300566673,0.9971908128192429,
v8_balanced_common_src2_src1_src5_src4,V0399 named,light_V0399_V_8s_2026_05_20-0044_flat_0p3_late_bias_cal.fits,2461181.6972972224,119.6641363687202,171.50599588175052,4,True,36.16250015795231,1.004023759447181,0.9889510689344855
v8_balanced_common_src2_src1_src5_src4,V0399 named,light_V0399_V_8s_2026_05_20-0045_flat_0p3_late_bias_cal.fits,2461181.6974885417,119.08596354755359,168.1075333010805,4,True,36.43799990415573,0.9991726882145339,0.9693545925278838
v8_balanced_common_src2_src1_src5_src4,V0399 named,light_V0399_V_8s_2026_05_20-0046_flat_0p3_late_bias_cal.fits,2461181.697679977,119.50036129090002,,4,True,36.71366661787033,1.0026496295338536,
v8_balanced_common_src2_src1_src5_src4,V0399 named,light_V0399_V_8s_2026_05_20-0047_flat_0p3_late_bias_cal.fits,2461181.6978716436,120.3068724707058,181.88694088376957,4,True,36.98966659605503,1.0094165390805008,1.0488104727035246
v8_balanced_common_src2_src1_src5_src4,V0399 named,light_V0399_V_8s_2026_05_20-0048_flat_0p3_late_bias_cal.fits,2461181.6980633102,117.99514364176517,168.660749674804,4,True,37.26566657423973,0.9900203294884837,0.9725445913459025
v8_balanced_common_src2_src1_src5_src4,V0399 named,light_V0399_V_8s_2026_05_20-0049_flat_0p3_late_bias_cal.fits,2461181.698254977,120.50493953971647,172.00626390429034,4,True,37.54166655242443,1.011078390737024,0.9918357528961215
v8_balanced_common_src2_src1_src5_src4,V0399 named,light_V0399_V_8s_2026_05_20-0050_flat_0p3_late_bias_cal.fits,2461181.698446412,118.04797279163567,168.2980694198483,4,True,37.81733326613903,0.9904635844458248,0.9704532765555604
v8_balanced_common_src2_src1_src5_src4,V0399 named,light_V0399_V_8s_2026_05_20-0051_flat_0p3_late_bias_cal.fits,2461181.698638773,119.71673633748858,175.71895954357845,4,True,38.09433303773403,1.004465091495297,1.01324418414207
v8_balanced_common_src2_src1_src5_src4,V0399 named,light_V0399_V_8s_2026_05_20-0052_flat_0p3_late_bias_cal.fits,2461181.6988304397,118.65789475362692,172.09165132979302,4,True,38.37033301591873,0.9955810420219272,0.9923281204386689
v8_balanced_common_src2_src1_src5_src4,V0399 named,light_V0399_V_8s_2026_05_20-0053_flat_0p3_late_bias_cal.fits,2461181.6990222223,118.76243669412099,175.82403464432136,4,True,38.64649996161461,0.9964581852939209,1.0138500762723355
v8_balanced_common_src2_src1_src5_src4,V0399 named,light_V0399_V_8s_2026_05_20-0054_flat_0p3_late_bias_cal.fits,2461181.699213773,120.91434305803052,,4,True,38.92233297228813,1.0145134287698228,
v8_balanced_common_src2_src1_src5_src4,V0399 named,light_V0399_V_8s_2026_05_20-0055_flat_0p3_late_bias_cal.fits,2461181.699405208,118.8038210962519,,4,True,39.19799968600273,0.9968054148337884,
v8_balanced_common_src2_src1_src5_src4,V0399 named,light_V0399_V_8s_2026_05_20-0056_flat_0p3_late_bias_cal.fits,2461181.699596991,119.2286066825079,,4,True,39.47416663169861,1.0003695137711472,
v8_balanced_common_src2_src1_src5_src4,V0399 named,light_V0399_V_8s_2026_05_20-0057_flat_0p3_late_bias_cal.fits,2461181.699788773,120.4890194091575,,4,True,39.75033290684223,1.0109448152998064,
v8_balanced_common_src2_src1_src5_src4,V0399 named,light_V0399_V_8s_2026_05_20-0058_flat_0p3_late_bias_cal.fits,2461181.6999804396,119.10668233544396,171.20432479893364,4,True,40.02633288502693,0.9993465260571835,0.9872115499265083
v8_balanced_common_src2_src1_src5_src4,V0399 named,light_V0399_V_8s_2026_05_20-0059_flat_0p3_late_bias_cal.fits,2461181.7001721063,121.16507590202134,,4,True,40.30233286321163,1.0166171646114859,
v8_balanced_common_src2_src1_src5_src4,V0399 named,light_V0399_V_8s_2026_05_20-0060_flat_0p3_late_bias_cal.fits,2461181.7003641203,119.01910824643535,171.24362772235847,4,True,40.57883307337761,0.9986117489656943,0.9874381814674839
v8_balanced_common_src2_src1_src5_src4,V0399 named,light_V0399_V_8s_2026_05_20-0061_flat_0p3_late_bias_cal.fits,2461181.70055544,115.90315785769779,,4,True,40.854333490133286,0.9724678405359255,
v8_balanced_common_src2_src1_src5_src4,V0399 named,light_V0399_V_8s_2026_05_20-0062_flat_0p3_late_bias_cal.fits,2461181.700747222,120.15653908922725,174.43472075859023,4,True,41.13049976527691,1.0081551896785594,1.005838907652163
v8_balanced_common_src2_src1_src5_src4,V0399 named,light_V0399_V_8s_2026_05_20-0063_flat_0p3_late_bias_cal.fits,2461181.70093831,117.70447772768959,174.37403226886468,4,True,41.40566624701023,0.9875815412880318,1.0054889610134023
v8_balanced_common_src2_src1_src5_src4,V0399 named,light_V0399_V_8s_2026_05_20-0064_flat_0p3_late_bias_cal.fits,2461181.701130209,119.73888722617316,174.26684030358913,4,True,41.68200083076954,1.0046509451621273,1.0048708624559997
v8_balanced_common_src2_src1_src5_src4,V0399 named,light_V0399_V_8s_2026_05_20-0065_flat_0p3_late_bias_cal.fits,2461181.7013217593,116.50950835768977,,4,True,41.95783317089081,0.9775553323026211,
v8_balanced_common_src2_src1_src5_src4,V0399 named,light_V0399_V_8s_2026_05_20-0066_flat_0p3_late_bias_cal.fits,2461181.701513542,118.79614838111375,173.0979654616861,4,True,42.234000116586685,0.9967410380828926,0.9981308064106842
v8_balanced_common_src2_src1_src5_src4,V0399 named,light_V0399_V_8s_2026_05_20-0067_flat_0p3_late_bias_cal.fits,2461181.70170544,118.6830448536544,,4,True,42.510333359241486,0.9957920601159554,
v8_balanced_common_src2_src1_src5_src4,V0399 named,light_V0399_V_8s_2026_05_20-0068_flat_0p3_late_bias_cal.fits,2461181.7018971066,117.22149918128092,,4,True,42.786333337426186,0.9835291831579117,
v8_balanced_common_src2_src1_src5_src4,V0399 named,light_V0399_V_8s_2026_05_20-0069_flat_0p3_late_bias_cal.fits,2461181.7020890047,117.86452353027032,175.8865917760756,4,True,43.062666580080986,0.9889243812839325,1.014210798018533
v8_balanced_common_src2_src1_src5_src4,V0399 named,light_V0399_V_8s_2026_05_20-0070_flat_0p3_late_bias_cal.fits,2461181.702280787,119.01654550534454,173.49086008931604,4,True,43.33883285522461,0.9985902466758473,1.000396345641401
v8_balanced_common_src2_src1_src5_src4,V0399 named,light_V0399_V_8s_2026_05_20-0071_flat_0p3_late_bias_cal.fits,2461181.7024725694,121.03938231913779,,4,True,43.61499980092049,1.0155625516969176,
v8_balanced_common_src2_src1_src5_src4,V0399 named,light_V0399_V_8s_2026_05_20-0072_flat_0p3_late_bias_cal.fits,2461181.7026641206,120.05928020630449,,4,True,43.89083348214626,1.0073391537948353,
v8_balanced_common_src2_src1_src5_src4,V0399 named,light_V0399_V_8s_2026_05_20-0073_flat_0p3_late_bias_cal.fits,2461181.7028560187,119.35698558463754,,4,True,44.16716672480106,1.0014466574489551,
v8_balanced_common_src2_src1_src5_src4,V0399 named,light_V0399_V_8s_2026_05_20-0074_flat_0p3_late_bias_cal.fits,2461181.7030475694,120.62633380613754,170.92537401477472,4,True,44.44299973547459,1.012096930889872,0.9856030424527271
v8_balanced_common_src2_src1_src5_src4,V0399 named,light_V0399_V_8s_2026_05_20-0075_flat_0p3_late_bias_cal.fits,2461181.7032395834,119.7710697521891,,4,True,44.719499945640564,1.0049209677581996,
v8_balanced_common_src2_src1_src5_src4,V0399 named,light_V0399_V_8s_2026_05_20-0076_flat_0p3_late_bias_cal.fits,2461181.703431134,120.03405156617171,174.6387916609694,4,True,44.99533295631409,1.0071274767219835,1.0070156369904506
v8_balanced_common_src2_src1_src5_src4,V0399 named,light_V0399_V_8s_2026_05_20-0077_flat_0p3_late_bias_cal.fits,2461181.703622338,116.63933017100702,,4,True,45.270666405558586,0.9786445825075732,
v8_balanced_common_src2_src1_src5_src4,V0399 named,light_V0399_V_8s_2026_05_20-0078_flat_0p3_late_bias_cal.fits,2461181.703814236,120.87322156680894,176.4065745216831,4,True,45.54699964821339,1.0141684051440043,1.017209162533151
v8_balanced_common_src2_src1_src5_src4,V0399 named,light_V0399_V_8s_2026_05_20-0079_flat_0p3_late_bias_cal.fits,2461181.7040060186,121.41737486735303,,4,True,45.823166593909264,1.0187340407563688,
v8_balanced_common_src2_src1_src5_src4,V0399 named,light_V0399_V_8s_2026_05_20-0080_flat_0p3_late_bias_cal.fits,2461181.7041976852,120.96187095702797,,4,True,46.099166572093964,1.0149122043869634,
v8_balanced_common_src2_src1_src5_src4,V0399 named,light_V0399_V_8s_2026_05_20-0081_flat_0p3_late_bias_cal.fits,2461181.704389352,119.15800841713592,,4,True,46.375166550278664,0.9997771697492858,
v8_balanced_common_src2_src1_src5_src4,V0399 named,light_V0399_V_8s_2026_05_20-0082_flat_0p3_late_bias_cal.fits,2461181.704580671,,,4,False,46.650666296482086,,
v8_balanced_common_src2_src1_src5_src4,V0399 named,light_V0399_V_8s_2026_05_20-0083_flat_0p3_late_bias_cal.fits,2461181.704772338,120.07325685840023,,4,True,46.926666274666786,1.0074564227712177,
v8_balanced_common_src2_src1_src5_src4,V0399 named,light_V0399_V_8s_2026_05_20-0084_flat_0p3_late_bias_cal.fits,2461181.704964236,118.48880149555096,170.70078714685152,4,True,47.20299951732159,0.994162290724985,0.9843080123754437
v8_balanced_common_src2_src1_src5_src4,V0399 named,light_V0399_V_8s_2026_05_20-0085_flat_0p3_late_bias_cal.fits,2461181.7051554397,116.38895127507139,,4,True,47.478332966566086,0.9765438164133031,
v8_balanced_common_src2_src1_src5_src4,V0399 named,light_V0399_V_8s_2026_05_20-0086_flat_0p3_late_bias_cal.fits,2461181.705346875,118.78583741039742,174.8017301358832,4,True,47.753999680280685,0.996654525449314,1.0079551853608042
v8_balanced_common_src2_src1_src5_src4,V0399 named,light_V0399_V_8s_2026_05_20-0087_flat_0p3_late_bias_cal.fits,2461181.705539352,120.78242464917142,172.2251817598918,4,True,48.031166419386864,1.0134065873984457,0.9930980938783877
v8_balanced_common_src2_src1_src5_src4,V0399 named,light_V0399_V_8s_2026_05_20-0088_flat_0p3_late_bias_cal.fits,2461181.7057315973,,,4,False,48.30799989402294,,
v8_balanced_common_src2_src1_src5_src4,V0399 named,light_V0399_V_8s_2026_05_20-0089_flat_0p3_late_bias_cal.fits,2461181.705923148,118.98717988917821,173.20617788174894,4,True,48.583832904696465,0.9983438589339849,0.9987547891929941
v8_balanced_common_src2_src1_src5_src4,V0399 named,light_V0399_V_8s_2026_05_20-0090_flat_0p3_late_bias_cal.fits,2461181.7061149306,120.82664850095168,,4,True,48.85999985039234,1.013777640909289,
v8_balanced_common_src2_src1_src5_src4,V0399 named,light_V0399_V_8s_2026_05_20-0091_flat_0p3_late_bias_cal.fits,2461181.706306713,121.33853933650337,,4,True,49.13616679608822,1.018072583209742,
v8_balanced_common_src2_src1_src5_src4,V0399 named,light_V0399_V_8s_2026_05_20-0092_flat_0p3_late_bias_cal.fits,2461181.706498958,122.87975909680249,173.66831448329663,4,True,49.41299960017204,1.0310039535001834,1.001419596821116
v8_balanced_common_src2_src1_src5_src4,V0399 named,light_V0399_V_8s_2026_05_20-0093_flat_0p3_late_bias_cal.fits,2461181.7066908563,119.20088770343915,,4,True,49.68933284282684,1.000136941887731,
v8_balanced_common_src2_src1_src5_src4,V0399 named,light_V0399_V_8s_2026_05_20-0094_flat_0p3_late_bias_cal.fits,2461181.706882639,119.09496033786294,171.10538433988603,4,True,49.96549978852272,0.9992481744170292,0.9866410318391787
v8_balanced_common_src2_src1_src5_src4,V0399 named,light_V0399_V_8s_2026_05_20-0095_flat_0p3_late_bias_cal.fits,2461181.7070737267,118.89968486888267,,4,True,50.24066627025604,0.9976097452565222,
v8_balanced_common_src2_src1_src5_src4,V0399 named,light_V0399_V_8s_2026_05_20-0096_flat_0p3_late_bias_cal.fits,2461181.7072653933,119.82447823672658,,4,True,50.51666624844074,1.0053690835350642,
v8_balanced_common_src2_src1_src5_src4,V0399 named,light_V0399_V_8s_2026_05_20-0097_flat_0p3_late_bias_cal.fits,2461181.707456597,118.93877957574689,,4,True,50.79199969768524,0.9979377634560549,
v8_balanced_common_src2_src1_src5_src4,V0399 named,light_V0399_V_8s_2026_05_20-0098_flat_0p3_late_bias_cal.fits,2461181.7076488426,119.90765591129485,,4,True,51.06883317232132,1.0060669731789988,
v8_balanced_common_src2_src1_src5_src4,V0399 named,light_V0399_V_8s_2026_05_20-0099_flat_0p3_late_bias_cal.fits,2461181.707839815,120.03264121390532,,4,True,51.34383335709572,1.0071156433755222,
v8_balanced_common_src2_src1_src5_src4,V0399 named,light_V0399_V_8s_2026_05_20-0100_flat_0p3_late_bias_cal.fits,2461181.7080314816,118.19674628525792,171.96633776890025,4,True,51.61983333528042,0.9917118458456518,0.9916055277423625
v8_balanced_common_src2_src1_src5_src4,V0399 named,light_V0399_V_8s_2026_05_20-0101_flat_0p3_late_bias_cal.fits,2461181.7082226854,119.4857451809675,,4,True,51.89516678452492,1.002526995283624,
v8_balanced_common_src2_src1_src5_src4,V0399 named,light_V0399_V_8s_2026_05_20-0102_flat_0p3_late_bias_cal.fits,2461181.7084144675,121.1300158188316,175.37681356582564,4,True,52.17133305966854,1.0163229983090423,1.0112712756808198
v8_balanced_common_src2_src1_src5_src4,V0399 named,light_V0399_V_8s_2026_05_20-0103_flat_0p3_late_bias_cal.fits,2461181.7086069444,117.19996184676785,,4,True,52.44849979877472,0.98334847742416,
v8_balanced_common_src2_src1_src5_src4,V0399 named,light_V0399_V_8s_2026_05_20-0104_flat_0p3_late_bias_cal.fits,2461181.708799537,118.11643279795884,176.87613358551323,4,True,52.72583283483982,0.9910379877299347,1.0199167701343619
v8_balanced_common_src2_src1_src5_src4,V0399 named,light_V0399_V_8s_2026_05_20-0105_flat_0p3_late_bias_cal.fits,2461181.7089913194,121.6435740926853,175.50112184444825,4,True,53.0019997805357,1.0206319309972873,1.0119880716411545
v8_balanced_common_src2_src1_src5_src4,V0399 named,light_V0399_V_8s_2026_05_20-0106_flat_0p3_late_bias_cal.fits,2461181.709182986,118.18280961743496,,4,True,53.2779997587204,0.9915949123512365,
v8_balanced_common_src2_src1_src5_src4,V0399 named,light_V0399_V_8s_2026_05_20-0107_flat_0p3_late_bias_cal.fits,2461181.7093744213,118.28246531009962,,4,True,53.553666472435,0.9924310583030294,
v8_balanced_common_src2_src1_src5_src4,V0399 named,light_V0399_V_8s_2026_05_20-0108_flat_0p3_late_bias_cal.fits,2461181.7095659724,118.26997266139023,,4,True,53.829500153660774,0.9923262406316428,
v8_balanced_common_src2_src1_src5_src4,V0399 named,light_V0399_V_8s_2026_05_20-0109_flat_0p3_late_bias_cal.fits,2461181.7097577546,118.43961961239633,,4,True,54.1056664288044,0.9937496376050104,
